Order_ID,Product_ID,Product_Name,Category,Supplier_Name,Warehouse_Location,Order_Date,Shipment_Date,Delivery_Date,Shipping_Mode,Customer_Region,Order_Quantity,Unit_Cost,Unit_Price,Total_Cost,Shipping_Cost,Inventory_Level,Lead_Time_Days,Order_Status,Delivery_Status
10006,P852,Jacket,Apparel,NextGen Supplies,China Hub,01-09-2024,03-09-2024,07-09-2024,Truck,Asia,447,128.39,144.8,57390.33,850.55,438,13,Shipped,On-Time
10159,P403,Sneakers,Automotive,Vertex Distributors,USA warehouse,02-29-2024,01-03-2024,13-03-2024,Air, north america,346,53.74,68.88,18594.04,1873.21,779,-3,Cancelled,On-Time
10425,P390,Laptop,Electronics ,Delta Exporters, China Hub,11-05-2024,15-05-2024,21-05-2024,Express,South America,406,451.14,572.22,183162.84,1140.31,165,-3,Shipped,Late
10092,P135,Jeans,Apparel,Orion Manufacturing,Germany Warehouse,20-06-2024,25-06-2024,08-07-2024,Truck,Asia,346,163.22,279.53 USD,56474.12,1637.89,834,11,Shipped,On-Time
10439,P311,Office Chair,Furniture,Vertex Distributors,China Hub,10-11-2024,11-11-2024,18-11-2024,Truck, north america,24,166.32,$313.32,3991.68,1855.72,504,8,Shipped,Late
10096,P306,Car Battery,Automotive,Delta Exporters,USA warehouse,10-29-2024,31-10-2024,08-11-2024,Truck,Europe,289,267.98,388.13,77446.22,195.57,412,1,Cancelled,Late
10107,P426,Smartphone,apparel,Global Tech Ltd,USA Warehouse,27-10-2024,28-10-2024,05-11-2024,Sea,Europe,393,102.72,184.21,40368.96,1628.82,417,7,Shipped,Late
10202,P575,Chocolate,Electronics ,Orion Manufacturing, China Hub,11-02-2023,13-02-2023,16-02-2023,Sea,EUROPE,120,135.95,173.51,16314,1055.71,-41,12,Returned,On-Time
10471,P984,Jeans,Automotive,NextGen Supplies,China Hub,02-19-2024,20-02-2024,02-03-2024,Truck,Europe,257,16.17,$28.05,4155.69,1232.18,944,-1,Delayed,On-Time
10370,P668,Smartphone,electronics,Delta Exporters,USA Warehouse,05-14-2024,15-05-2024,29-05-2024,Express,Asia,56,398.02,$646.01,22289.12,193.11,187,15,Returned,On-Time
10353,P145,Car Battery,Apparel,Orion Manufacturing,Germany Warehouse,10-27-2023,28-10-2023,03-11-2023,Air,South America,79,51.09,75.51,4036.11,954.13,70,-3,Shipped,Late
10123,P468,Dining Table,Furniture,Prime Wholesale,USA warehouse,05-31-2024,05-06-2024,17-06-2024,Sea,North America,226,174.51,$313.0,39439.26,17420.3,550,9,Delayed,On-Time
10067,P645,Headphones,Automotive,Vertex Distributors,China Hub,27-10-2023,29-10-2023,02-11-2023,Air,Asia,36,102.6,196.4,3693.6,1589.29,507,11,Returned,On-Time
10161,P962,Smartphone,electronics,NextGen Supplies,Brazil Hub,02-12-2023,18-02-2023,23-02-2023,Express,Asia,220,184.43,$309.48,40574.6,1930.41,489,11,Shipped,On-Time
10021,P173,Smartphone,Apparel,Alpha Traders,Germany Warehouse,07-05-2024,08-05-2024,10-05-2024,Sea,Asia,211,189.2,244.43 USD,39921.2,9.49,585,19,Cancelled,On-Time
10103,P322,Tablet,apparel,Global Tech Ltd,India DC,08-15-2023,16-08-2023,22-08-2023,Truck,EUROPE,341,259.05,460.47,88336.05,722.55,543,10,Cancelled,Late
10029,P866,Chocolate,electronics,Prime Wholesale, China Hub,09-08-2023,14-08-2023,19-08-2023,Air, north america,238,409.49,$783.11,97458.62,1314.52,-33,9,Returned,Late
10187,P229,T-shirt,apparel,Orion Manufacturing,Brazil Hub,24-11-2023,01-12-2023,10-12-2023,Truck,Asia,450,474.73,658.77,213628.5,574.95,773,11,Shipped,On-Time
10048,P407,Chocolate,Automotive ,Vertex Distributors, China Hub,07-05-2023,,,Truck, north america,81,36.31,71.84 USD,2941.11,239.8,319,10,Returned,On-Time
10453,P507,Dining Table,Electronics ,NextGen Supplies,India DC,07-03-2023,13-03-2023,19-03-2023,Air,Europe,80,449.55,701.72,35964,1548.82,642,10,Delayed,On-Time
10324,P318,Car Battery,Automotive ,Global Tech Ltd,China Hub,16-10-2024,17-10-2024,01-11-2024,Sea,South America,441,221.42,300.86,97646.22,953.96,154,-3,Shipped,On-Time
10406,P858,T-shirt,apparel,Alpha Traders,India DC,09-11-2024,11-11-2024,19-11-2024,Truck,South America,347,207.81,$369.12,72110.07,606.78,963,7,Returned,On-Time
10005,P176,Brake Pads,Electronics ,Alpha Traders,USA Warehouse,02-19-2024,23-02-2024,09-03-2024,Truck,North America,167,388.47,659.92,64874.49,1044.47,53,8,Cancelled,Late
10053,P985,LED TV,apparel,Orion Manufacturing,Germany Warehouse,18-01-2023,22-01-2023,30-01-2023,Sea,North America,462,253.48,458.04,117107.76,9589.5,947,4,Returned,On-Time
10262,P435,Smartphone,Apparel,NextGen Supplies,Germany Warehouse,10-07-2023,14-07-2023,25-07-2023,Sea,Europe,241,480.32,691.07,115757.12,1082.78,744,1,Cancelled,Late
10074,P983,Headphones,electronics,Prime Wholesale,China Hub,01-06-2024,02-06-2024,11-06-2024,Truck,Asia,226,390.65,$779.46,88286.9,1229.79,542,2,Returned,On-Time
10118,P209,Tablet,Furniture,Orion Manufacturing,USA Warehouse,25-10-2024,29-10-2024,07-11-2024,Air,North America,445,361.96,717.15 USD,161072.2,1497.38,539,16,Shipped,Late
10171,P623,Chocolate,Apparel,Prime Wholesale,Germany Warehouse,14-02-2023,19-02-2023,26-02-2023,Sea,Asia,39,67.94,109.83 USD,2649.66,1998.74,512,20,Returned,Late
10490,P107,Office Chair,Electronics ,Vertex Distributors,USA warehouse,01-11-2024,07-11-2024,18-11-2024,Sea,Asia,258,310.6,557.43,80134.8,1392.13,305,20,Delayed,On-Time
10147,P957,Laptop,apparel,Alpha Traders,Germany Warehouse,06-08-2024,10-06-2024,13-06-2024,Sea, north america,114,16.15,27.77,1841.1,937.2,129,14,Returned,On-Time
10272,P174,T-shirt,apparel,Delta Exporters,China Hub,05-09-2024,11-09-2024,15-09-2024,Sea,South America,86,107.55,155.69,9249.3,380.1,546,1,Cancelled,On-Time
10009,P122,Smartphone,Automotive ,Global Tech Ltd,USA warehouse,01-12-2024,17-01-2024,20-01-2024,Sea,North America,165,278.93,$512.7,46023.45,228.31,294,13,Shipped,Late
10046,P506,Jeans,Furniture,Alpha Traders, China Hub,15-05-2023,17-05-2023,29-05-2023,Sea,Asia,202,204.29,360.66,41266.58,5729,984,-3,Shipped,Late
10468,P664,Headphones,Furniture,Global Tech Ltd,India DC,29-12-2023,05-01-2024,14-01-2024,Truck,Europe,80,208.18,267.09,16654.4,1009.14,367,19,Cancelled,Late
10190,P989,Smartphone,Electronics ,NextGen Supplies,China Hub,01-05-2024,03-05-2024,18-05-2024,Air,Asia,232,170.06,$190.65,39453.92,405.25,-26,15,Shipped,Late
10084,P207,Chocolate,Electronics ,Alpha Traders, China Hub,08-19-2024,24-08-2024,02-09-2024,Air,South America,18,182.69,$344.02,3288.42,231.95,185,4,Returned,Late
10059,P305,Chocolate,Electronics ,Vertex Distributors,Brazil Hub,12-13-2023,18-12-2023,25-12-2023,Express,Europe,84,55.31,67.1 USD,4646.04,1974.87,538,-1,Delayed,Late
10087,P229,Frozen Pizza,Automotive,Alpha Traders, China Hub,12-22-2023,26-12-2023,31-12-2023,Truck,EUROPE,291,121.77,180.68,35435.07,1446.07,30,5,Returned,On-Time
10084,P677,Tablet,electronics,Vertex Distributors,USA warehouse,01-06-2023,02-06-2023,08-06-2023,Truck,Europe,95,20.71,28.11,1967.45,1422.22,817,17,Delayed,On-Time
10228,P202,Brake Pads,apparel,Alpha Traders,India DC,29-07-2023,05-08-2023,19-08-2023,Express,Europe,28,250.23,$416.13,7006.44,1665.48,424,7,Delayed,On-Time
10288,P980,T-shirt,Electronics ,Delta Exporters,USA Warehouse,03-13-2024,17-03-2024,20-03-2024,Truck, north america,45,284.81,$415.95,12816.45,1084.06,933,10,Returned,On-Time
10022,P739,Chocolate,Automotive,Alpha Traders,India DC,27-11-2023,04-12-2023,16-12-2023,Sea, north america,190,385.65,667.96,73273.5,227.23,859,8,Returned,Late
10021,P608,LED TV,Electronics,Global Tech Ltd,India DC,04-01-2023,05-01-2023,17-01-2023,Express,North America,288,35.61,60.54 USD,10255.68,391.01,54,4,Shipped,On-Time
10430,P587,Car Battery,Food,NextGen Supplies,India DC,03-29-2023,,,Express,Asia,20,422.2,821.79 USD,8444,574.25,-14,5,Cancelled,Late
10320,P855,Sofa,Furniture,Prime Wholesale,China Hub,15-01-2024,,,Sea,Asia,264,347.18,498.44,91655.52,16614.2,989,14,Returned,Late
10136,P415,Office Chair,apparel,Orion Manufacturing,China Hub,05-03-2023,09-05-2023,13-05-2023,Air,South America,431,124.77,150.02 USD,53775.87,1454.89,110,9,Returned,On-Time
10398,P756,Sofa,Automotive ,Alpha Traders,China Hub,05-25-2023,30-05-2023,04-06-2023,Truck, north america,72,182.68,261.47 USD,13152.96,794.23,776,17,Cancelled,Late
10475,P212,LED TV,Electronics ,Global Tech Ltd,Brazil Hub,11-09-2024,13-09-2024,19-09-2024,Sea,EUROPE,405,394.87,677.19,159922.35,279.34,529,18,Cancelled,Late
10450,P464,Sofa,electronics,Orion Manufacturing, China Hub,18-06-2024,,,Truck,EUROPE,76,369.18,$516.86,28057.68,1191.8,746,20,Cancelled,On-Time
10241,P965,T-shirt,Electronics ,Orion Manufacturing,USA Warehouse,11-06-2024,12-06-2024,23-06-2024,Sea,EUROPE,144,266.32,519.79 USD,38350.08,735.04,132,10,Returned,Late
10386,P188,T-shirt,electronics,Orion Manufacturing, China Hub,27-01-2024,31-01-2024,14-02-2024,Sea,Asia,221,12.69,21.39 USD,2804.49,1066,391,-1,Returned,Late
10068,P910,LED TV,Electronics,NextGen Supplies,USA Warehouse,03-10-2024,04-10-2024,15-10-2024,Express,Europe,405,232.53,428.01 USD,94174.65,1814.19,821,20,Returned,On-Time
10366,P752,Headphones,apparel,Delta Exporters,India DC,02-23-2023,25-02-2023,28-02-2023,Air,Europe,33,370.29,$622.98,12219.57,961.13,143,19,Delayed,On-Time
10024,P443,Chocolate,Food,Alpha Traders,Germany Warehouse,01-03-2023,02-03-2023,07-03-2023,Express,Asia,57,33.56,$37.69,1912.92,1783.1,982,-2,Returned,Late
10244,P437,Frozen Pizza,Electronics ,NextGen Supplies,China Hub,01-01-2023,03-01-2023,06-01-2023,Sea,Europe,37,314.55,584.57,11638.35,1360.21,41,3,Delayed,On-Time
10063,P641,Office Chair,Automotive,Alpha Traders,Brazil Hub,03-07-2024,04-07-2024,08-07-2024,Air,South America,246,265.87,$478.03,65404.02,1544.95,340,14,Returned,Late
10256,P223,Dining Table,Automotive ,Orion Manufacturing,Germany Warehouse,06-07-2024,13-07-2024,26-07-2024,Air,North America,106,306.55,355.93,32494.3,1898.1,388,14,Delayed,Late
10004,P752,Sneakers,Electronics ,Alpha Traders, China Hub,09-09-2024,13-09-2024,17-09-2024,Truck,South America,478,412.01,803.07,196940.78,2673.1,943,17,Shipped,Late
10258,P226,Office Chair,apparel,Prime Wholesale,Germany Warehouse,20-09-2023,26-09-2023,28-09-2023,Sea,North America,483,390.06,658.52 USD,188398.98,1458.72,925,17,Shipped,On-Time
10244,P206,Car Battery,Electronics ,Delta Exporters,Germany Warehouse,12-06-2024,,,Express,South America,303,147.93,$261.3,44822.79,770.85,614,5,Cancelled,Late
10284,P295,Frozen Pizza,Automotive ,Alpha Traders,USA warehouse,01-19-2024,20-01-2024,28-01-2024,Sea,Asia,272,253.01,381.17,68818.72,1201.54,711,13,Shipped,Late
10107,P293,Brake Pads,Food,Vertex Distributors, China Hub,09-23-2023,,,Air,EUROPE,67,195.08,355.62,13070.36,1600.32,470,11,Delayed,On-Time
10403,P643,Smartphone,apparel,Delta Exporters,USA Warehouse,05-26-2023,29-05-2023,13-06-2023,Truck,EUROPE,202,160.34,294.41 USD,32388.68,202.21,683,19,Cancelled,On-Time
10239,P279,Brake Pads,Electronics ,Orion Manufacturing,Brazil Hub,13-04-2023,16-04-2023,28-04-2023,Sea,Europe,451,258.17,461.31,116434.67,400.32,783,-2,Returned,On-Time
10287,P314,LED TV,Electronics ,Orion Manufacturing,China Hub,07-02-2024,09-07-2024,20-07-2024,Truck,Asia,58,426.12,$511.38,24714.96,287.1,329,6,Cancelled,Late
10357,P170,Jacket,Apparel,Orion Manufacturing,USA warehouse,02-13-2024,19-02-2024,05-03-2024,Air,EUROPE,277,82.12,121.23 USD,22747.24,1256.81,287,20,Cancelled,Late
10337,P291,Jacket,electronics,Vertex Distributors, China Hub,12-23-2023,29-12-2023,02-01-2024,Express, north america,198,496.79,847.68 USD,98364.42,290.93,85,3,Shipped,Late
10037,P761,Brake Pads,Automotive ,NextGen Supplies,India DC,09-09-2024,16-09-2024,24-09-2024,Express,Asia,421,77.37,$148.63,32572.77,295.09,937,6,Cancelled,Late
10355,P790,Chocolate,Electronics ,Delta Exporters,Brazil Hub,12-05-2024,13-05-2024,17-05-2024,Air,North America,139,465.81,571.76,64747.59,1017.6,519,4,Cancelled,On-Time
10222,P760,Chocolate,electronics,Orion Manufacturing,China Hub,25-11-2023,27-11-2023,06-12-2023,Truck, north america,284,135.63,165.4,38518.92,1556.37,944,5,Returned,Late
10214,P748,Office Chair,Food,Vertex Distributors,USA Warehouse,18-12-2023,21-12-2023,26-12-2023,Truck,North America,311,34.44,56.75 USD,10710.84,240.01,911,7,Shipped,On-Time
10470,P846,Office Chair,Automotive ,Alpha Traders,Brazil Hub,22-05-2024,,,Express,Asia,225,32.66,$63.26,7348.5,297.76,131,15,Cancelled,On-Time
10297,P628,T-shirt,Food,Orion Manufacturing,Brazil Hub,01-05-2023,12-01-2023,15-01-2023,Air,Asia,478,78.69,121.5 USD,37613.82,1147.05,76,14,Shipped,On-Time
10013,P113,Frozen Pizza,electronics,Prime Wholesale, China Hub,03-07-2023,08-07-2023,23-07-2023,Sea,South America,231,12.04,20.79 USD,2781.24,141.14,634,1,Shipped,Late
10476,P558,Jeans,apparel,NextGen Supplies, China Hub,03-12-2023,08-12-2023,17-12-2023,Truck, north america,393,154.95,190.61 USD,60895.35,1548.32,592,10,Cancelled,On-Time
10135,P859,Sofa,Automotive,Vertex Distributors,China Hub,05-22-2024,25-05-2024,29-05-2024,Express, north america,325,201.95,$256.13,65633.75,366.39,165,20,Shipped,On-Time
10093,P831,Laptop,Food,Prime Wholesale, China Hub,10-02-2023,17-02-2023,23-02-2023,Express, north america,267,442.94,736.67 USD,118264.98,479.29,347,11,Returned,Late
10192,P477,Tablet,Electronics,Global Tech Ltd,India DC,01-14-2024,16-01-2024,18-01-2024,Truck,South America,152,167.7,$193.67,25490.4,204.4,695,18,Returned,On-Time
10471,P908,Sofa,Furniture,Vertex Distributors,China Hub,04-07-2024,08-07-2024,21-07-2024,Sea,South America,387,355.63,688.14,137628.81,834.06,84,10,Cancelled,Late
10189,P770,Chocolate,apparel,Vertex Distributors,USA warehouse,16-05-2023,20-05-2023,26-05-2023,Sea, north america,98,425.62,590.51 USD,41710.76,908.84,357,2,Delayed,On-Time
10092,P841,Dining Table,Apparel,Alpha Traders,Brazil Hub,04-08-2023,11-04-2023,19-04-2023,Truck,EUROPE,254,70.62,133.48,17937.48,144.27,274,5,Returned,On-Time
10335,P571,Engine Oil,electronics,Orion Manufacturing, China Hub,11-08-2024,,,Air, north america,431,417.35,$465.15,179877.85,461.48,583,5,Returned,Late
10081,P271,Dining Table,Electronics ,Global Tech Ltd,Brazil Hub,02-02-2024,06-02-2024,14-02-2024,Sea, north america,417,223.51,247.12,93203.67,565.95,144,7,Returned,On-Time
10091,P333,T-shirt,Furniture,Global Tech Ltd,USA warehouse,06-04-2023,12-04-2023,18-04-2023,Truck,South America,237,110.61,$141.26,26214.57,702.23,75,19,Shipped,On-Time
10470,P428,T-shirt,Electronics ,Delta Exporters,USA Warehouse,03-03-2023,08-03-2023,17-03-2023,Express, north america,349,75.15,110.37,26227.35,1740.81,772,16,Cancelled,On-Time
10132,P206,Dining Table,apparel,Orion Manufacturing, China Hub,11-08-2023,17-08-2023,26-08-2023,Sea,North America,369,482.89,546.04,178186.41,75.9,61,8,Shipped,Late
10382,P928,Jeans,Food,Alpha Traders, China Hub,08-08-2023,11-08-2023,16-08-2023,Truck,North America,462,115.87,144.85,53531.94,1538.38,732,19,Cancelled,Late
10447,P202,LED TV,Automotive,Orion Manufacturing,China Hub,07-04-2024,10-04-2024,16-04-2024,Truck,South America,77,387.39,605.74 USD,29829.03,1805.85,-44,19,Delayed,Late
10321,P598,Chocolate,Electronics ,NextGen Supplies,USA Warehouse,06-07-2023,13-07-2023,25-07-2023,Air,Europe,413,195.72,316.49,80832.36,1924.19,879,9,Delayed,On-Time
10124,P362,Dining Table,Food,Global Tech Ltd,USA warehouse,07-25-2023,01-08-2023,14-08-2023,Express,EUROPE,339,441.58,699.02,149695.62,1657.31,152,12,Shipped,Late
10418,P622,Brake Pads,Food,Alpha Traders,Brazil Hub,01-01-2023,03-01-2023,05-01-2023,Air,North America,227,212.8,420.79 USD,48305.6,1899.13,501,10,Delayed,Late
10243,P206,Tablet,electronics,Global Tech Ltd, China Hub,30-08-2023,04-09-2023,19-09-2023,Air,EUROPE,384,79.36,137.97,30474.24,327.26,993,5,Delayed,On-Time
10212,P581,Office Chair,Food,Global Tech Ltd, China Hub,07-16-2024,19-07-2024,27-07-2024,Air,EUROPE,463,17.67,$30.81,8181.21,1859.14,151,7,Cancelled,Late
10339,P192,Frozen Pizza,Electronics ,Orion Manufacturing, China Hub,09-19-2023,24-09-2023,06-10-2023,Express, north america,301,303.16,$538.06,91251.16,66.53,815,12,Returned,Late
10444,P718,LED TV,Electronics ,Delta Exporters,China Hub,07-11-2023,12-11-2023,26-11-2023,Truck,North America,201,479.28,713.79,96335.28,1344.89,794,-3,Cancelled,On-Time
10153,P888,Dining Table,apparel,Alpha Traders,USA warehouse,02-23-2023,24-02-2023,03-03-2023,Air,North America,30,179.2,314.9,5376,645.59,626,14,Returned,On-Time
10061,P912,Smartphone,electronics,Delta Exporters,Brazil Hub,07-04-2023,13-04-2023,25-04-2023,Truck,EUROPE,247,100.76,138.77,24887.72,472.3,32,13,Returned,Late
10058,P939,Dining Table,electronics,Prime Wholesale,USA Warehouse,29-11-2024,01-12-2024,04-12-2024,Truck,North America,190,497.38,558.26,94502.2,138.73,643,18,Delayed,Late
10072,P217,Office Chair,electronics,Delta Exporters,USA Warehouse,19-01-2023,25-01-2023,30-01-2023,Sea,Europe,476,220.75,247.27,105077,1087.88,104,8,Cancelled,Late
10288,P901,Sneakers,Automotive ,Prime Wholesale,Brazil Hub,03-06-2023,08-03-2023,23-03-2023,Truck,EUROPE,71,166.98,206.08,11855.58,1872.08,224,10,Shipped,Late
10225,P247,Jeans,Furniture,Vertex Distributors, China Hub,01-08-2024,09-01-2024,13-01-2024,Express, north america,405,302.41,$334.76,122476.05,208.79,552,6,Delayed,Late
10390,P858,Sneakers,Automotive,Global Tech Ltd,USA warehouse,01-04-2024,07-04-2024,20-04-2024,Truck,Europe,476,131.22,204.39,62460.72,523.5,893,6,Shipped,On-Time
10298,P339,Laptop,Automotive,Orion Manufacturing,USA warehouse,05-24-2024,28-05-2024,05-06-2024,Express,EUROPE,357,451.85,681.56,161310.45,1864.03,448,17,Cancelled,On-Time
10048,P562,Jeans,Electronics ,Global Tech Ltd,Brazil Hub,19-01-2023,24-01-2023,06-02-2023,Express,South America,172,439.38,$526.35,75573.36,1419.72,533,12,Delayed,Late
10369,P479,Car Battery,electronics,Vertex Distributors, China Hub,09-05-2023,12-09-2023,26-09-2023,Sea,Europe,398,344.82,671.4,137238.36,1130.38,841,6,Delayed,On-Time
10049,P499,Smartphone,Electronics ,Prime Wholesale,Germany Warehouse,13-09-2023,20-09-2023,04-10-2023,Truck,North America,437,260.96,356.58,114039.52,104.99,643,14,Returned,Late
10006,P483,Headphones,Electronics ,Global Tech Ltd,Germany Warehouse,29-01-2023,05-02-2023,15-02-2023,Express,North America,362,357.45,470.19,129396.9,1278.46,237,-1,Delayed,On-Time
10471,P272,LED TV,Food,Vertex Distributors,Germany Warehouse,18-04-2024,19-04-2024,24-04-2024,Air,South America,408,83.84,$142.97,34206.72,38.35,684,19,Shipped,Late
10013,P745,Brake Pads,Apparel,Vertex Distributors,USA warehouse,05-26-2023,28-05-2023,02-06-2023,Truck, north america,293,53.5,63.57 USD,15675.5,503.56,516,17,Delayed,Late
10026,P909,Frozen Pizza,apparel,Orion Manufacturing, China Hub,03-10-2024,05-10-2024,19-10-2024,Truck,South America,483,326.9,411.28,157892.7,549.65,118,6,Returned,Late
10080,P658,LED TV,electronics,Alpha Traders,Brazil Hub,16-12-2023,19-12-2023,28-12-2023,Sea,South America,378,276.68,476.72,104585.04,1630.21,283,9,Cancelled,On-Time
10353,P791,T-shirt,Automotive ,NextGen Supplies,Brazil Hub,30-03-2023,03-04-2023,12-04-2023,Truck,South America,12,269.08,522.42 USD,3228.96,1031.68,864,18,Shipped,On-Time
10080,P265,Brake Pads,Furniture,Alpha Traders,USA Warehouse,11-20-2024,25-11-2024,29-11-2024,Sea,Europe,261,482.47,943.81 USD,125924.67,1313.7,901,17,Shipped,Late
10290,P374,Jeans,Automotive ,Global Tech Ltd, China Hub,12-10-2023,17-12-2023,28-12-2023,Air,South America,316,46.06,$60.46,14554.96,144.22,518,10,Shipped,On-Time
10253,P450,Laptop,Electronics ,Alpha Traders,USA warehouse,26-02-2024,04-03-2024,16-03-2024,Express, north america,196,288.02,552.67 USD,56451.92,1624.79,590,11,Cancelled,Late
10393,P128,Smartphone,electronics,NextGen Supplies,Germany Warehouse,09-21-2023,25-09-2023,06-10-2023,Sea,EUROPE,94,316.58,412.73 USD,29758.52,573.46,171,3,Delayed,On-Time
10264,P325,Tablet,Electronics,Orion Manufacturing,USA warehouse,03-02-2024,10-02-2024,15-02-2024,Express,Europe,147,387.28,$525.0,56930.16,15.96,492,3,Delayed,On-Time
10400,P448,Frozen Pizza,Electronics ,Prime Wholesale,USA warehouse,20-10-2023,23-10-2023,30-10-2023,Express,EUROPE,41,125.67,$146.71,5152.47,1674.84,460,10,Shipped,Late
10154,P747,Laptop,Food,Delta Exporters,China Hub,01-20-2024,26-01-2024,10-02-2024,Sea,EUROPE,74,324.84,$387.12,24038.16,1906.24,457,-2,Returned,On-Time
10128,P933,Frozen Pizza,Furniture,Prime Wholesale,Brazil Hub,05-29-2024,01-06-2024,10-06-2024,Sea,EUROPE,198,496.9,859.16,98386.2,755.22,613,0,Returned,On-Time
10160,P207,T-shirt,Electronics,Delta Exporters,USA warehouse,09-09-2023,11-09-2023,18-09-2023,Sea,North America,105,263.24,326.47,27640.2,1653.08,795,1,Cancelled,On-Time
10253,P515,Chocolate,electronics,Prime Wholesale,India DC,30-09-2023,03-10-2023,06-10-2023,Truck,North America,146,245.74,422.1 USD,35878.04,43.98,806,20,Cancelled,On-Time
10125,P781,Office Chair,Food,Alpha Traders,USA warehouse,15-07-2024,19-07-2024,22-07-2024,Express,Asia,309,459.85,$605.66,142093.65,1800.22,638,8,Returned,On-Time
10183,P729,Sneakers,Automotive,Global Tech Ltd,Brazil Hub,25-03-2023,28-03-2023,31-03-2023,Truck,Asia,201,219.81,258.74,44181.81,208.86,487,8,Cancelled,On-Time
10321,P617,Chocolate,Electronics,Global Tech Ltd,Germany Warehouse,11-04-2023,17-04-2023,28-04-2023,Truck,South America,146,44.84,53.48,6546.64,1993.67,56,-1,Cancelled,Late
10348,P748,Jacket,Electronics,Vertex Distributors, China Hub,13-02-2023,17-02-2023,03-03-2023,Express,North America,238,387.58,706.08 USD,92244.04,1605.94,546,16,Cancelled,Late
10158,P210,Chocolate,apparel,Delta Exporters,India DC,03-21-2024,22-03-2024,04-04-2024,Express, north america,12,10.62,13.93 USD,127.44,1579.85,248,13,Shipped,On-Time
10207,P868,Chocolate,Electronics ,Alpha Traders,USA warehouse,08-07-2024,14-08-2024,23-08-2024,Sea,North America,372,340.31,378.88,126595.32,321.68,34,0,Shipped,Late
10046,P191,Tablet,electronics,Orion Manufacturing,China Hub,05-07-2024,,,Sea, north america,343,403.66,$466.43,138455.38,1823.19,-43,19,Delayed,On-Time
10255,P128,Frozen Pizza,apparel,Delta Exporters,USA warehouse,18-09-2023,25-09-2023,03-10-2023,Sea,EUROPE,193,479.15,790.45,92475.95,517.5,658,12,Shipped,On-Time
10259,P466,Smartphone,Automotive ,Global Tech Ltd,USA Warehouse,06-01-2023,08-06-2023,13-06-2023,Air,Asia,193,365.28,$432.3,70499.04,1640.4,627,17,Returned,Late
10191,P461,Jacket,apparel,Delta Exporters,USA Warehouse,08-28-2024,29-08-2024,07-09-2024,Express,Europe,488,446.54,742.25,217911.52,1901.23,123,0,Shipped,On-Time
10355,P369,Frozen Pizza,Food,Delta Exporters,Brazil Hub,15-09-2023,19-09-2023,21-09-2023,Express,Europe,494,223.06,$246.4,110191.64,480.53,60,7,Cancelled,Late
10118,P117,T-shirt,Automotive ,Global Tech Ltd,China Hub,07-26-2023,27-07-2023,01-08-2023,Truck,EUROPE,38,315.64,$474.85,11994.32,494.94,12,11,Shipped,Late
10009,P459,Car Battery,Automotive ,Orion Manufacturing,USA warehouse,16-07-2023,21-07-2023,23-07-2023,Sea,EUROPE,338,341.9,631.15,115562.2,1231.05,868,12,Shipped,On-Time
10015,P651,LED TV,Automotive ,Prime Wholesale,USA Warehouse,17-07-2023,23-07-2023,05-08-2023,Air,Asia,353,27.11,47.74,9569.83,1201.23,-16,8,Cancelled,On-Time
10373,P829,Smartphone,Electronics ,Delta Exporters, China Hub,13-10-2024,15-10-2024,23-10-2024,Sea,North America,380,94.86,179.62,36046.8,1248.06,350,-1,Shipped,Late
10001,P676,Frozen Pizza,apparel,Vertex Distributors,China Hub,02-19-2023,25-02-2023,28-02-2023,Sea,North America,158,98.49,$152.62,15561.42,625,671,-1,Shipped,On-Time
10351,P856,T-shirt,Automotive,Alpha Traders, China Hub,12-04-2023,14-04-2023,16-04-2023,Air,Europe,329,116.63,$142.22,38371.27,1226.79,524,0,Shipped,On-Time
10248,P208,Headphones,Electronics ,Alpha Traders,USA Warehouse,31-07-2024,01-08-2024,10-08-2024,Truck, north america,315,341.64,387.91,107616.6,641.17,432,9,Returned,On-Time
10090,P956,Laptop,Automotive ,Vertex Distributors,USA warehouse,23-08-2023,30-08-2023,01-09-2023,Air,EUROPE,444,80.74,109.46 USD,35848.56,787.47,522,15,Cancelled,Late
10153,P591,Frozen Pizza,Automotive,Orion Manufacturing,China Hub,08-09-2024,13-09-2024,25-09-2024,Truck, north america,396,459.19,697.6 USD,181839.24,818.61,875,6,Cancelled,On-Time
10122,P325,Tablet,Automotive,Prime Wholesale,Brazil Hub,04-05-2023,12-04-2023,22-04-2023,Express,EUROPE,379,347.98,669.79,131884.42,1088.53,149,20,Shipped,On-Time
10067,P477,Laptop,Automotive,NextGen Supplies,China Hub,23-06-2023,26-06-2023,30-06-2023,Sea,South America,55,41.94,69.1 USD,2306.7,1671.67,534,14,Shipped,Late
10260,P342,Laptop,electronics,Delta Exporters,USA warehouse,18-09-2023,20-09-2023,02-10-2023,Air,South America,196,8.56,16.73 USD,1677.76,92.41,576,-2,Cancelled,On-Time
10360,P912,Car Battery,Automotive ,NextGen Supplies,Germany Warehouse,24-04-2023,,,Truck,EUROPE,21,494.86,622.88,10392.06,1976.12,570,1,Returned,On-Time
10139,P469,Car Battery,Furniture,Global Tech Ltd, China Hub,04-01-2024,04-04-2024,19-04-2024,Truck, north america,133,419.27,554.88,55762.91,223.06,762,13,Shipped,Late
10358,P957,T-shirt,Electronics,Vertex Distributors, China Hub,03-01-2024,05-01-2024,17-01-2024,Express,Europe,20,16.33,24.05 USD,326.6,74.16,887,13,Delayed,Late
10249,P662,Office Chair,Furniture,NextGen Supplies, China Hub,11-04-2023,11-11-2023,24-11-2023,Sea,Europe,325,136.33,174.9,44307.25,34.96,566,8,Shipped,Late
10374,P960,Jacket,Automotive ,Orion Manufacturing,India DC,30-09-2023,05-10-2023,10-10-2023,Truck,South America,467,175.58,$236.03,81995.86,1716.42,226,13,Returned,Late
10383,P904,Brake Pads,Automotive ,Orion Manufacturing,India DC,12-06-2023,18-06-2023,27-06-2023,Truck, north america,367,114.26,180.6,41933.42,1370.09,651,-2,Shipped,On-Time
10493,P514,Brake Pads,Electronics,Prime Wholesale,China Hub,25-11-2023,26-11-2023,09-12-2023,Air,EUROPE,18,84.06,122.16,1513.08,706.3,41,12,Returned,Late
10398,P538,Dining Table,apparel,Alpha Traders,Brazil Hub,06-07-2023,13-07-2023,27-07-2023,Express,Asia,25,300.04,338.66 USD,7501,490.34,267,10,Shipped,Late
10064,P701,Sneakers,Automotive,Orion Manufacturing,USA warehouse,04-07-2023,07-07-2023,12-07-2023,Air,Asia,486,371.02,483.05,180315.72,1353.36,579,0,Returned,On-Time
10198,P228,LED TV,Food,Delta Exporters,Germany Warehouse,17-08-2023,22-08-2023,31-08-2023,Sea,Europe,162,434.94,$633.83,70460.28,864.65,160,12,Shipped,On-Time
10027,P632,Car Battery,Food,Delta Exporters,India DC,14-09-2023,15-09-2023,29-09-2023,Express,Europe,354,134.63,151.86,47659.02,16.51,804,6,Shipped,Late
10165,P927,Brake Pads,Automotive ,Vertex Distributors,China Hub,05-04-2024,07-04-2024,13-04-2024,Truck, north america,245,298.56,$490.67,73147.2,275.08,800,19,Shipped,Late
10120,P815,Chocolate,Furniture,Prime Wholesale,USA warehouse,07-02-2024,03-07-2024,07-07-2024,Air, north america,215,330.69,413.57 USD,71098.35,497.76,770,14,Returned,Late
10211,P894,Chocolate,Food,Prime Wholesale,China Hub,22-09-2024,23-09-2024,25-09-2024,Air,South America,383,191.11,$364.93,73195.13,951.52,566,9,Cancelled,On-Time
10370,P486,Brake Pads,Electronics ,Alpha Traders,India DC,17-09-2023,22-09-2023,05-10-2023,Air, north america,423,283.02,$504.97,119717.46,1124.83,195,0,Shipped,On-Time
10033,P115,Tablet,Apparel,Prime Wholesale,USA Warehouse,11-11-2024,18-11-2024,03-12-2024,Truck,North America,43,306.25,$541.78,13168.75,14.17,744,20,Shipped,Late
10180,P527,Jacket,Food,Vertex Distributors,Germany Warehouse,08-08-2024,15-08-2024,19-08-2024,Sea, north america,401,432.19,577.96,173308.19,267.63,68,11,Shipped,Late
10347,P940,Engine Oil,Apparel,Global Tech Ltd,Germany Warehouse,06-25-2023,02-07-2023,11-07-2023,Express,South America,361,208.06,355.12 USD,75109.66,1813.04,374,16,Cancelled,On-Time
10146,P517,Smartphone,Electronics ,Global Tech Ltd,Brazil Hub,03-07-2023,08-07-2023,15-07-2023,Truck,EUROPE,62,183.02,293.8,11347.24,730.99,183,6,Delayed,Late
10352,P620,Dining Table,apparel,Alpha Traders,China Hub,10-01-2024,16-01-2024,23-01-2024,Truck,Europe,86,208.82,332.04,17958.52,1276.96,747,-2,Delayed,Late
10436,P638,Sneakers,Automotive,Delta Exporters,Brazil Hub,12-08-2024,14-08-2024,17-08-2024,Truck,Asia,272,201.23,331.57,54734.56,100.27,912,17,Cancelled,Late
10234,P297,Jacket,Automotive,Global Tech Ltd,Brazil Hub,06-07-2023,07-07-2023,19-07-2023,Sea,Asia,490,304.29,$395.5,149102.1,1816.42,831,14,Shipped,On-Time
10202,P658,Sneakers,electronics,Delta Exporters,India DC,29-10-2023,31-10-2023,03-11-2023,Truck,Asia,419,234.71,407.02 USD,98343.49,811.06,77,-1,Shipped,Late
10393,P351,Car Battery,apparel,Orion Manufacturing,USA warehouse,01-27-2024,28-01-2024,10-02-2024,Sea,South America,28,498.88,899.33,13968.64,1963.24,211,-3,Shipped,Late
10070,P696,Frozen Pizza,Electronics ,Vertex Distributors,Brazil Hub,24-12-2023,31-12-2023,15-01-2024,Air,EUROPE,89,359.97,708.79,32037.33,1181.66,272,6,Delayed,On-Time
10468,P961,Smartphone,apparel,Global Tech Ltd,Germany Warehouse,22-09-2023,27-09-2023,01-10-2023,Truck,Asia,317,376.73,437.96,119423.41,198.04,619,10,Cancelled,On-Time
10085,P997,Sofa,apparel,Alpha Traders,Germany Warehouse,01-27-2024,28-01-2024,09-02-2024,Truck,Asia,228,432.95,$654.21,98712.6,271.13,941,-2,Returned,Late
10491,P177,Engine Oil,Furniture,Alpha Traders,Germany Warehouse,11-24-2024,28-11-2024,04-12-2024,Express,North America,142,325.57,449.88,46230.94,1885.4,201,6,Returned,On-Time
10279,P300,Jacket,Food,Global Tech Ltd,India DC,03-17-2024,24-03-2024,01-04-2024,Sea,North America,59,121.19,211.88,7150.21,472.46,864,1,Returned,On-Time
10076,P642,Frozen Pizza,apparel,Global Tech Ltd,China Hub,31-01-2024,03-02-2024,06-02-2024,Truck,EUROPE,55,47.28,55.06,2600.4,159.85,816,8,Shipped,Late
10416,P166,Jacket,Apparel,Prime Wholesale,USA Warehouse,27-06-2024,28-06-2024,10-07-2024,Air,North America,206,463.47,734.49,95474.82,472.12,340,9,Delayed,On-Time
10159,P147,Headphones,Automotive ,Prime Wholesale,Germany Warehouse,06-29-2024,03-07-2024,11-07-2024,Sea,North America,415,219.44,304.06 USD,91067.6,341.74,37,8,Shipped,Late
10067,P573,Sofa,Furniture,NextGen Supplies,USA Warehouse,22-02-2024,29-02-2024,13-03-2024,Express,North America,435,13.18,15.92,5733.3,1476.64,249,8,Cancelled,On-Time
10475,P419,Tablet,Food,Alpha Traders,Brazil Hub,25-02-2024,29-02-2024,07-03-2024,Sea,North America,233,314.3,389.7,73231.9,1275.4,497,5,Delayed,Late
10029,P817,Sofa,Apparel,Alpha Traders,USA warehouse,01-06-2024,09-01-2024,17-01-2024,Express,Europe,310,15.39,22.35,4770.9,1695.83,555,6,Delayed,Late
10371,P617,Sofa,Electronics ,Orion Manufacturing,USA warehouse,08-30-2023,31-08-2023,06-09-2023,Express,Europe,28,286.29,$346.93,8016.12,876.14,553,2,Cancelled,On-Time
10393,P249,Car Battery,Automotive ,Global Tech Ltd, China Hub,03-20-2024,26-03-2024,07-04-2024,Sea,Asia,330,340.68,488.48,112424.4,1108.62,675,2,Shipped,On-Time
10291,P309,Car Battery,Automotive ,Global Tech Ltd, China Hub,23-10-2024,26-10-2024,30-10-2024,Air,Asia,308,21.58,31.33 USD,6646.64,1021.62,716,-2,Returned,On-Time
10116,P312,T-shirt,Automotive,Orion Manufacturing,India DC,11-07-2023,12-07-2023,21-07-2023,Truck,North America,61,403.83,465.24 USD,24633.63,1417.69,522,10,Returned,On-Time
10101,P576,Office Chair,Electronics ,Alpha Traders, China Hub,15-09-2023,19-09-2023,26-09-2023,Express,Asia,144,330.67,404.33,47616.48,1213.94,581,17,Cancelled,On-Time
10450,P394,Engine Oil,apparel,Global Tech Ltd,USA warehouse,06-08-2023,07-08-2023,21-08-2023,Truck,South America,292,25.96,$34.97,7580.32,1835.19,301,19,Cancelled,Late
10375,P676,Office Chair,Automotive ,NextGen Supplies,USA Warehouse,04-20-2024,23-04-2024,27-04-2024,Express, north america,56,362.84,$704.31,20319.04,238.59,951,19,Cancelled,Late
10338,P105,Smartphone,Food,Prime Wholesale,China Hub,28-09-2024,04-10-2024,19-10-2024,Truck,Europe,126,389.08,572.67,49024.08,1288.3,-9,13,Delayed,Late
10131,P390,Sneakers,Furniture,Orion Manufacturing,China Hub,09-12-2023,19-09-2023,26-09-2023,Air,Asia,35,221.48,$345.72,7751.8,840.27,540,19,Returned,On-Time
10203,P395,Laptop,Automotive ,Delta Exporters,Brazil Hub,14-09-2024,20-09-2024,30-09-2024,Truck,Europe,487,334.52,$378.08,162911.24,1896.52,105,15,Cancelled,Late
10078,P169,Jeans,Food,Delta Exporters,USA Warehouse,07-03-2023,08-03-2023,20-03-2023,Truck,North America,395,130.54,218.38,51563.3,22.43,567,5,Returned,On-Time
10244,P516,Sofa,Furniture,Vertex Distributors, China Hub,31-12-2023,05-01-2024,13-01-2024,Air,South America,96,402.93,$715.85,38681.28,574.13,421,10,Cancelled,On-Time
10449,P502,Frozen Pizza,electronics,Global Tech Ltd,Germany Warehouse,10-06-2024,13-06-2024,15-06-2024,Truck, north america,445,380.44,716.73 USD,169295.8,1685.96,243,-1,Cancelled,On-Time
10251,P837,Jeans,Furniture,Vertex Distributors, China Hub,01-07-2023,04-07-2023,07-07-2023,Truck,EUROPE,251,224.82,290.45 USD,56429.82,1127.39,62,5,Returned,Late
10399,P608,Chocolate,Electronics ,Orion Manufacturing, China Hub,11-21-2023,25-11-2023,04-12-2023,Air, north america,294,103.8,164.35,30517.2,565.02,299,19,Shipped,On-Time
10047,P726,Headphones,Electronics,Orion Manufacturing,USA Warehouse,11-21-2023,23-11-2023,30-11-2023,Express,EUROPE,244,9.27,16.46,2261.88,11679.9,706,-3,Delayed,Late
10193,P784,Frozen Pizza,Automotive ,Delta Exporters,USA warehouse,31-10-2023,04-11-2023,15-11-2023,Air,EUROPE,337,115.23,$157.92,38832.51,424.94,23,14,Returned,Late
10127,P288,Engine Oil,Electronics,Global Tech Ltd,Brazil Hub,12-08-2024,19-08-2024,28-08-2024,Truck,Europe,271,343.55,$565.79,93102.05,10049.7,475,11,Returned,Late
10406,P178,Tablet,electronics,Orion Manufacturing,Germany Warehouse,11-12-2023,17-12-2023,27-12-2023,Express,EUROPE,318,211.14,$377.35,67142.52,1886.19,225,6,Cancelled,Late
10373,P195,LED TV,Electronics,Orion Manufacturing,Brazil Hub,06-02-2023,07-02-2023,15-02-2023,Air,Asia,231,321.75,548.6,74324.25,1296.06,759,2,Shipped,Late
10182,P548,Headphones,Apparel,Global Tech Ltd,USA Warehouse,04-07-2023,07-07-2023,15-07-2023,Air,Europe,230,388.46,$582.71,89345.8,456.65,478,6,Delayed,On-Time
10418,P968,Smartphone,Electronics,NextGen Supplies,USA warehouse,15-03-2023,22-03-2023,27-03-2023,Express,EUROPE,66,300.66,564.66 USD,19843.56,1770.66,888,15,Shipped,Late
10488,P299,Smartphone,Electronics,NextGen Supplies,USA Warehouse,07-06-2023,09-06-2023,21-06-2023,Air, north america,221,309.37,444.51,68370.77,557.28,239,10,Returned,On-Time
10159,P581,Office Chair,Automotive,Orion Manufacturing,USA Warehouse,11-03-2024,,,Sea,Europe,308,97.32,107.38,29974.56,1033.88,644,16,Shipped,On-Time
10340,P847,Jacket,Automotive ,Vertex Distributors,India DC,11-09-2024,,,Air,North America,90,90.14,107.93,8112.6,74.46,76,-2,Shipped,On-Time
10441,P613,Dining Table,Automotive ,Delta Exporters,Brazil Hub,03-03-2023,,,Truck,South America,488,212.61,$407.7,103753.68,1230.92,61,16,Shipped,Late
10387,P622,Office Chair,apparel,Alpha Traders,Germany Warehouse,01-03-2024,07-01-2024,10-01-2024,Truck,South America,107,184.89,254.34,19783.23,1162.73,619,0,Shipped,Late
10089,P193,Tablet,Electronics ,Vertex Distributors, China Hub,02-06-2024,08-06-2024,18-06-2024,Air,South America,14,124.17,192.6 USD,1738.38,1843.51,900,1,Cancelled,On-Time
10104,P888,T-shirt,Furniture,Prime Wholesale,USA Warehouse,01-16-2023,20-01-2023,25-01-2023,Truck,South America,194,325.95,511.22,63234.3,1310.98,254,4,Cancelled,Late
10139,P968,Sofa,Automotive ,Alpha Traders,USA warehouse,05-11-2023,06-11-2023,10-11-2023,Express,Europe,425,465.81,519.76 USD,197969.25,1502.35,797,14,Returned,Late
10358,P862,Dining Table,Furniture,Global Tech Ltd,Brazil Hub,03-20-2024,,,Sea,EUROPE,328,241.93,360.87 USD,79353.04,1764.61,373,5,Cancelled,Late
10471,P764,Chocolate,Automotive,Delta Exporters, China Hub,05-13-2024,19-05-2024,30-05-2024,Truck,South America,281,487.84,877.76 USD,137083.04,665.7,592,16,Returned,On-Time
10167,P713,LED TV,apparel,NextGen Supplies, China Hub,10-20-2023,22-10-2023,31-10-2023,Express,South America,318,271.74,$465.79,86413.32,618.69,-17,17,Shipped,Late
10385,P389,Brake Pads,Electronics ,Global Tech Ltd,USA warehouse,28-10-2023,,,Express, north america,437,391.45,$598.01,171063.65,442.91,194,1,Returned,On-Time
10201,P414,Jeans,Furniture,Delta Exporters,USA Warehouse,26-06-2024,01-07-2024,04-07-2024,Sea,Europe,415,44.06,84.54 USD,18284.9,708.97,283,2,Cancelled,Late
10106,P260,Jacket,electronics,NextGen Supplies,USA Warehouse,13-01-2023,16-01-2023,24-01-2023,Truck, north america,69,69.95,108.36,4826.55,845.26,87,8,Shipped,On-Time
10015,P468,LED TV,Electronics,Vertex Distributors,India DC,03-01-2023,06-01-2023,20-01-2023,Air, north america,146,236.83,375.91,34577.18,1690.53,524,-3,Cancelled,On-Time
10039,P132,Brake Pads,Automotive ,NextGen Supplies,USA warehouse,25-09-2023,02-10-2023,06-10-2023,Truck,South America,373,482.96,$827.76,180144.08,830.32,286,2,Shipped,Late
10044,P691,Jeans,Automotive ,Orion Manufacturing,China Hub,23-07-2023,,,Sea,North America,20,322.4,597.12,6448,125.08,924,-2,Delayed,On-Time
10245,P813,Brake Pads,Electronics ,Alpha Traders,Germany Warehouse,04-26-2023,01-05-2023,03-05-2023,Express,Europe,65,135.22,258.04,8789.3,1779.12,473,10,Delayed,Late
10409,P526,Frozen Pizza,Electronics ,Orion Manufacturing,Germany Warehouse,16-09-2023,19-09-2023,27-09-2023,Express,South America,87,490.13,630.38,42641.31,1535.75,434,4,Shipped,Late
10467,P819,Engine Oil,Furniture,Alpha Traders,USA Warehouse,29-03-2024,,,Express,Europe,168,165.5,311.42 USD,27804,773.23,729,12,Cancelled,Late
10145,P733,Car Battery,Electronics,Delta Exporters,USA warehouse,05-11-2024,,,Sea,EUROPE,172,196.37,282.35,33775.64,878.89,458,11,Returned,Late
10393,P752,T-shirt,Furniture,Vertex Distributors,USA Warehouse,04-07-2024,08-07-2024,15-07-2024,Truck,EUROPE,157,93.89,125.7 USD,14740.73,1175.61,394,11,Delayed,Late
10500,P330,Headphones,Electronics,Orion Manufacturing,Germany Warehouse,31-03-2023,07-04-2023,09-04-2023,Air,Asia,41,45.79,59.42 USD,1877.39,1762.04,554,9,Delayed,Late
10153,P303,T-shirt,Automotive ,Prime Wholesale,USA Warehouse,07-16-2023,17-07-2023,20-07-2023,Air,Asia,363,126.72,202.16 USD,45999.36,1700.2,161,10,Shipped,On-Time
10295,P924,Dining Table,Electronics,Orion Manufacturing,Germany Warehouse,07-02-2023,10-02-2023,21-02-2023,Truck,Asia,230,499.76,603.01 USD,114944.8,1933.81,124,-1,Returned,Late
10116,P358,Smartphone,Automotive,Prime Wholesale, China Hub,12-21-2023,26-12-2023,05-01-2024,Air,Asia,445,65.51,98.79,29151.95,267.12,700,5,Returned,On-Time
10382,P467,LED TV,Automotive ,Alpha Traders, China Hub,03-11-2023,15-03-2023,30-03-2023,Truck,Europe,54,264.56,$403.39,14286.24,1516.09,277,18,Shipped,Late
10306,P496,Laptop,Electronics ,Alpha Traders,India DC,09-02-2023,16-02-2023,22-02-2023,Sea,Asia,66,123.46,222.76 USD,8148.36,464.27,907,-1,Returned,Late
10428,P125,Smartphone,Furniture,Global Tech Ltd, China Hub,01-25-2023,29-01-2023,10-02-2023,Truck, north america,147,111.66,124.77,16414.02,4925.4,36,15,Returned,Late
10140,P237,Sneakers,Food,Delta Exporters, China Hub,11-07-2023,18-07-2023,23-07-2023,Express,EUROPE,362,476.42,902.21,172464.04,407.74,245,9,Shipped,On-Time
10190,P958,Frozen Pizza,Electronics,NextGen Supplies,India DC,26-11-2024,02-12-2024,10-12-2024,Truck,Europe,363,482.24,$870.61,175053.12,627.55,541,1,Shipped,Late
10298,P209,T-shirt,electronics,Vertex Distributors,Germany Warehouse,14-06-2023,16-06-2023,01-07-2023,Air, north america,70,455.13,747.86 USD,31859.1,1596.79,773,1,Returned,On-Time
10356,P834,T-shirt,electronics,Global Tech Ltd, China Hub,26-11-2024,28-11-2024,08-12-2024,Truck,North America,86,352.36,$459.96,30302.96,1036.6,995,4,Shipped,On-Time
10402,P610,Sofa,Food,Prime Wholesale,USA warehouse,14-04-2024,20-04-2024,25-04-2024,Truck,Asia,374,128.8,160.88 USD,48171.2,412.7,484,5,Delayed,Late
10487,P562,Laptop,Automotive,NextGen Supplies,USA Warehouse,07-06-2023,08-06-2023,10-06-2023,Air,North America,197,459.57,840.51,90535.29,1811.21,156,15,Cancelled,Late
10386,P530,Laptop,Electronics ,Global Tech Ltd,Brazil Hub,11-09-2024,16-09-2024,23-09-2024,Express, north america,322,189.92,309.14 USD,61154.24,779.67,796,3,Returned,On-Time
10449,P205,Car Battery,Food,Alpha Traders,Brazil Hub,03-07-2024,07-07-2024,22-07-2024,Truck,South America,335,41.83,$62.22,14013.05,46.75,601,20,Returned,On-Time
10394,P257,Office Chair,Automotive ,Orion Manufacturing, China Hub,29-08-2024,31-08-2024,04-09-2024,Express,Europe,128,79.22,104.17,10140.16,716.39,549,16,Returned,Late
10266,P629,Office Chair,electronics,Alpha Traders, China Hub,25-10-2024,30-10-2024,02-11-2024,Truck,North America,138,402.37,557.98,55527.06,1295.25,532,7,Shipped,On-Time
10126,P415,Dining Table,Furniture,Global Tech Ltd,USA warehouse,06-03-2024,13-03-2024,19-03-2024,Express,North America,7,69.04,86.75 USD,483.28,1215.82,409,2,Cancelled,Late
10307,P187,LED TV,Food,Prime Wholesale,China Hub,01-01-2023,07-01-2023,16-01-2023,Truck,South America,309,97.28,189.75,30059.52,1951.77,547,11,Cancelled,On-Time
10119,P160,Chocolate,electronics,Vertex Distributors,India DC,03-12-2023,10-12-2023,19-12-2023,Express, north america,154,210.71,349.21,32449.34,652.12,3,8,Shipped,Late
10308,P199,Jeans,Apparel,NextGen Supplies,Brazil Hub,03-26-2023,29-03-2023,03-04-2023,Sea,North America,18,419.49,631.43 USD,7550.82,1685.43,589,4,Returned,On-Time
10094,P843,Dining Table,Apparel,NextGen Supplies,USA warehouse,08-30-2023,06-09-2023,13-09-2023,Express,EUROPE,460,35.1,$61.37,16146,1294.36,604,13,Delayed,On-Time
10067,P703,Car Battery,apparel,Prime Wholesale,Germany Warehouse,01-05-2023,02-05-2023,15-05-2023,Express,Europe,63,327.72,392.91,20646.36,1510.46,676,11,Cancelled,On-Time
10450,P813,Laptop,Automotive,Orion Manufacturing,China Hub,26-06-2023,27-06-2023,06-07-2023,Air,North America,398,432.09,596.65,171971.82,16.44,233,16,Returned,On-Time
10270,P123,Tablet,Automotive,Orion Manufacturing,China Hub,10-16-2024,18-10-2024,31-10-2024,Express,Asia,273,427.93,$488.82,116824.89,152.17,591,-1,Cancelled,On-Time
10390,P150,Sneakers,Apparel,Orion Manufacturing,USA Warehouse,12-26-2023,31-12-2023,06-01-2024,Air,South America,321,446.34,703.92,143275.14,838.58,845,3,Shipped,Late
10269,P746,Dining Table,Furniture,Alpha Traders,China Hub,11-03-2024,12-03-2024,23-03-2024,Sea,EUROPE,227,69.25,127.41 USD,15719.75,1010.6,559,16,Cancelled,On-Time
10175,P497,T-shirt,Apparel,Vertex Distributors, China Hub,14-10-2024,18-10-2024,25-10-2024,Air,Asia,355,255.73,322.3,90784.15,1366.12,381,7,Cancelled,On-Time
10255,P922,Sofa,Automotive,Global Tech Ltd,Germany Warehouse,03-26-2024,29-03-2024,02-04-2024,Express,EUROPE,371,460.56,809.32,170867.76,1322.88,285,19,Cancelled,Late
10412,P216,Laptop,Automotive ,Vertex Distributors,China Hub,24-11-2023,26-11-2023,04-12-2023,Air,Europe,406,38.37,$56.06,15578.22,182.99,275,12,Returned,On-Time
10443,P221,Frozen Pizza,Apparel,Alpha Traders,Brazil Hub,14-03-2024,20-03-2024,02-04-2024,Express,North America,165,198.77,364.42,32797.05,812.02,160,-3,Delayed,On-Time
10335,P522,Brake Pads,Automotive ,Delta Exporters,China Hub,05-09-2024,10-05-2024,24-05-2024,Express,Asia,178,421.16,679.77,74966.48,1984.22,211,20,Delayed,On-Time
10258,P203,Car Battery,Automotive ,Orion Manufacturing,USA warehouse,06-10-2024,09-10-2024,15-10-2024,Air,Europe,372,256.78,449.02,95522.16,1445.1,600,-3,Delayed,Late
10101,P285,Jacket,apparel,Global Tech Ltd,USA Warehouse,16-03-2024,19-03-2024,02-04-2024,Express,South America,56,41.75,$51.15,2338,14.87,162,3,Delayed,Late
10468,P396,Frozen Pizza,Electronics,Alpha Traders,China Hub,07-14-2024,20-07-2024,26-07-2024,Sea,EUROPE,35,318.22,597.04 USD,11137.7,685.84,29,9,Shipped,On-Time
10080,P504,T-shirt,Electronics,Alpha Traders,Brazil Hub,16-06-2024,18-06-2024,30-06-2024,Air, north america,56,167.56,317.8,9383.36,759.17,68,9,Delayed,Late
10380,P744,Smartphone,electronics,Alpha Traders,USA warehouse,23-02-2024,,,Truck, north america,75,50.33,83.63,3774.75,1729.74,402,-1,Returned,On-Time
10052,P583,Brake Pads,Electronics ,NextGen Supplies,Germany Warehouse,01-20-2024,21-01-2024,03-02-2024,Truck,South America,309,76.03,141.41 USD,23493.27,458.02,679,20,Shipped,Late
10044,P718,T-shirt,Automotive,Alpha Traders,USA warehouse,09-28-2024,05-10-2024,09-10-2024,Truck,EUROPE,13,49.24,$97.74,640.12,1730.35,259,0,Delayed,On-Time
10189,P879,Dining Table,Electronics ,Global Tech Ltd,USA Warehouse,20-10-2024,24-10-2024,27-10-2024,Air,North America,352,15.11,19.36 USD,5318.72,944.17,873,17,Returned,On-Time
10492,P225,Jeans,apparel,Vertex Distributors,Brazil Hub,07-12-2023,12-12-2023,17-12-2023,Truck,North America,399,111.68,128.33,44560.32,1326.93,421,6,Delayed,On-Time
10352,P339,Sneakers,Apparel,Alpha Traders, China Hub,11-11-2024,13-11-2024,20-11-2024,Truck,South America,167,167.46,227.33,27965.82,88.16,526,15,Delayed,Late
10102,P393,Tablet,apparel,Global Tech Ltd,Germany Warehouse,26-02-2023,,,Sea,Europe,459,286.04,464.91,131292.36,842.12,80,17,Returned,Late
10010,P814,Smartphone,Furniture,NextGen Supplies,China Hub,19-01-2024,24-01-2024,01-02-2024,Express,Asia,353,81.71,94.8,28843.63,915.48,631,9,Delayed,Late
10000,P191,Smartphone,electronics,Global Tech Ltd,Germany Warehouse,21-07-2024,27-07-2024,10-08-2024,Air,EUROPE,198,199.58,325.48,39516.84,862.56,894,4,Returned,Late
10141,P358,Headphones,Electronics,Delta Exporters,USA warehouse,06-30-2024,05-07-2024,20-07-2024,Express,Asia,335,421.33,$611.16,141145.55,529.92,285,6,Returned,On-Time
10396,P169,Laptop,Electronics ,Prime Wholesale,Brazil Hub,25-03-2023,27-03-2023,31-03-2023,Truck, north america,388,127.61,165.44,49512.68,12793.5,597,-2,Cancelled,On-Time
10094,P866,T-shirt,Food,NextGen Supplies,USA warehouse,21-10-2024,27-10-2024,29-10-2024,Express,South America,76,254.05,291.39,19307.8,1037.01,952,15,Cancelled,Late
10288,P922,LED TV,Food,Delta Exporters,China Hub,05-11-2024,09-11-2024,22-11-2024,Express,EUROPE,416,470.17,918.29,195590.72,1227.18,753,8,Delayed,On-Time
10361,P898,Office Chair,Automotive ,Alpha Traders,India DC,03-17-2024,20-03-2024,04-04-2024,Truck,Europe,151,190.03,$320.53,28694.53,567.57,638,9,Cancelled,Late
10134,P571,Chocolate,Electronics,Alpha Traders,India DC,04-21-2024,25-04-2024,02-05-2024,Air,Asia,16,77.86,150.79,1245.76,738.76,910,-1,Shipped,Late
10347,P424,Dining Table,Electronics ,Delta Exporters,USA Warehouse,07-20-2023,26-07-2023,07-08-2023,Express,North America,211,167.13,320.64,35264.43,1968.85,420,6,Returned,Late
10248,P263,Brake Pads,Automotive,Alpha Traders,USA Warehouse,07-10-2024,13-07-2024,27-07-2024,Truck, north america,119,105.09,199.32,12505.71,1942.04,452,7,Returned,On-Time
10136,P674,Sneakers,Food,Vertex Distributors,China Hub,12-11-2023,12-12-2023,14-12-2023,Express,Europe,137,135.53,$166.42,18567.61,1900.59,930,18,Cancelled,Late
10448,P342,Frozen Pizza,Food,Alpha Traders,USA warehouse,30-03-2024,,,Sea,North America,289,201.07,$320.48,58109.23,986.04,163,13,Shipped,Late
10165,P574,Sofa,Apparel,Global Tech Ltd,Germany Warehouse,04-11-2024,18-04-2024,01-05-2024,Sea, north america,437,131.16,246.57,57316.92,1033.02,798,14,Shipped,Late
10188,P835,Jacket,Furniture,Delta Exporters,USA warehouse,09-05-2023,12-09-2023,15-09-2023,Truck,South America,284,224.18,283.24,63667.12,254.9,570,10,Cancelled,Late
10203,P198,Sneakers,Apparel,Orion Manufacturing,China Hub,16-09-2023,20-09-2023,27-09-2023,Truck,North America,122,49.61,87.91,6052.42,517.32,200,20,Returned,On-Time
10394,P878,Sofa,Electronics,Vertex Distributors,India DC,11-05-2024,,,Express,Europe,357,491.02,932.08 USD,175294.14,923.37,678,13,Returned,Late
10127,P961,Tablet,Food,NextGen Supplies,China Hub,12-01-2024,18-01-2024,21-01-2024,Express,EUROPE,156,164.03,214.3,25588.68,15525.5,392,17,Delayed,On-Time
10463,P745,LED TV,Automotive ,Orion Manufacturing,India DC,26-12-2023,,,Sea,South America,136,355.06,497.93 USD,48288.16,1819.56,268,0,Cancelled,On-Time
10413,P818,Headphones,Automotive,Global Tech Ltd,China Hub,13-05-2024,19-05-2024,21-05-2024,Truck,North America,481,161.96,263.29,77902.76,500.38,779,0,Returned,On-Time
10489,P571,Dining Table,Furniture,Vertex Distributors,Brazil Hub,18-07-2024,,,Truck,North America,141,338.07,552.44,47667.87,1731.08,828,0,Delayed,On-Time
10045,P535,Jacket,electronics,Vertex Distributors, China Hub,27-05-2024,31-05-2024,02-06-2024,Express, north america,428,31.31,$46.26,13400.68,1527.14,960,16,Delayed,Late
10122,P861,Laptop,Electronics ,Global Tech Ltd,Brazil Hub,17-05-2023,23-05-2023,07-06-2023,Air,EUROPE,170,196.52,330.52,33408.4,950.34,176,18,Returned,Late
10140,P129,Jacket,Electronics,Vertex Distributors,USA Warehouse,09-16-2023,,,Express, north america,354,304.19,592.14 USD,107683.26,631.2,629,19,Cancelled,On-Time
10364,P428,Brake Pads,Food,Alpha Traders, China Hub,06-16-2023,18-06-2023,27-06-2023,Air,Europe,31,137.12,$191.24,4250.72,1034.02,317,-1,Cancelled,Late
10362,P356,T-shirt,Automotive,Global Tech Ltd,India DC,27-08-2024,03-09-2024,06-09-2024,Sea,Europe,75,455.26,749.54,34144.5,1803.41,98,2,Delayed,Late
10427,P912,Jeans,Furniture,Orion Manufacturing, China Hub,18-05-2023,24-05-2023,01-06-2023,Truck,EUROPE,102,224.39,318.74,22887.78,13.54,41,7,Cancelled,On-Time
10259,P159,Frozen Pizza,Furniture,Alpha Traders,India DC,23-05-2023,25-05-2023,31-05-2023,Sea,EUROPE,480,20.16,37.71,9676.8,1593.92,20,-2,Cancelled,On-Time
10412,P568,Sneakers,Apparel,Delta Exporters,USA Warehouse,08-31-2024,06-09-2024,09-09-2024,Sea,Europe,383,273.27,376.13,104662.41,126.32,200,19,Cancelled,Late
10306,P312,Dining Table,Furniture,Orion Manufacturing,Brazil Hub,02-07-2023,,,Air,North America,308,169.19,238.4 USD,52110.52,903.48,228,15,Cancelled,On-Time
10287,P828,Engine Oil,Furniture,NextGen Supplies,India DC,20-10-2024,21-10-2024,04-11-2024,Express, north america,176,340.86,502.35 USD,59991.36,1418.67,581,0,Shipped,Late
10416,P750,Chocolate,Automotive ,Global Tech Ltd,USA warehouse,11-20-2024,24-11-2024,07-12-2024,Truck,EUROPE,83,414.18,795.54,34376.94,851.74,181,20,Shipped,On-Time
10071,P231,LED TV,Automotive ,Delta Exporters,USA warehouse,03-26-2024,28-03-2024,01-04-2024,Sea,South America,302,123.01,201.53 USD,37149.02,1968.58,371,2,Shipped,Late
10032,P365,Engine Oil,Furniture,Delta Exporters,USA Warehouse,11-18-2024,21-11-2024,29-11-2024,Air,Asia,119,10.7,14.43,1273.3,925.84,109,11,Delayed,Late
10335,P614,Dining Table,Electronics,Global Tech Ltd,USA Warehouse,19-10-2024,23-10-2024,04-11-2024,Truck,Europe,330,407.82,$765.37,134580.6,1546.48,-47,0,Cancelled,Late
10334,P556,Engine Oil,Electronics ,Vertex Distributors,Germany Warehouse,14-09-2023,21-09-2023,25-09-2023,Sea,North America,215,426.53,532.46 USD,91703.95,1850.57,673,-1,Cancelled,On-Time
10130,P860,Office Chair,Apparel,Prime Wholesale,Germany Warehouse,08-28-2023,01-09-2023,16-09-2023,Sea,Europe,86,288.56,$539.17,24816.16,1673.74,922,9,Returned,Late
10234,P323,Frozen Pizza,Electronics ,Prime Wholesale,India DC,09-25-2023,28-09-2023,10-10-2023,Truck,Europe,271,29.33,47.58,7948.43,1095.91,279,-3,Cancelled,Late
10432,P862,Office Chair,apparel,Vertex Distributors,USA Warehouse,26-01-2024,31-01-2024,10-02-2024,Express,Europe,301,223.51,427.93,67276.51,1612.07,973,12,Returned,Late
10279,P810,Brake Pads,Furniture,Global Tech Ltd,USA Warehouse,30-09-2023,01-10-2023,05-10-2023,Express,South America,371,302.48,361.95,112220.08,1244.5,650,19,Delayed,Late
10292,P747,Engine Oil,apparel,Orion Manufacturing,USA warehouse,23-12-2023,,,Express,Asia,241,306.8,465.67,73938.8,645.68,855,20,Cancelled,On-Time
10117,P597,Office Chair,apparel,Vertex Distributors, China Hub,15-05-2023,19-05-2023,23-05-2023,Truck,Europe,152,127.87,236.12 USD,19436.24,608.4,615,13,Returned,On-Time
10274,P136,Sneakers,Electronics,Alpha Traders,USA Warehouse,06-04-2024,13-04-2024,21-04-2024,Truck,South America,441,417.17,784.28,183971.97,667.95,752,13,Delayed,On-Time
10251,P627,Smartphone,Food,Alpha Traders,USA Warehouse,26-03-2024,,,Sea,Europe,275,217.46,$330.66,59801.5,346.85,64,3,Delayed,Late
10216,P819,LED TV,Automotive,Global Tech Ltd,China Hub,08-24-2023,29-08-2023,03-09-2023,Sea,Europe,76,110.16,218.08 USD,8372.16,655.8,454,20,Shipped,On-Time
10474,P345,T-shirt,Electronics ,Delta Exporters,USA Warehouse,07-04-2023,05-07-2023,10-07-2023,Truck,Europe,175,7.14,10.69 USD,1249.5,1446.74,275,7,Shipped,Late
10438,P745,LED TV,Electronics ,Prime Wholesale,USA Warehouse,01-24-2023,31-01-2023,07-02-2023,Express, north america,218,111.97,175.46,24409.46,761.38,715,8,Cancelled,Late
10353,P595,T-shirt,Automotive,Global Tech Ltd, China Hub,12-09-2024,15-09-2024,22-09-2024,Air,North America,394,98.46,108.78,38793.24,1272.46,884,16,Returned,On-Time
10224,P326,Jeans,Automotive ,Global Tech Ltd,Germany Warehouse,06-14-2023,21-06-2023,01-07-2023,Express,South America,252,305.93,498.96,77094.36,601.18,-30,16,Returned,On-Time
10022,P239,Jacket,Electronics,Alpha Traders,China Hub,26-01-2023,31-01-2023,07-02-2023,Truck,South America,174,86.95,98.31,15129.3,1894.44,654,19,Cancelled,Late
10160,P331,LED TV,Electronics,Alpha Traders,Brazil Hub,22-11-2024,29-11-2024,11-12-2024,Express,South America,413,494.23,674.44,204116.99,1046.95,918,3,Shipped,Late
10366,P476,Sneakers,Electronics,Vertex Distributors,China Hub,10-02-2024,05-10-2024,12-10-2024,Air,EUROPE,32,285.86,$437.96,9147.52,1243.55,893,12,Delayed,On-Time
10456,P391,Office Chair,Electronics,Global Tech Ltd,India DC,04-01-2023,08-01-2023,13-01-2023,Sea,South America,69,304.6,463.94,21017.4,1721.17,182,17,Returned,Late
10486,P814,Dining Table,electronics,Alpha Traders,India DC,15-11-2024,21-11-2024,03-12-2024,Express,Europe,11,430.67,614.1,4737.37,1015.03,656,5,Delayed,On-Time
10198,P577,Sneakers,Apparel,Vertex Distributors,USA warehouse,15-12-2023,17-12-2023,30-12-2023,Air,South America,393,110.54,220.56,43442.22,729.13,830,2,Shipped,Late
10414,P922,Jeans,Apparel,Orion Manufacturing,Brazil Hub,27-04-2023,,,Truck,Asia,322,451.05,589.27,145238.1,80.86,555,14,Delayed,On-Time
10086,P661,Tablet,Furniture,Delta Exporters,USA warehouse,09-06-2024,13-06-2024,25-06-2024,Sea,EUROPE,302,275.81,325.9 USD,83294.62,1377.96,-9,-1,Cancelled,On-Time
10277,P539,Car Battery,electronics,Delta Exporters,USA Warehouse,25-01-2024,01-02-2024,14-02-2024,Air,Europe,255,351.85,617.41,89721.75,245.79,631,0,Shipped,On-Time
10422,P940,Jacket,electronics,NextGen Supplies,USA Warehouse,02-11-2023,06-11-2023,09-11-2023,Express,Europe,134,163.78,256.01 USD,21946.52,1830.85,919,15,Shipped,On-Time
10342,P996,LED TV,Apparel,Prime Wholesale,USA warehouse,23-11-2024,26-11-2024,30-11-2024,Truck,EUROPE,228,249.57,$343.0,56901.96,1660.73,430,13,Returned,Late
10385,P465,Laptop,Electronics ,Vertex Distributors,China Hub,09-09-2023,13-09-2023,27-09-2023,Air, north america,423,244.3,286.44,103338.9,943.15,225,-3,Shipped,On-Time
10065,P563,Chocolate,Apparel,Global Tech Ltd,USA warehouse,08-14-2023,15-08-2023,17-08-2023,Sea,North America,472,374.13,736.24 USD,176589.36,1029.51,942,9,Shipped,On-Time
10155,P794,Tablet,Automotive ,Global Tech Ltd,China Hub,06-10-2023,,,Air,Europe,218,80.05,107.25 USD,17450.9,1655.83,414,0,Cancelled,Late
10165,P903,Jacket,Food,Alpha Traders,USA warehouse,08-21-2023,27-08-2023,01-09-2023,Sea,South America,176,491.17,942.85 USD,86445.92,1489.04,-20,10,Shipped,On-Time
10443,P292,T-shirt,apparel,Alpha Traders,Germany Warehouse,04-11-2023,10-11-2023,23-11-2023,Air,Europe,379,45.97,72.23,17422.63,926.12,574,14,Shipped,Late
10020,P803,Sofa,Apparel,Orion Manufacturing, China Hub,21-10-2023,24-10-2023,01-11-2023,Sea,EUROPE,259,164.99,252.84,42732.41,531.81,414,4,Delayed,On-Time
10140,P972,Office Chair,Automotive,Orion Manufacturing,USA warehouse,03-13-2023,,,Express, north america,285,199.81,$260.53,56945.85,1029.62,191,11,Cancelled,On-Time
10089,P832,LED TV,apparel,Global Tech Ltd,India DC,09-09-2024,10-09-2024,22-09-2024,Express,South America,266,105.05,158.33,27943.3,1175.43,730,19,Shipped,Late
10464,P221,Jacket,Automotive ,Alpha Traders,Brazil Hub,12-29-2023,02-01-2024,12-01-2024,Air, north america,496,350.99,635.99 USD,174091.04,331.04,746,-3,Shipped,Late
10294,P527,Tablet,apparel,Orion Manufacturing,Germany Warehouse,19-06-2024,23-06-2024,01-07-2024,Truck,Europe,173,122.33,$149.24,21163.09,1533.34,255,-3,Delayed,On-Time
10229,P929,Sofa,Apparel,Orion Manufacturing,China Hub,01-11-2023,05-11-2023,19-11-2023,Sea,EUROPE,500,355.55,614.2,177775,979.05,664,8,Delayed,Late
10212,P497,Sofa,Furniture,Global Tech Ltd,China Hub,06-11-2024,10-11-2024,22-11-2024,Sea,Asia,383,498.8,722.5,191040.4,1371.45,795,3,Shipped,On-Time
10063,P807,T-shirt,electronics,NextGen Supplies,USA warehouse,08-07-2024,12-07-2024,23-07-2024,Sea,Europe,213,162.85,296.56 USD,34687.05,301.2,119,14,Cancelled,Late
10466,P436,Sneakers,Apparel,Global Tech Ltd,Germany Warehouse,10-07-2024,14-07-2024,25-07-2024,Air,EUROPE,349,182.28,268.06,63615.72,543.36,613,18,Returned,Late
10068,P741,Tablet,Electronics,Global Tech Ltd,USA Warehouse,27-08-2023,29-08-2023,11-09-2023,Truck, north america,348,488.43,$798.2,169973.64,916.92,739,13,Delayed,Late
10049,P755,Smartphone,apparel,Orion Manufacturing,USA warehouse,21-10-2023,23-10-2023,04-11-2023,Truck,EUROPE,34,343.79,641.11,11688.86,550.19,312,-3,Returned,Late
10225,P168,Dining Table,electronics,Global Tech Ltd,China Hub,20-05-2023,21-05-2023,27-05-2023,Truck, north america,425,216.34,301.41 USD,91944.5,154.9,232,5,Shipped,On-Time
10434,P890,Dining Table,Automotive,NextGen Supplies,China Hub,09-05-2023,15-05-2023,20-05-2023,Truck,Europe,19,250.88,287.68,4766.72,1471.39,973,14,Cancelled,On-Time
10264,P676,Sofa,Apparel,Prime Wholesale,USA Warehouse,09-21-2023,24-09-2023,06-10-2023,Truck,Asia,41,322.79,448.52,13234.39,1727.06,195,7,Delayed,Late
10115,P542,Dining Table,apparel,NextGen Supplies,India DC,03-26-2023,31-03-2023,09-04-2023,Express,North America,242,408.54,$676.78,98866.68,503.32,698,-2,Cancelled,On-Time
10335,P443,Sneakers,Electronics ,Alpha Traders,USA warehouse,25-04-2024,28-04-2024,07-05-2024,Sea,Asia,363,127.73,197.38,46365.99,1864.96,513,5,Delayed,Late
10180,P865,Brake Pads,Automotive ,Orion Manufacturing,Germany Warehouse,21-05-2023,23-05-2023,06-06-2023,Truck,EUROPE,259,183.31,322.9 USD,47477.29,1711.24,306,12,Cancelled,On-Time
10147,P433,Frozen Pizza,Automotive,Global Tech Ltd,Brazil Hub,08-06-2024,14-06-2024,25-06-2024,Air,South America,229,418.75,786.74,95893.75,606.56,295,4,Returned,On-Time
10222,P969,Tablet,electronics,Global Tech Ltd,USA warehouse,18-10-2024,23-10-2024,04-11-2024,Sea,Asia,140,260.49,505.26,36468.6,217.78,976,3,Delayed,On-Time
10323,P119,Jacket,apparel,Vertex Distributors,Germany Warehouse,07-11-2024,12-11-2024,21-11-2024,Truck,South America,300,13.06,21.71,3918,218.34,804,10,Cancelled,Late
10177,P525,Frozen Pizza,Food,Delta Exporters,China Hub,18-01-2023,22-01-2023,02-02-2023,Sea,South America,374,166.98,243.8,62450.52,435.33,489,5,Cancelled,On-Time
10251,P710,Chocolate,Electronics ,Alpha Traders, China Hub,17-11-2023,20-11-2023,28-11-2023,Truck,South America,86,272.1,$405.01,23400.6,272.6,117,13,Cancelled,On-Time
10122,P742,Chocolate,Furniture,Vertex Distributors,USA Warehouse,08-10-2024,10-10-2024,18-10-2024,Air,Asia,467,191.96,303.06 USD,89645.32,962.9,346,19,Cancelled,On-Time
10358,P318,Jeans,Apparel,NextGen Supplies,Germany Warehouse,10-01-2024,12-01-2024,27-01-2024,Air,South America,450,147.59,211.06,66415.5,329.07,280,16,Returned,On-Time
10129,P971,T-shirt,Automotive,NextGen Supplies,Brazil Hub,06-02-2024,07-06-2024,13-06-2024,Express,EUROPE,235,197.86,242.59,46497.1,1102.67,344,4,Cancelled,Late
10220,P702,Tablet,apparel,NextGen Supplies,China Hub,28-01-2023,01-02-2023,15-02-2023,Sea, north america,97,161.37,$225.14,15652.89,1706.23,115,13,Returned,On-Time
10230,P147,Engine Oil,Furniture,NextGen Supplies,USA Warehouse,09-06-2024,13-06-2024,27-06-2024,Air,Europe,285,383.86,536.83,109400.1,678.77,87,0,Delayed,Late
10338,P592,Chocolate,Electronics ,Delta Exporters,USA warehouse,21-10-2023,27-10-2023,01-11-2023,Truck,Asia,391,355.71,635.83 USD,139082.61,1523.34,343,9,Delayed,On-Time
10342,P260,Laptop,electronics,Orion Manufacturing,India DC,03-26-2023,01-04-2023,04-04-2023,Sea,Europe,198,246.54,281.72 USD,48814.92,448.37,10,1,Cancelled,Late
10358,P907,Office Chair,Automotive ,Vertex Distributors,USA Warehouse,02-10-2024,14-02-2024,20-02-2024,Express,Europe,181,449.33,798.25 USD,81328.73,694.05,685,10,Returned,Late
10489,P163,T-shirt,Electronics,Vertex Distributors,USA warehouse,08-01-2023,03-08-2023,06-08-2023,Truck,Asia,181,375.49,$494.7,67963.69,225.42,-44,7,Delayed,Late
10384,P246,Smartphone,Apparel,Delta Exporters,Germany Warehouse,08-06-2023,14-06-2023,16-06-2023,Sea,North America,99,189.22,$246.03,18732.78,774.47,1000,12,Returned,On-Time
10233,P893,Engine Oil,Electronics ,Delta Exporters,Germany Warehouse,05-11-2023,10-11-2023,14-11-2023,Express,Europe,485,167.27,273.25,81125.95,441.91,96,-3,Cancelled,Late
10234,P370,Frozen Pizza,Electronics,Prime Wholesale,USA Warehouse,03-15-2024,22-03-2024,24-03-2024,Express, north america,83,295.35,408.11,24514.05,1367.84,310,-3,Shipped,On-Time
10275,P665,Smartphone,Furniture,Global Tech Ltd,India DC,07-09-2023,11-09-2023,24-09-2023,Air,Asia,165,405.39,669.39,66889.35,981.62,634,13,Delayed,On-Time
10254,P654,Jacket,Electronics ,Global Tech Ltd,USA Warehouse,23-10-2023,24-10-2023,06-11-2023,Air,South America,308,46.32,62.73,14266.56,1318.94,169,19,Shipped,Late
10180,P718,Sofa,Electronics,Global Tech Ltd,Brazil Hub,05-02-2024,09-05-2024,11-05-2024,Truck,Asia,360,379.64,$715.72,136670.4,951.28,187,-3,Returned,On-Time
10387,P761,Jacket,Automotive,Delta Exporters,China Hub,11-16-2024,17-11-2024,21-11-2024,Express,Europe,176,488.87,682.96,86041.12,117.26,467,13,Cancelled,Late
10286,P171,Sofa,electronics,Global Tech Ltd,Brazil Hub,13-07-2023,14-07-2023,22-07-2023,Truck, north america,441,332.65,521.86,146698.65,1635.74,834,13,Cancelled,Late
10424,P799,Jacket,Electronics ,NextGen Supplies,USA Warehouse,06-13-2024,20-06-2024,22-06-2024,Air,Europe,331,400.71,666.99,132635.01,1582.78,565,16,Delayed,Late
10031,P602,Brake Pads,apparel,Vertex Distributors,Brazil Hub,05-04-2023,06-05-2023,15-05-2023,Sea, north america,488,322.19,$584.57,157228.72,759.94,916,4,Delayed,On-Time
10439,P412,Engine Oil,Furniture,Vertex Distributors, China Hub,05-05-2023,12-05-2023,22-05-2023,Sea,South America,252,402.01,$687.11,101306.52,183.04,-44,1,Cancelled,On-Time
10186,P113,Sofa,Apparel,Vertex Distributors, China Hub,19-08-2023,23-08-2023,26-08-2023,Air,South America,495,201.34,339.53,99663.3,1911.68,973,12,Delayed,On-Time
10252,P129,Jacket,apparel,Vertex Distributors,China Hub,19-08-2024,26-08-2024,29-08-2024,Sea,Asia,347,276.34,536.21,95889.98,1059.26,323,9,Shipped,Late
10184,P107,Jeans,electronics,NextGen Supplies,Germany Warehouse,30-05-2024,31-05-2024,05-06-2024,Sea,North America,492,190.46,329.91 USD,93706.32,1626.44,103,11,Returned,On-Time
10303,P865,Engine Oil,Automotive,Alpha Traders,USA Warehouse,08-05-2023,06-08-2023,08-08-2023,Sea,EUROPE,39,166.9,273.53 USD,6509.1,872.9,823,-1,Returned,On-Time
10091,P695,Office Chair,apparel,Delta Exporters,Brazil Hub,02-02-2024,07-02-2024,11-02-2024,Air,South America,266,395.28,788.61,105144.48,1016.86,288,12,Delayed,Late
10463,P322,Engine Oil,Electronics ,Alpha Traders,India DC,25-06-2023,02-07-2023,13-07-2023,Air, north america,163,11.12,18.37,1812.56,287.41,338,7,Returned,On-Time
10069,P863,T-shirt,Automotive ,Alpha Traders,USA warehouse,12-14-2023,21-12-2023,03-01-2024,Sea,EUROPE,308,433.16,$652.91,133413.28,1679.36,738,-1,Delayed,On-Time
10449,P486,Jeans,Automotive,Orion Manufacturing,India DC,24-03-2024,31-03-2024,04-04-2024,Air,Europe,254,187.63,$351.79,47658.02,602.07,848,18,Delayed,On-Time
10080,P676,Jacket,Furniture,Vertex Distributors,Germany Warehouse,20-01-2024,25-01-2024,29-01-2024,Air,EUROPE,296,172.26,$261.65,50988.96,1363.92,915,6,Returned,Late
10455,P756,Sofa,Automotive ,Alpha Traders,Brazil Hub,12-29-2023,03-01-2024,11-01-2024,Truck, north america,34,430.61,494.96 USD,14640.74,465.25,710,5,Delayed,Late
10385,P938,Sofa,Electronics,Delta Exporters,China Hub,26-06-2024,03-07-2024,06-07-2024,Sea,Asia,99,109.28,183.69 USD,10818.72,1753.68,-20,12,Returned,On-Time
10213,P265,Car Battery,Apparel,Delta Exporters,India DC,16-06-2023,23-06-2023,26-06-2023,Truck,EUROPE,21,96.59,$129.07,2028.39,174.29,524,7,Cancelled,On-Time
10201,P585,Chocolate,apparel,Orion Manufacturing,USA Warehouse,07-20-2024,,,Express,Europe,77,415.39,706.52,31985.03,1709.28,245,19,Returned,On-Time
10257,P456,Sofa,Automotive ,Delta Exporters,USA Warehouse,06-06-2024,12-06-2024,27-06-2024,Express,South America,55,202.15,$266.57,11118.25,1513.07,3,13,Shipped,Late
10149,P794,Headphones,Apparel,Global Tech Ltd, China Hub,17-11-2024,18-11-2024,23-11-2024,Air, north america,397,267.01,414.13 USD,106002.97,1731.67,1000,16,Returned,Late
10278,P814,Laptop,Automotive ,Alpha Traders,USA warehouse,11-10-2023,16-11-2023,25-11-2023,Truck,North America,381,228.58,334.15,87088.98,705.66,973,16,Shipped,On-Time
10325,P153,Office Chair,Automotive,Delta Exporters,USA warehouse,10-04-2024,11-04-2024,17-04-2024,Air,North America,230,293.62,340.46,67532.6,1830.41,83,1,Delayed,On-Time
10404,P460,Dining Table,apparel,Global Tech Ltd,Germany Warehouse,05-12-2024,19-05-2024,29-05-2024,Sea,Asia,256,8.28,12.1 USD,2119.68,140.46,528,15,Cancelled,Late
10186,P355,Car Battery,Food,Vertex Distributors,Brazil Hub,04-12-2024,17-04-2024,26-04-2024,Express, north america,158,395.44,587.65,62479.52,386.53,339,15,Returned,Late
10254,P589,Sneakers,electronics,Alpha Traders,China Hub,18-05-2023,24-05-2023,03-06-2023,Express,North America,215,97.58,146.7 USD,20979.7,1492.8,535,15,Delayed,On-Time
10433,P518,Engine Oil,Electronics ,NextGen Supplies,Brazil Hub,15-12-2023,16-12-2023,28-12-2023,Sea, north america,210,254.28,328.61 USD,53398.8,1492.76,710,4,Cancelled,Late
10304,P808,Car Battery,Automotive,Delta Exporters,USA warehouse,26-04-2024,30-04-2024,11-05-2024,Air,EUROPE,83,244.71,463.16 USD,20310.93,387.59,646,3,Returned,Late
10189,P821,Sofa,Furniture,Delta Exporters,India DC,02-01-2023,09-01-2023,21-01-2023,Air, north america,271,368.15,481.19 USD,99768.65,1902.19,922,-3,Shipped,On-Time
10335,P623,Frozen Pizza,Food,Prime Wholesale,India DC,14-02-2023,16-02-2023,20-02-2023,Air,North America,445,416.74,824.34 USD,185449.3,1960.32,336,6,Shipped,Late
10377,P660,T-shirt,electronics,NextGen Supplies,Brazil Hub,19-09-2024,,,Truck,South America,469,392.52,560.81,184091.88,678.09,519,20,Delayed,On-Time
10318,P716,Dining Table,Apparel,Prime Wholesale, China Hub,13-07-2023,16-07-2023,18-07-2023,Sea,EUROPE,66,179.72,267.25 USD,11861.52,792.59,-4,4,Shipped,On-Time
10109,P273,Frozen Pizza,electronics,NextGen Supplies,Brazil Hub,11-25-2023,28-11-2023,13-12-2023,Sea,Asia,140,215.07,375.06 USD,30109.8,1892.98,435,10,Returned,Late
10408,P397,Jeans,apparel,Global Tech Ltd,India DC,13-12-2023,15-12-2023,27-12-2023,Truck,Europe,214,52.4,$63.86,11213.6,1822.57,904,11,Shipped,On-Time
10178,P622,Jeans,Apparel,Vertex Distributors,USA Warehouse,23-09-2023,,,Truck,South America,127,202.53,$298.45,25721.31,1842.37,308,19,Delayed,Late
10031,P162,Brake Pads,apparel,Global Tech Ltd,Brazil Hub,09-03-2023,05-09-2023,16-09-2023,Express,Europe,364,328.31,387.49,119504.84,1316.72,771,-2,Cancelled,Late
10161,P178,Headphones,Automotive,Orion Manufacturing,India DC,02-13-2024,18-02-2024,03-03-2024,Truck,Asia,222,106.37,179.31,23614.14,149.36,471,13,Delayed,On-Time
10099,P613,T-shirt,Automotive,Orion Manufacturing, China Hub,13-02-2023,19-02-2023,05-03-2023,Air,Europe,404,438.05,714.93 USD,176972.2,1843.07,972,13,Shipped,Late
10367,P679,Brake Pads,Electronics,Global Tech Ltd,Brazil Hub,10-06-2024,17-06-2024,25-06-2024,Sea,Asia,88,187.95,$342.68,16539.6,640.22,639,7,Cancelled,On-Time
10378,P478,T-shirt,Apparel,Vertex Distributors,India DC,10-08-2023,17-08-2023,23-08-2023,Sea,North America,177,374.78,471.98 USD,66336.06,1798.88,193,10,Delayed,On-Time
10261,P252,T-shirt,apparel,Global Tech Ltd, China Hub,12-25-2023,30-12-2023,05-01-2024,Sea,North America,340,60.77,105.45,20661.8,1138.17,131,8,Delayed,Late
10208,P886,T-shirt,electronics,Delta Exporters, China Hub,31-07-2023,04-08-2023,16-08-2023,Air, north america,240,154.41,223.92 USD,37058.4,1644.15,96,18,Cancelled,Late
10057,P306,Chocolate,Food,Prime Wholesale,USA Warehouse,06-11-2024,13-11-2024,15-11-2024,Truck,Asia,143,268.03,460.02 USD,38328.29,73.17,322,14,Shipped,On-Time
10063,P324,Headphones,Automotive ,Prime Wholesale,USA Warehouse,05-06-2024,07-06-2024,21-06-2024,Sea,North America,155,199.54,291.27,30928.7,427.31,968,8,Shipped,Late
10169,P118,Sofa,Apparel,Orion Manufacturing,Brazil Hub,03-08-2024,05-08-2024,17-08-2024,Express,EUROPE,355,332.15,$432.05,117913.25,205.75,853,14,Returned,On-Time
10473,P514,Brake Pads,Furniture,Vertex Distributors,USA Warehouse,17-10-2024,22-10-2024,30-10-2024,Truck,North America,370,53.68,$85.24,19861.6,1265.94,282,14,Returned,On-Time
10180,P125,T-shirt,Electronics ,Global Tech Ltd, China Hub,01-05-2023,03-05-2023,10-05-2023,Express,EUROPE,473,404.61,808,191380.53,1268,394,18,Cancelled,Late
10189,P779,LED TV,apparel,Vertex Distributors,India DC,11-22-2024,25-11-2024,08-12-2024,Express,EUROPE,125,123.92,$238.63,15490,241.31,424,10,Returned,On-Time
10235,P899,Frozen Pizza,Food,NextGen Supplies,India DC,17-07-2023,19-07-2023,29-07-2023,Air,Europe,97,487.44,881.39 USD,47281.68,1232.61,413,9,Cancelled,On-Time
10063,P768,Dining Table,Automotive,Global Tech Ltd, China Hub,22-09-2024,29-09-2024,12-10-2024,Express,Asia,334,83.11,113.15,27758.74,4219.8,-26,0,Cancelled,Late
10069,P957,Engine Oil,Furniture,Prime Wholesale,USA Warehouse,11-11-2024,12-11-2024,19-11-2024,Sea,Europe,172,98.29,144.83,16905.88,1338.61,906,19,Shipped,Late
10179,P550,T-shirt,Apparel,NextGen Supplies,China Hub,09-24-2023,29-09-2023,13-10-2023,Sea,Asia,187,24.51,32.2,4583.37,1654.15,754,9,Returned,Late
10360,P965,Dining Table,Apparel,Delta Exporters,USA Warehouse,29-01-2023,05-02-2023,08-02-2023,Express, north america,374,257.23,$288.18,96204.02,890.17,988,4,Delayed,On-Time
10466,P221,Sneakers,Electronics ,Alpha Traders,USA Warehouse,30-10-2023,01-11-2023,15-11-2023,Express,Europe,1,446.29,634.61,446.29,964.46,731,8,Delayed,On-Time
10491,P529,T-shirt,Apparel,NextGen Supplies, China Hub,25-05-2023,01-06-2023,08-06-2023,Express, north america,325,227.83,381.94,74044.75,922.57,334,18,Returned,Late
10125,P263,Brake Pads,Electronics ,NextGen Supplies,USA warehouse,03-07-2023,06-07-2023,16-07-2023,Express,EUROPE,459,121.8,220.92 USD,55906.2,522.97,401,13,Cancelled,On-Time
10223,P815,Frozen Pizza,Electronics,Global Tech Ltd,China Hub,06-04-2024,09-04-2024,22-04-2024,Air,North America,202,94.84,151.09 USD,19157.68,1644.3,146,12,Cancelled,On-Time
10146,P129,LED TV,Furniture,Delta Exporters,Brazil Hub,01-16-2024,20-01-2024,27-01-2024,Air,Asia,288,338.22,$600.28,97407.36,676.6,845,7,Returned,On-Time
10263,P430,Headphones,Automotive,Global Tech Ltd,China Hub,24-03-2023,27-03-2023,09-04-2023,Sea,Europe,344,246.17,465.93,84682.48,1127.5,344,16,Cancelled,On-Time
10081,P154,Brake Pads,electronics,NextGen Supplies,USA Warehouse,10-27-2024,28-10-2024,31-10-2024,Air,EUROPE,208,97.57,152.06,20294.56,127.81,625,9,Delayed,Late
10228,P914,Jeans,Electronics,NextGen Supplies,USA warehouse,05-04-2024,11-05-2024,23-05-2024,Air,Europe,455,223.54,$383.94,101710.7,13744.2,514,16,Shipped,On-Time
10127,P423,Office Chair,Automotive,Alpha Traders, China Hub,02-03-2024,03-03-2024,18-03-2024,Sea,Asia,391,298.17,574.69 USD,116584.47,1277.97,410,18,Returned,Late
10339,P282,Brake Pads,electronics,Global Tech Ltd,Brazil Hub,04-12-2023,16-04-2023,21-04-2023,Air,North America,368,317.58,$489.74,116869.44,1215.18,503,2,Delayed,On-Time
10210,P990,Laptop,Electronics ,NextGen Supplies,USA Warehouse,10-19-2024,21-10-2024,29-10-2024,Sea,Europe,196,212.48,280.9 USD,41646.08,639.88,555,17,Delayed,Late
10312,P409,Laptop,Automotive ,Vertex Distributors,USA Warehouse,02-11-2023,03-11-2023,18-11-2023,Sea,South America,362,12.85,$24.16,4651.7,1927.28,397,2,Cancelled,On-Time
10434,P585,Tablet,apparel,Alpha Traders,India DC,14-11-2023,15-11-2023,25-11-2023,Truck, north america,30,151.93,183.58 USD,4557.9,1527.52,26,-3,Shipped,On-Time
10050,P333,Chocolate,Food,Global Tech Ltd, China Hub,10-25-2023,31-10-2023,14-11-2023,Express,North America,139,436.87,702.65 USD,60724.93,1539.21,988,6,Cancelled,Late
10375,P933,Jacket,Apparel,Orion Manufacturing,Brazil Hub,10-09-2024,,,Air, north america,112,77.91,$123.37,8725.92,1328.49,563,13,Cancelled,On-Time
10407,P847,Engine Oil,apparel,Alpha Traders,Brazil Hub,10-08-2023,,,Express, north america,267,262.92,$477.06,70199.64,595.95,278,6,Cancelled,Late
10015,P954,Sofa,Automotive,Orion Manufacturing,Brazil Hub,01-12-2024,08-12-2024,16-12-2024,Truck,South America,241,204.89,254.61,49378.49,880.35,900,15,Returned,Late
10000,P695,Jacket,Automotive ,Vertex Distributors,China Hub,13-02-2023,,,Express,South America,481,338.5,$478.28,162818.5,1930.95,588,4,Shipped,Late
10365,P973,Jeans,Automotive ,NextGen Supplies, China Hub,12-08-2024,18-08-2024,28-08-2024,Express,North America,499,401.93,$670.29,200563.07,106.44,522,4,Delayed,On-Time
10192,P257,Headphones,apparel,Alpha Traders,USA warehouse,01-11-2024,05-11-2024,11-11-2024,Truck,EUROPE,404,16.48,20.2,6657.92,1748.99,968,-1,Delayed,Late
10474,P368,Office Chair,Apparel,NextGen Supplies,USA Warehouse,18-11-2024,,,Express,South America,412,89.94,129.57 USD,37055.28,525.1,351,8,Delayed,On-Time
10348,P581,Frozen Pizza,Automotive ,NextGen Supplies,Germany Warehouse,08-04-2024,06-08-2024,09-08-2024,Sea,North America,40,179.47,283.69 USD,7178.8,1638.13,778,20,Returned,On-Time
10145,P122,LED TV,Electronics ,Orion Manufacturing,USA Warehouse,02-06-2024,06-06-2024,14-06-2024,Express,South America,137,138.85,256.27,19022.45,1133.22,775,8,Returned,On-Time
10393,P915,Jacket,Automotive ,Alpha Traders,USA Warehouse,10-10-2023,17-10-2023,26-10-2023,Express,North America,1,487.24,828.82 USD,487.24,577.9,658,17,Shipped,On-Time
10046,P815,Chocolate,Electronics,Vertex Distributors,Brazil Hub,12-10-2023,16-10-2023,21-10-2023,Express,North America,256,442.53,643.24,113287.68,1985.35,568,17,Cancelled,Late
10050,P922,Smartphone,Apparel,Alpha Traders,Brazil Hub,11-10-2024,18-10-2024,31-10-2024,Air, north america,276,197.21,348.09,54429.96,393.59,621,13,Delayed,Late
10394,P862,Headphones,electronics,Delta Exporters,Germany Warehouse,07-03-2023,,,Truck,North America,338,152.54,$188.59,51558.52,1214.21,812,-1,Delayed,On-Time
10254,P159,Jeans,Electronics,NextGen Supplies,Brazil Hub,08-06-2024,,,Truck,South America,427,29.96,56.25,12792.92,642.2,711,8,Cancelled,Late
10250,P699,Frozen Pizza,Apparel,Prime Wholesale,China Hub,05-06-2023,11-05-2023,21-05-2023,Express,Asia,445,81.91,115.1 USD,36449.95,1136.41,605,7,Returned,On-Time
10110,P659,T-shirt,Automotive,Global Tech Ltd,USA warehouse,23-10-2023,28-10-2023,07-11-2023,Sea,North America,104,173.6,277.87 USD,18054.4,1864.54,424,0,Cancelled,On-Time
10370,P588,Chocolate,Electronics ,Global Tech Ltd,Germany Warehouse,30-05-2023,31-05-2023,09-06-2023,Truck,Asia,347,96.95,$155.22,33641.65,849.08,393,18,Delayed,Late
10110,P615,Sofa,electronics,Orion Manufacturing, China Hub,22-02-2024,,,Truck,Asia,378,416.13,$498.64,157297.14,324.06,734,-2,Returned,On-Time
10199,P863,Office Chair,electronics,Global Tech Ltd,India DC,01-04-2024,09-01-2024,21-01-2024,Air, north america,211,92.88,110.64,19597.68,1274.2,931,16,Shipped,Late
10011,P632,Frozen Pizza,Automotive ,Vertex Distributors,Brazil Hub,03-15-2023,21-03-2023,23-03-2023,Truck,EUROPE,163,339.78,449.83,55384.14,1219.38,507,7,Shipped,Late
10136,P242,T-shirt,Electronics ,Alpha Traders,USA warehouse,16-01-2023,,,Truck, north america,437,39.35,$65.4,17195.95,701.73,702,2,Delayed,Late
10403,P942,Brake Pads,Apparel,Global Tech Ltd, China Hub,07-08-2024,11-07-2024,15-07-2024,Truck,Asia,495,163.34,245.36,80853.3,948.71,642,1,Shipped,Late
10473,P429,Frozen Pizza,Electronics,Prime Wholesale,Brazil Hub,28-03-2023,03-04-2023,10-04-2023,Sea,EUROPE,212,36.04,60.37,7640.48,1207.23,979,4,Returned,On-Time
10127,P701,Office Chair,Furniture,Delta Exporters,Germany Warehouse,10-04-2023,14-04-2023,22-04-2023,Sea, north america,119,100.41,142.12,11948.79,1335.74,904,2,Cancelled,Late
10148,P908,Chocolate,Food,Delta Exporters,Brazil Hub,06-09-2024,09-09-2024,18-09-2024,Sea,North America,210,386.23,$524.87,81108.3,354.3,993,7,Cancelled,On-Time
10052,P950,LED TV,apparel,Prime Wholesale,China Hub,15-01-2023,18-01-2023,26-01-2023,Sea,Asia,73,215.8,378.1 USD,15753.4,239.66,856,17,Cancelled,Late
10105,P291,Laptop,Automotive ,Orion Manufacturing,India DC,21-12-2023,25-12-2023,09-01-2024,Air,Asia,245,499.95,937.7,122487.75,1445.57,404,3,Shipped,On-Time
10089,P927,T-shirt,electronics,Global Tech Ltd,Brazil Hub,13-05-2024,20-05-2024,01-06-2024,Express,Europe,261,448.56,787.27,117074.16,1684.68,396,3,Delayed,On-Time
10080,P349,Office Chair,Electronics,NextGen Supplies,USA warehouse,17-11-2023,19-11-2023,30-11-2023,Express,Asia,304,459.81,655.16,139782.24,1332.6,142,13,Returned,Late
10009,P125,Office Chair,Automotive ,NextGen Supplies,USA Warehouse,29-05-2024,,,Truck,South America,465,180.08,227.92 USD,83737.2,1854.11,615,12,Cancelled,Late
10145,P252,Jeans,Food,Prime Wholesale,Germany Warehouse,23-02-2024,27-02-2024,12-03-2024,Express, north america,146,211.24,270.73 USD,30841.04,886.73,825,15,Returned,Late
10043,P410,Dining Table,electronics,Vertex Distributors,USA warehouse,20-01-2024,27-01-2024,29-01-2024,Truck,North America,490,245.82,362.32,120451.8,1674.97,771,6,Cancelled,Late
10465,P331,Brake Pads,Electronics ,Global Tech Ltd,Brazil Hub,26-07-2023,31-07-2023,04-08-2023,Air,North America,209,210.63,$304.01,44021.67,1802.75,25,17,Cancelled,On-Time
10440,P213,Jeans,Automotive ,Global Tech Ltd,USA Warehouse,02-03-2024,06-03-2024,08-03-2024,Truck,Europe,33,473.69,786.94,15631.77,1087.65,188,18,Returned,Late
10137,P107,Smartphone,electronics,NextGen Supplies,Germany Warehouse,24-09-2023,29-09-2023,13-10-2023,Sea,Asia,345,398.02,$581.98,137316.9,493.77,311,4,Returned,On-Time
10302,P426,Engine Oil,Furniture,Global Tech Ltd,Brazil Hub,29-07-2023,05-08-2023,10-08-2023,Express,North America,106,260.25,504.16 USD,27586.5,859.24,36,17,Returned,On-Time
10207,P170,Headphones,apparel,Delta Exporters,USA warehouse,24-09-2023,27-09-2023,10-10-2023,Air, north america,66,383.97,$435.62,25342.02,537.3,784,-1,Returned,Late
10430,P495,Frozen Pizza,Electronics ,Prime Wholesale,USA Warehouse,15-10-2024,18-10-2024,31-10-2024,Truck,Europe,309,242.61,$421.59,74966.49,1056.32,384,2,Delayed,Late
10491,P969,Headphones,electronics,Orion Manufacturing,USA Warehouse,09-30-2024,01-10-2024,15-10-2024,Air,Asia,97,360.56,720.08 USD,34974.32,557,572,7,Delayed,On-Time
10252,P746,Headphones,Furniture,Global Tech Ltd,India DC,10-22-2023,,,Express,Asia,301,124.92,183.9,37600.92,1790.14,451,15,Delayed,Late
10308,P338,Frozen Pizza,Food,Vertex Distributors, China Hub,16-09-2023,21-09-2023,06-10-2023,Express,EUROPE,161,256.35,474.1 USD,41272.35,762.53,661,19,Cancelled,Late
10395,P203,Jacket,Automotive,Orion Manufacturing,Germany Warehouse,02-05-2023,,,Express,EUROPE,105,163.83,214.14 USD,17202.15,60.55,646,17,Delayed,Late
10000,P315,Jacket,electronics,Alpha Traders,Germany Warehouse,02-09-2023,16-02-2023,22-02-2023,Express,EUROPE,80,41.85,57.26,3348,319.12,576,3,Returned,Late
10112,P915,Engine Oil,Electronics ,Orion Manufacturing,USA warehouse,27-11-2024,02-12-2024,15-12-2024,Express, north america,487,461.59,$588.98,224794.33,6.4,100,19,Returned,Late
10168,P546,Smartphone,apparel,NextGen Supplies,Germany Warehouse,21-09-2023,,,Sea, north america,242,35.54,55.55,8600.68,1633.09,728,16,Delayed,Late
10459,P924,Chocolate,Automotive,Global Tech Ltd, China Hub,06-18-2024,23-06-2024,04-07-2024,Express, north america,339,203.21,291.36 USD,68888.19,823.63,899,18,Returned,Late
10496,P685,Chocolate,Automotive ,Prime Wholesale, China Hub,01-06-2023,08-01-2023,23-01-2023,Truck,Asia,305,334.61,509.89,102056.05,690.02,-25,-3,Shipped,Late
10331,P219,Frozen Pizza,apparel,Alpha Traders,USA warehouse,13-11-2024,,,Express,EUROPE,280,94.6,151.86 USD,26488,844.44,128,19,Shipped,Late
10104,P421,Brake Pads,Electronics ,Delta Exporters,India DC,01-14-2024,16-01-2024,26-01-2024,Express,North America,169,85,133.88,14365,53.5,498,9,Returned,On-Time
10167,P578,Office Chair,Food,Orion Manufacturing,China Hub,18-12-2023,23-12-2023,03-01-2024,Air,South America,78,170.22,223.55 USD,13277.16,1911.17,252,12,Returned,Late
10128,P977,Jeans,electronics,Orion Manufacturing,Germany Warehouse,07-25-2023,27-07-2023,09-08-2023,Express, north america,29,115.38,127.83 USD,3346.02,1990.15,785,12,Delayed,Late
10164,P725,Car Battery,electronics,Delta Exporters,USA warehouse,31-01-2024,06-02-2024,18-02-2024,Air, north america,145,134.94,237.98,19566.3,1062.61,882,2,Returned,Late
10147,P965,Brake Pads,apparel,Delta Exporters,USA warehouse,05-29-2023,30-05-2023,08-06-2023,Air,Europe,146,68.05,128.99,9935.3,1692.04,398,15,Shipped,On-Time
10095,P636,LED TV,Electronics ,Prime Wholesale, China Hub,17-11-2023,22-11-2023,07-12-2023,Sea,South America,323,280.46,541.46,90588.58,1116.75,979,9,Cancelled,Late
10304,P683,Sofa,Automotive,Alpha Traders,Brazil Hub,09-06-2024,09-09-2024,20-09-2024,Express,Europe,41,402.96,$456.74,16521.36,1746.02,878,-2,Cancelled,Late
10348,P775,Sofa,Electronics,Vertex Distributors,Brazil Hub,08-06-2023,13-06-2023,17-06-2023,Express,EUROPE,454,14.68,22.21,6664.72,976.82,180,4,Returned,Late
10485,P412,LED TV,Food,Global Tech Ltd,USA warehouse,09-08-2023,14-08-2023,21-08-2023,Sea,Europe,416,141.99,190.31,59067.84,857.95,956,3,Returned,Late
10314,P972,Dining Table,apparel,Global Tech Ltd,USA warehouse,24-01-2023,27-01-2023,01-02-2023,Sea,North America,398,75.95,129.46 USD,30228.1,1203.93,579,19,Cancelled,On-Time
10486,P896,LED TV,Apparel,Prime Wholesale, China Hub,07-10-2024,11-10-2024,20-10-2024,Air, north america,18,282.33,548.34,5081.94,860.89,275,14,Delayed,On-Time
10282,P878,Jacket,Electronics ,Orion Manufacturing,Germany Warehouse,10-07-2024,14-07-2024,28-07-2024,Express,EUROPE,457,256.33,$344.03,117142.81,541.84,865,8,Returned,On-Time
10287,P730,Frozen Pizza,Apparel,Orion Manufacturing,Brazil Hub,07-06-2024,13-07-2024,28-07-2024,Truck, north america,177,348.21,670.38 USD,61633.17,1374.63,-36,9,Cancelled,Late
10189,P508,Car Battery,Automotive,NextGen Supplies,Brazil Hub,01-23-2023,28-01-2023,07-02-2023,Sea,Asia,234,336.47,438.62 USD,78733.98,893.14,457,4,Cancelled,On-Time
10118,P633,Brake Pads,Electronics,Global Tech Ltd, China Hub,25-11-2023,26-11-2023,07-12-2023,Express,Europe,462,482.47,606.65,222901.14,1551.42,339,8,Returned,Late
10256,P616,LED TV,electronics,Vertex Distributors, China Hub,02-19-2023,22-02-2023,08-03-2023,Sea, north america,94,126.8,167.88,11919.2,505.57,927,1,Shipped,Late
10026,P290,Office Chair,Automotive,Global Tech Ltd,USA Warehouse,07-04-2024,14-04-2024,23-04-2024,Air,Europe,326,5.5,10.63,1793,185.73,485,-2,Delayed,Late
10162,P578,Jacket,electronics,Alpha Traders,USA Warehouse,23-08-2023,30-08-2023,13-09-2023,Sea,Asia,449,171.47,191.83,76990.03,1185.29,627,20,Cancelled,Late
10269,P202,Car Battery,Food,Global Tech Ltd,China Hub,22-07-2024,26-07-2024,06-08-2024,Air,North America,216,442.32,700.43,95541.12,1484.94,620,14,Delayed,On-Time
10408,P156,Brake Pads,Automotive ,Prime Wholesale,India DC,02-16-2024,18-02-2024,27-02-2024,Air,North America,387,304.8,419.12 USD,117957.6,80.88,877,11,Delayed,On-Time
10261,P663,Jacket,Electronics,NextGen Supplies, China Hub,27-09-2023,04-10-2023,14-10-2023,Sea,South America,438,362.05,665.77,158577.9,582.95,797,3,Shipped,On-Time
10408,P125,Smartphone,Automotive ,Delta Exporters,China Hub,29-07-2024,03-08-2024,09-08-2024,Truck, north america,129,308.52,510.73,39799.08,117.18,6,-1,Delayed,Late
10132,P369,Headphones,electronics,Prime Wholesale,USA Warehouse,02-10-2023,13-02-2023,27-02-2023,Express,EUROPE,488,483.76,873.04 USD,236074.88,883.6,-42,9,Shipped,Late
10101,P346,Smartphone,Electronics ,NextGen Supplies,Brazil Hub,12-08-2024,13-08-2024,20-08-2024,Express, north america,292,210.21,$259.47,61381.32,657.73,141,12,Returned,On-Time
10096,P141,Laptop,Electronics ,NextGen Supplies,USA Warehouse,15-10-2023,17-10-2023,19-10-2023,Truck,North America,150,380.81,564.04,57121.5,1416.34,14,-3,Cancelled,On-Time
10379,P971,Car Battery,Electronics ,NextGen Supplies,USA warehouse,24-02-2024,25-02-2024,29-02-2024,Sea, north america,461,266.6,340.29,122902.6,935.43,687,15,Delayed,On-Time
10316,P752,Office Chair,Automotive ,Global Tech Ltd,India DC,25-05-2024,29-05-2024,05-06-2024,Truck,North America,43,263.69,$342.67,11338.67,1721.84,504,12,Returned,On-Time
10070,P324,Laptop,electronics,Delta Exporters,USA warehouse,10-18-2024,22-10-2024,04-11-2024,Sea,North America,312,10.47,19.8,3266.64,1995.65,717,2,Cancelled,On-Time
10026,P123,Tablet,Apparel,Prime Wholesale,Germany Warehouse,28-02-2024,06-03-2024,15-03-2024,Air,EUROPE,151,127.79,230.32 USD,19296.29,642.24,822,2,Delayed,On-Time
10094,P249,Smartphone,Electronics ,Alpha Traders,China Hub,14-02-2024,18-02-2024,23-02-2024,Air,EUROPE,339,110.84,127.93,37574.76,472.39,720,16,Delayed,On-Time
10027,P538,T-shirt,Apparel,Vertex Distributors,Brazil Hub,08-05-2023,09-05-2023,15-05-2023,Sea,South America,115,127.11,201.04,14617.65,420.46,994,9,Delayed,Late
10349,P771,Chocolate,apparel,Prime Wholesale,India DC,11-01-2023,18-01-2023,21-01-2023,Sea,North America,219,118.65,204.75 USD,25984.35,18.36,334,12,Shipped,On-Time
10283,P265,Office Chair,Automotive ,Global Tech Ltd,USA warehouse,14-09-2024,20-09-2024,01-10-2024,Sea,EUROPE,228,87.08,169.73,19854.24,205.11,145,12,Cancelled,Late
10034,P411,Smartphone,Furniture,Prime Wholesale,India DC,24-07-2024,,,Truck, north america,84,50.95,$62.11,4279.8,1594.1,681,13,Delayed,Late
10299,P543,Smartphone,Automotive,Global Tech Ltd,India DC,23-10-2023,,,Air,South America,62,419.48,758.48,26007.76,519.46,943,11,Returned,On-Time
10432,P488,Brake Pads,Automotive ,Alpha Traders, China Hub,21-04-2023,24-04-2023,09-05-2023,Express,North America,125,362.8,$646.94,45350,51.76,296,19,Cancelled,Late
10369,P781,Frozen Pizza,electronics,Orion Manufacturing,USA Warehouse,13-02-2024,14-02-2024,28-02-2024,Truck,EUROPE,241,291.96,473.92,70362.36,222.84,792,11,Delayed,Late
10014,P847,LED TV,electronics,Prime Wholesale,Germany Warehouse,30-04-2023,05-05-2023,15-05-2023,Sea,South America,94,316.6,$439.71,29760.4,478.54,997,11,Cancelled,On-Time
10009,P221,Sneakers,Electronics,NextGen Supplies,China Hub,29-07-2023,31-07-2023,10-08-2023,Air,South America,488,473.47,807.28,231053.36,1308.03,851,1,Cancelled,On-Time
10109,P216,Jacket,electronics,NextGen Supplies,China Hub,06-08-2024,10-08-2024,15-08-2024,Sea,Europe,400,104.07,159.96,41628,1495.38,608,8,Cancelled,Late
10081,P645,Office Chair,Electronics ,Alpha Traders, China Hub,15-12-2023,21-12-2023,01-01-2024,Truck,South America,127,155.66,271.84,19768.82,683.5,761,20,Returned,On-Time
10483,P182,LED TV,Electronics,NextGen Supplies,Germany Warehouse,11-08-2024,15-11-2024,24-11-2024,Express,Asia,460,431.28,579.13 USD,198388.8,664.59,612,13,Shipped,On-Time
10364,P780,Brake Pads,Apparel,Global Tech Ltd,China Hub,01-17-2024,23-01-2024,31-01-2024,Sea,Asia,495,393.58,$711.43,194822.1,852.74,642,6,Shipped,Late
10306,P741,Chocolate,Apparel,Delta Exporters, China Hub,31-01-2023,04-02-2023,17-02-2023,Truck,EUROPE,473,319.66,$594.01,151199.18,1492.11,446,1,Delayed,On-Time
10216,P518,Smartphone,Apparel,NextGen Supplies,USA warehouse,16-08-2024,21-08-2024,04-09-2024,Express,North America,181,484.13,$897.22,87627.53,1189,804,15,Cancelled,Late
10415,P321,Laptop,Automotive ,Global Tech Ltd,Brazil Hub,05-03-2023,,,Truck,EUROPE,18,162.86,$190.66,2931.48,67.44,998,16,Delayed,On-Time
10488,P462,Chocolate,Electronics ,Global Tech Ltd,China Hub,08-17-2023,23-08-2023,28-08-2023,Sea,Asia,297,196.56,314.78,58378.32,1105.88,447,15,Returned,On-Time
10214,P384,Office Chair,apparel,Global Tech Ltd,USA warehouse,19-07-2024,23-07-2024,27-07-2024,Sea, north america,340,105.9,$145.24,36006,1062.16,631,15,Cancelled,Late
10187,P393,Dining Table,Automotive,Global Tech Ltd,Brazil Hub,04-20-2024,23-04-2024,27-04-2024,Express,North America,442,281.37,$429.37,124365.54,422.53,824,-2,Shipped,Late
10433,P805,Office Chair,Automotive ,Delta Exporters,Brazil Hub,16-11-2023,17-11-2023,21-11-2023,Truck, north america,77,326.68,547.65,25154.36,1179.07,918,6,Delayed,Late
10462,P250,T-shirt,Automotive ,NextGen Supplies,India DC,09-12-2023,13-12-2023,17-12-2023,Express, north america,154,138.64,231.5,21350.56,1205.51,22,15,Shipped,Late
10068,P173,Car Battery,Electronics ,Vertex Distributors,Germany Warehouse,01-01-2023,05-01-2023,13-01-2023,Air,Europe,472,32.85,46.79 USD,15505.2,569.4,653,-3,Shipped,On-Time
10248,P968,Car Battery,electronics,Prime Wholesale,Brazil Hub,28-06-2024,02-07-2024,05-07-2024,Truck,Europe,326,309.34,386.24 USD,100844.84,1982.64,-46,6,Cancelled,On-Time
10104,P510,Car Battery,Furniture,Vertex Distributors,Germany Warehouse,21-09-2023,27-09-2023,11-10-2023,Air,North America,327,243.04,468.79,79474.08,1023.85,670,9,Delayed,On-Time
10418,P590,Chocolate,apparel,NextGen Supplies,USA Warehouse,08-11-2023,,,Express,South America,48,306.19,466.56,14697.12,961.38,609,10,Cancelled,On-Time
10499,P977,Frozen Pizza,electronics,NextGen Supplies,Brazil Hub,03-17-2023,23-03-2023,31-03-2023,Air,North America,165,90.66,109.65,14958.9,1337.24,97,9,Returned,Late
10377,P329,Tablet,Apparel,Prime Wholesale,Germany Warehouse,09-17-2023,18-09-2023,27-09-2023,Truck,North America,133,224.55,375.7,29865.15,440.02,290,6,Shipped,Late
10425,P932,Smartphone,Food,Orion Manufacturing,Germany Warehouse,24-04-2024,30-04-2024,11-05-2024,Express,North America,418,170.39,286.16 USD,71223.02,1587.97,516,19,Returned,Late
10166,P328,Sofa,Food,Prime Wholesale,China Hub,09-09-2024,10-09-2024,23-09-2024,Air,Europe,112,461.95,$551.66,51738.4,745.66,903,20,Shipped,Late
10124,P212,Dining Table,electronics,Global Tech Ltd,Germany Warehouse,10-15-2024,18-10-2024,21-10-2024,Express,Asia,62,130.74,175.75,8105.88,1807.69,95,0,Shipped,On-Time
10011,P576,Jeans,Automotive,Alpha Traders,China Hub,12-24-2023,25-12-2023,30-12-2023,Truck,South America,448,211.19,253.11,94613.12,1933.4,728,15,Returned,Late
10062,P942,Tablet,Electronics ,Orion Manufacturing,China Hub,02-02-2024,04-02-2024,10-02-2024,Express, north america,86,302.85,592.46 USD,26045.1,1912.92,438,1,Cancelled,On-Time
10376,P922,Frozen Pizza,Automotive ,Alpha Traders,Germany Warehouse,22-09-2024,28-09-2024,04-10-2024,Sea, north america,275,373.38,639.03,102679.5,1364.48,37,2,Returned,On-Time
10406,P996,Brake Pads,Automotive,Delta Exporters, China Hub,06-21-2023,25-06-2023,10-07-2023,Sea,North America,119,83.35,$98.07,9918.65,557.76,103,0,Delayed,Late
10235,P418,Sofa,Apparel,Orion Manufacturing,Brazil Hub,11-16-2024,17-11-2024,25-11-2024,Express,South America,301,168.24,324.21 USD,50640.24,984.19,868,-1,Delayed,Late
10212,P891,Headphones,Electronics ,Delta Exporters,Brazil Hub,11-19-2024,20-11-2024,29-11-2024,Express,South America,169,164.99,308.61,27883.31,1908.36,426,13,Returned,On-Time
10425,P442,Engine Oil,apparel,Vertex Distributors, China Hub,24-01-2024,30-01-2024,12-02-2024,Express,EUROPE,134,263.23,397.13,35272.82,149.8,771,1,Returned,On-Time
10264,P757,Dining Table,Electronics,Global Tech Ltd,China Hub,01-08-2023,12-01-2023,19-01-2023,Truck,Asia,2,181.21,$356.24,362.42,215.63,-11,19,Returned,On-Time
10358,P549,Office Chair,Automotive ,Delta Exporters,Brazil Hub,19-03-2024,25-03-2024,29-03-2024,Sea,South America,20,118.1,152.52 USD,2362,15.25,52,7,Delayed,Late
10495,P262,LED TV,Electronics,Prime Wholesale,USA Warehouse,07-31-2023,07-08-2023,09-08-2023,Truck, north america,207,230.6,369.43,47734.2,4305.8,967,0,Returned,Late
10005,P359,Sneakers,Food,NextGen Supplies,USA warehouse,08-19-2024,22-08-2024,31-08-2024,Air,Asia,258,250.88,296.8,64727.04,1246.82,929,16,Delayed,Late
10493,P298,Sofa,Apparel,Vertex Distributors,India DC,01-02-2024,,,Sea,North America,231,156.46,$227.12,36142.26,1569,532,0,Returned,Late
10403,P243,Brake Pads,Automotive,Orion Manufacturing,Brazil Hub,24-08-2023,27-08-2023,03-09-2023,Air,EUROPE,20,378.68,520.71,7573.6,1965.11,962,-1,Returned,Late
10409,P290,Dining Table,Automotive,Vertex Distributors,USA Warehouse,12-23-2023,27-12-2023,06-01-2024,Air, north america,64,336.13,$556.73,21512.32,1698.59,921,0,Shipped,Late
10158,P641,Sofa,Furniture,NextGen Supplies,Germany Warehouse,24-08-2023,,,Air, north america,424,240.34,$452.45,101904.16,51.16,546,12,Shipped,On-Time
10039,P906,Frozen Pizza,Food,Global Tech Ltd,USA warehouse,11-07-2024,13-07-2024,16-07-2024,Truck,North America,389,127.19,240.99,49476.91,360.19,337,14,Returned,On-Time
10011,P277,Smartphone,Electronics,Prime Wholesale,India DC,17-08-2024,20-08-2024,24-08-2024,Express, north america,478,262.25,$481.28,125355.5,1329.07,309,4,Cancelled,On-Time
10077,P170,Laptop,Food,Vertex Distributors,China Hub,03-22-2024,26-03-2024,08-04-2024,Truck,North America,498,254.92,412.6,126950.16,1356.51,707,14,Shipped,Late
10364,P170,Sofa,apparel,Orion Manufacturing,Germany Warehouse,04-16-2024,23-04-2024,05-05-2024,Air,South America,214,340.72,561.35,72914.08,105.3,973,10,Delayed,On-Time
10496,P456,Jeans,Apparel,Orion Manufacturing, China Hub,21-04-2023,23-04-2023,05-05-2023,Sea,Europe,8,256.57,364.13 USD,2052.56,524.64,518,20,Cancelled,Late
10348,P363,Sneakers,apparel,Delta Exporters, China Hub,09-12-2024,18-09-2024,21-09-2024,Sea,North America,68,87.75,$138.07,5967,71.38,414,13,Cancelled,Late
10301,P789,LED TV,Automotive ,NextGen Supplies,Brazil Hub,01-03-2023,08-03-2023,20-03-2023,Air,South America,20,43.23,58.83,864.6,1028.67,26,10,Returned,Late
10101,P572,Engine Oil,Automotive,Global Tech Ltd,China Hub,16-10-2024,18-10-2024,20-10-2024,Truck,Europe,157,400.27,555.95,62842.39,1949.35,188,19,Delayed,On-Time
10386,P150,Brake Pads,Food,NextGen Supplies,Brazil Hub,01-05-2023,03-05-2023,15-05-2023,Air, north america,477,20.81,25.12,9926.37,1003.53,616,9,Cancelled,On-Time
10318,P997,Jacket,Automotive,Prime Wholesale,India DC,24-06-2024,26-06-2024,11-07-2024,Sea,EUROPE,397,391.94,671.83,155600.18,1775.99,690,4,Delayed,On-Time
10447,P844,Dining Table,apparel,Delta Exporters,Germany Warehouse,01-09-2023,08-09-2023,15-09-2023,Sea, north america,239,395.63,540.24 USD,94555.57,1407.1,45,1,Cancelled,Late
10054,P951,Frozen Pizza,Electronics ,NextGen Supplies,China Hub,13-03-2023,15-03-2023,20-03-2023,Truck,EUROPE,459,358.54,714.41 USD,164569.86,902.33,252,11,Cancelled,On-Time
10259,P446,Smartphone,Automotive ,Prime Wholesale,China Hub,12-27-2023,01-01-2024,05-01-2024,Express,South America,280,432.85,630.75 USD,121198,581.54,608,2,Shipped,Late
10162,P884,Frozen Pizza,Apparel,Global Tech Ltd,USA Warehouse,11-04-2023,18-04-2023,21-04-2023,Truck,Europe,438,256.4,$464.87,112303.2,173.52,386,0,Delayed,Late
10221,P748,Office Chair,Electronics,Prime Wholesale,Germany Warehouse,10-01-2023,02-10-2023,13-10-2023,Air,Asia,338,209.52,$232.68,70817.76,849.86,538,7,Shipped,Late
10016,P322,Engine Oil,Food,Alpha Traders,China Hub,11-11-2023,15-11-2023,26-11-2023,Truck,Asia,479,229.86,327.26,110102.94,1091.63,350,10,Returned,Late
10087,P111,Chocolate,Electronics,NextGen Supplies, China Hub,09-11-2023,10-11-2023,16-11-2023,Sea,EUROPE,50,477.08,$708.76,23854,1613.14,125,-1,Delayed,Late
10288,P848,Office Chair,Automotive ,Prime Wholesale, China Hub,24-09-2023,27-09-2023,30-09-2023,Express,North America,380,494.06,935.61,187742.8,97.92,40,12,Cancelled,On-Time
10123,P663,Jacket,Automotive,Global Tech Ltd,Brazil Hub,24-07-2024,27-07-2024,09-08-2024,Truck, north america,205,436.21,704.63 USD,89423.05,1158.91,528,11,Shipped,On-Time
10073,P734,Engine Oil,electronics,NextGen Supplies, China Hub,12-03-2023,14-03-2023,18-03-2023,Express, north america,340,7.73,10.5,2628.2,971.49,857,-3,Cancelled,Late
10013,P244,Office Chair,Furniture,Vertex Distributors,India DC,08-16-2024,19-08-2024,31-08-2024,Sea,Asia,449,29.51,51,13249.99,766.95,136,7,Cancelled,Late
10225,P819,Office Chair,Automotive ,Prime Wholesale,India DC,06-01-2024,02-06-2024,08-06-2024,Sea,Europe,393,457.69,760.36,179872.17,413.84,85,7,Shipped,Late
10210,P685,Engine Oil,Electronics,Alpha Traders,India DC,26-02-2024,04-03-2024,13-03-2024,Sea,South America,302,161.5,246.47,48773,1508.97,697,10,Delayed,On-Time
10124,P598,Jeans,electronics,Delta Exporters,USA Warehouse,11-21-2023,,,Sea,EUROPE,270,154.57,171.21 USD,41733.9,944.61,363,18,Cancelled,Late
10231,P507,T-shirt,apparel,Global Tech Ltd,USA warehouse,29-09-2024,06-10-2024,14-10-2024,Sea,EUROPE,259,275.49,323.51,71351.91,49.19,819,7,Delayed,Late
10211,P528,Frozen Pizza,Automotive ,Global Tech Ltd,India DC,16-09-2023,23-09-2023,03-10-2023,Truck,South America,349,156.65,$233.93,54670.85,587.91,256,14,Delayed,On-Time
10082,P539,Laptop,Apparel,Vertex Distributors,USA warehouse,03-05-2023,06-05-2023,12-05-2023,Express, north america,390,431.85,720.53,168421.5,852.26,-14,1,Cancelled,On-Time
10123,P242,Car Battery,electronics,Prime Wholesale, China Hub,11-06-2024,16-06-2024,25-06-2024,Air,North America,428,258.13,$507.72,110479.64,1823.34,93,0,Delayed,Late
10487,P584,Car Battery,Electronics,Alpha Traders,Brazil Hub,19-05-2024,23-05-2024,03-06-2024,Air,EUROPE,114,201.9,279.53,23016.6,685.5,621,17,Shipped,Late
10098,P584,Sofa,Apparel,NextGen Supplies,China Hub,11-13-2024,17-11-2024,25-11-2024,Express,South America,395,167.86,198.72 USD,66304.7,650.81,849,12,Cancelled,On-Time
10089,P216,Smartphone,apparel,Vertex Distributors,India DC,04-03-2023,07-03-2023,21-03-2023,Express,North America,474,403.85,709.52,191424.9,1837.3,991,11,Returned,Late
10182,P615,Office Chair,Automotive,NextGen Supplies, China Hub,23-08-2024,28-08-2024,01-09-2024,Truck,Asia,353,199.67,222.57,70483.51,1759.58,-43,7,Shipped,On-Time
10197,P479,Sofa,Electronics,Prime Wholesale,Brazil Hub,24-02-2024,25-02-2024,01-03-2024,Air,South America,264,416.17,537.02 USD,109868.88,1150.01,643,-2,Shipped,On-Time
10349,P963,Headphones,Furniture,Orion Manufacturing,USA warehouse,25-08-2023,27-08-2023,04-09-2023,Truck,South America,274,245.53,460.55 USD,67275.22,1952.71,32,-2,Shipped,Late
10025,P415,Car Battery,Automotive ,Global Tech Ltd,Brazil Hub,24-06-2024,,,Sea,South America,447,278.24,375.32,124373.28,52.43,804,0,Cancelled,On-Time
10428,P148,Dining Table,Electronics,Prime Wholesale,Germany Warehouse,11-04-2024,14-04-2024,21-04-2024,Truck, north america,393,420.89,653.59,165409.77,134.48,494,-1,Shipped,On-Time
10123,P796,Brake Pads,Apparel,NextGen Supplies,USA warehouse,01-06-2023,10-01-2023,18-01-2023,Truck,Europe,11,172.3,$197.22,1895.3,1071.4,442,0,Shipped,On-Time
10086,P312,Office Chair,Furniture,Prime Wholesale,USA Warehouse,06-12-2023,19-06-2023,01-07-2023,Truck,EUROPE,32,173.31,259.16,5545.92,1176.95,911,8,Shipped,On-Time
10444,P237,Brake Pads,Food,Orion Manufacturing,Germany Warehouse,13-04-2024,20-04-2024,26-04-2024,Truck,EUROPE,192,422.59,$623.49,81137.28,1037.25,521,10,Delayed,Late
10262,P814,Jacket,Furniture,Prime Wholesale,USA Warehouse,03-11-2023,12-03-2023,14-03-2023,Express,North America,80,294.23,417.39 USD,23538.4,790.46,912,20,Returned,Late
10410,P276,Smartphone,Apparel,Prime Wholesale,USA Warehouse,03-19-2023,24-03-2023,01-04-2023,Express,South America,415,357.6,491.46,148404,790.53,88,14,Delayed,Late
10475,P750,Smartphone,Electronics ,Orion Manufacturing,USA Warehouse,07-17-2024,,,Sea,North America,102,324.97,564.17 USD,33146.94,1356.25,296,17,Returned,Late
10459,P527,Engine Oil,Automotive ,Alpha Traders,Germany Warehouse,23-09-2023,27-09-2023,04-10-2023,Air, north america,294,284.31,$532.5,83587.14,1651.97,941,2,Returned,Late
10388,P293,Headphones,Automotive,Alpha Traders,USA warehouse,11-06-2024,16-06-2024,01-07-2024,Express,North America,410,17.56,24.11,7199.6,962.22,197,4,Shipped,On-Time
10209,P345,Car Battery,Automotive,Delta Exporters,Brazil Hub,28-05-2023,,,Sea,South America,343,269.27,416.03 USD,92359.61,762.9,585,9,Shipped,Late
10077,P835,Headphones,Electronics,NextGen Supplies, China Hub,05-07-2024,07-07-2024,09-07-2024,Truck,North America,446,191.23,374.4,85288.58,1000.49,32,-3,Delayed,On-Time
10453,P894,Car Battery,Furniture,Vertex Distributors,China Hub,23-02-2024,28-02-2024,10-03-2024,Express, north america,290,109.27,$210.77,31688.3,738.81,562,15,Returned,Late
10488,P653,Car Battery,Furniture,Alpha Traders,Brazil Hub,09-11-2024,16-11-2024,22-11-2024,Truck,Europe,91,77.39,144.56 USD,7042.49,45.71,296,0,Cancelled,Late
10423,P134,Smartphone,Food,Orion Manufacturing,Brazil Hub,01-02-2024,07-02-2024,09-02-2024,Air,North America,140,354.36,$667.92,49610.4,915.41,554,0,Cancelled,Late
10266,P123,Laptop,Electronics ,NextGen Supplies,USA warehouse,29-04-2024,30-04-2024,10-05-2024,Air,South America,221,58.93,89.67 USD,13023.53,443.52,945,2,Cancelled,Late
10213,P320,Dining Table,Electronics,Global Tech Ltd,China Hub,12-08-2024,16-08-2024,23-08-2024,Express, north america,58,313.73,596.69 USD,18196.34,1313.74,967,15,Cancelled,Late
10379,P309,Headphones,Apparel,Alpha Traders,Brazil Hub,08-05-2023,09-08-2023,18-08-2023,Air,North America,408,341.05,$516.49,139148.4,456.12,534,8,Returned,On-Time
10105,P951,Sofa,Food,Prime Wholesale,Brazil Hub,12-01-2024,16-01-2024,24-01-2024,Sea,South America,391,349.43,613.59 USD,136627.13,683.84,968,15,Delayed,Late
10070,P983,Smartphone,Furniture,NextGen Supplies,India DC,04-07-2024,10-04-2024,13-04-2024,Sea,Asia,169,169.43,279.32,28633.67,576.58,770,2,Delayed,Late
10419,P594,Sneakers,Automotive ,Global Tech Ltd, China Hub,21-10-2023,25-10-2023,08-11-2023,Air,Asia,278,8.87,11.27 USD,2465.86,1021.75,239,5,Delayed,On-Time
10280,P192,LED TV,apparel,Global Tech Ltd,USA warehouse,29-01-2023,04-02-2023,11-02-2023,Air, north america,248,24.33,40.6,6033.84,819.19,278,13,Cancelled,Late
10361,P342,Frozen Pizza,electronics,Delta Exporters,Brazil Hub,13-10-2023,15-10-2023,23-10-2023,Sea,EUROPE,221,300.3,409.29,66366.3,1794.69,1000,4,Shipped,Late
10112,P671,Office Chair,electronics,Alpha Traders,USA Warehouse,07-10-2023,12-07-2023,27-07-2023,Truck,South America,177,261.27,$317.75,46244.79,312.93,27,15,Returned,Late
10368,P457,Tablet,Apparel,Vertex Distributors,Brazil Hub,12-04-2024,17-04-2024,20-04-2024,Express,South America,286,477.06,593.57,136439.16,1491.96,929,6,Shipped,Late
10053,P757,Car Battery,Apparel,Prime Wholesale,Brazil Hub,07-08-2024,13-07-2024,21-07-2024,Truck,EUROPE,67,424.79,791.17,28460.93,223.21,302,-1,Returned,On-Time
10059,P737,Sofa,electronics,NextGen Supplies,India DC,04-26-2023,01-05-2023,12-05-2023,Air,South America,479,8.21,12.13 USD,3932.59,254.46,470,19,Cancelled,On-Time
10200,P322,Jacket,electronics,Prime Wholesale,China Hub,15-08-2024,17-08-2024,28-08-2024,Express,Europe,159,46.98,80.63 USD,7469.82,1237.33,906,17,Delayed,On-Time
10284,P629,Jacket,Automotive,NextGen Supplies,India DC,18-06-2024,20-06-2024,24-06-2024,Sea,Asia,112,433.4,628.78,48540.8,1114.91,428,16,Cancelled,On-Time
10491,P961,Dining Table,Electronics ,Global Tech Ltd,USA warehouse,13-06-2023,19-06-2023,03-07-2023,Air,EUROPE,295,358.79,$708.21,105843.05,1932.09,618,19,Delayed,Late
10219,P190,Jeans,Apparel,NextGen Supplies,China Hub,19-12-2023,26-12-2023,08-01-2024,Truck, north america,257,361.66,471.15 USD,92946.62,328.8,778,5,Delayed,Late
10291,P542,T-shirt,electronics,Orion Manufacturing, China Hub,06-29-2024,05-07-2024,09-07-2024,Air,North America,465,72.66,$117.57,33786.9,1619.54,815,-1,Returned,On-Time
10341,P306,Jeans,Furniture,NextGen Supplies,India DC,19-09-2023,20-09-2023,26-09-2023,Air, north america,346,202.61,$357.94,70103.06,681.47,191,4,Shipped,On-Time
10494,P943,Car Battery,Automotive ,Prime Wholesale,China Hub,06-01-2024,09-01-2024,15-01-2024,Air,EUROPE,249,229.58,381.54,57165.42,245.93,685,5,Cancelled,On-Time
10166,P739,Dining Table,Automotive,Prime Wholesale,Germany Warehouse,27-05-2023,01-06-2023,10-06-2023,Sea,Europe,389,270.27,466.5,105135.03,1003.85,58,16,Cancelled,On-Time
10347,P322,Brake Pads,apparel,Delta Exporters,USA Warehouse,02-18-2023,25-02-2023,09-03-2023,Sea,South America,175,238.79,418.54 USD,41788.25,809.26,108,18,Cancelled,On-Time
10113,P835,Engine Oil,Electronics,NextGen Supplies,India DC,25-07-2024,28-07-2024,10-08-2024,Truck,EUROPE,357,149.02,283.41 USD,53200.14,1789.65,715,16,Cancelled,On-Time
10336,P536,Car Battery,apparel,Delta Exporters,India DC,25-11-2023,27-11-2023,07-12-2023,Express,Europe,139,437.49,$698.99,60811.11,556.89,400,17,Cancelled,On-Time
10373,P628,Office Chair,electronics,Prime Wholesale,Brazil Hub,19-02-2024,24-02-2024,29-02-2024,Sea,Europe,175,378.48,639.43 USD,66234,1313.11,468,5,Cancelled,Late
10391,P646,Engine Oil,Electronics,NextGen Supplies,Germany Warehouse,24-11-2024,26-11-2024,10-12-2024,Air,Asia,414,375.62,423.02,155506.68,385.51,909,7,Shipped,On-Time
10382,P240,Car Battery,Furniture,Alpha Traders, China Hub,12-06-2023,19-06-2023,29-06-2023,Air,Europe,154,129.78,194.33,19986.12,756.3,28,11,Returned,Late
10041,P168,Office Chair,electronics,Global Tech Ltd, China Hub,01-04-2024,08-04-2024,13-04-2024,Sea,North America,311,30.75,50.73 USD,9563.25,934.51,458,13,Returned,Late
10170,P592,Brake Pads,Automotive,Delta Exporters,Brazil Hub,15-01-2024,19-01-2024,22-01-2024,Truck, north america,361,406.59,$613.08,146778.99,872.69,699,2,Shipped,Late
10156,P112,Jeans,Automotive,Delta Exporters, China Hub,05-04-2023,09-04-2023,21-04-2023,Sea,Europe,295,69.13,136.26,20393.35,793.14,784,14,Delayed,Late
10263,P924,LED TV,Furniture,Alpha Traders,India DC,24-07-2024,28-07-2024,01-08-2024,Sea, north america,244,357.32,$414.17,87186.08,900.22,312,16,Delayed,Late
10319,P440,Sofa,Automotive ,NextGen Supplies,China Hub,15-05-2023,18-05-2023,25-05-2023,Express,South America,101,398.74,$623.56,40272.74,1144.87,678,14,Shipped,Late
10112,P660,Car Battery,Electronics ,Vertex Distributors, China Hub,11-15-2024,20-11-2024,27-11-2024,Air, north america,124,326.07,618.19,40432.68,1401.38,866,0,Shipped,Late
10314,P192,T-shirt,Electronics,Global Tech Ltd, China Hub,10-20-2023,22-10-2023,30-10-2023,Truck,EUROPE,429,260.09,406.66,111578.61,1866.78,584,6,Shipped,Late
10179,P729,Brake Pads,Furniture,Global Tech Ltd,USA warehouse,30-04-2024,01-05-2024,15-05-2024,Truck,North America,335,210.25,$260.63,70433.75,1332.63,572,19,Returned,Late
10114,P600,Office Chair,apparel,Prime Wholesale,India DC,03-18-2024,21-03-2024,24-03-2024,Truck,Asia,143,79.67,118.4,11392.81,6.03,565,15,Shipped,On-Time
10238,P776,Brake Pads,Apparel,Global Tech Ltd, China Hub,06-04-2024,11-04-2024,19-04-2024,Express,Europe,94,37.97,51.46,3569.18,1853.31,574,1,Delayed,On-Time
10199,P577,Frozen Pizza,Food,Vertex Distributors,China Hub,12-03-2023,15-03-2023,17-03-2023,Sea,South America,138,23.96,38.2,3306.48,377.9,987,-3,Returned,Late
10122,P114,Jeans,Electronics ,Prime Wholesale,USA warehouse,10-16-2023,19-10-2023,22-10-2023,Express,Asia,357,124.76,160.43,44539.32,569.2,871,1,Shipped,On-Time
10198,P330,Car Battery,Food,Delta Exporters,USA warehouse,08-05-2023,10-05-2023,17-05-2023,Sea, north america,91,88.49,123.96,8052.59,919.19,681,2,Shipped,On-Time
10083,P781,Sofa,Automotive ,Vertex Distributors,USA Warehouse,02-24-2023,03-03-2023,08-03-2023,Express,Europe,4,177.93,257.4,711.72,220.21,962,17,Shipped,Late
10127,P984,Laptop,Apparel,Vertex Distributors,USA Warehouse,08-08-2024,,,Express,South America,412,50.64,77.9 USD,20863.68,470.4,244,8,Delayed,Late
10212,P539,Sofa,Food,Prime Wholesale,India DC,11-11-2023,13-11-2023,22-11-2023,Sea,Europe,380,151.95,$238.11,57741,1447.72,721,5,Returned,On-Time
10110,P509,Jacket,Automotive,Prime Wholesale, China Hub,12-10-2024,13-10-2024,18-10-2024,Truck,Europe,63,252.14,381.51 USD,15884.82,1110.61,800,-3,Delayed,Late
10245,P733,Tablet,Electronics ,Prime Wholesale,USA warehouse,03-19-2024,,,Air, north america,319,261.29,353.9,83351.51,285.81,731,5,Shipped,Late
10214,P212,Headphones,Food,Alpha Traders,India DC,24-01-2023,30-01-2023,02-02-2023,Truck,North America,266,337.23,$510.51,89703.18,112.98,138,6,Shipped,On-Time
10217,P588,Engine Oil,electronics,Prime Wholesale,USA Warehouse,07-29-2023,02-08-2023,13-08-2023,Sea,Europe,468,5.22,7.99 USD,2442.96,1918.27,169,0,Shipped,Late
10042,P147,Laptop,Food,Global Tech Ltd,USA Warehouse,30-05-2023,31-05-2023,06-06-2023,Air, north america,147,469.42,853.21 USD,69004.74,965.96,983,3,Cancelled,On-Time
10181,P555,Tablet,Electronics,NextGen Supplies,China Hub,08-05-2024,07-08-2024,13-08-2024,Truck,South America,271,235.67,$408.14,63866.57,334.56,678,18,Cancelled,On-Time
10020,P577,Engine Oil,Electronics,Alpha Traders, China Hub,21-07-2024,26-07-2024,10-08-2024,Truck,EUROPE,261,455.78,877.75,118958.58,631.52,88,-1,Shipped,Late
10336,P620,Frozen Pizza,Electronics,NextGen Supplies, China Hub,30-11-2024,04-12-2024,12-12-2024,Truck,North America,459,90.9,137.61 USD,41723.1,1130.6,-12,4,Returned,On-Time
10132,P547,Engine Oil,Electronics ,NextGen Supplies,Germany Warehouse,19-08-2023,23-08-2023,27-08-2023,Air,North America,421,77.65,86.31 USD,32690.65,762.55,196,-3,Cancelled,On-Time
10465,P158,Jeans,Electronics,Orion Manufacturing,China Hub,03-23-2023,24-03-2023,02-04-2023,Air,Europe,377,167.96,294.05 USD,63320.92,1676.48,160,0,Delayed,Late
10462,P562,Jacket,apparel,Vertex Distributors,USA Warehouse,11-03-2023,13-03-2023,17-03-2023,Air,EUROPE,57,6.45,$10.7,367.65,1698.91,978,13,Cancelled,Late
10473,P892,Smartphone,Food,NextGen Supplies,Brazil Hub,06-02-2023,08-02-2023,12-02-2023,Express,Asia,492,292.12,330.11,143723.04,394.04,383,-1,Delayed,On-Time
10292,P168,Dining Table,Apparel,NextGen Supplies,Germany Warehouse,29-09-2023,06-10-2023,08-10-2023,Air,Europe,336,362.85,536.69 USD,121917.6,1828.69,449,-1,Shipped,Late
10031,P936,Jeans,electronics,Prime Wholesale,Brazil Hub,17-02-2023,19-02-2023,26-02-2023,Air,EUROPE,282,224.52,330.34 USD,63314.64,1480.4,253,-3,Returned,Late
10170,P650,Chocolate,Furniture,Vertex Distributors,Germany Warehouse,21-12-2023,25-12-2023,04-01-2024,Sea,EUROPE,285,174.65,320.97 USD,49775.25,1155.08,778,10,Returned,On-Time
10330,P144,Office Chair,Food,Vertex Distributors,India DC,25-02-2023,26-02-2023,03-03-2023,Express,South America,300,305.3,581.46,91590,819.46,246,17,Delayed,On-Time
10067,P210,Smartphone,electronics,Delta Exporters, China Hub,28-06-2024,29-06-2024,04-07-2024,Express,South America,198,394.22,524.35 USD,78055.56,1925.22,751,1,Returned,Late
10089,P372,Engine Oil,Electronics ,Delta Exporters,China Hub,04-07-2024,11-07-2024,22-07-2024,Sea,Europe,305,233.16,266.77,71113.8,216.94,846,9,Delayed,Late
10102,P725,Chocolate,Automotive,Vertex Distributors,USA Warehouse,05-04-2024,06-04-2024,15-04-2024,Air,EUROPE,284,240.28,264.48,68239.52,583.77,55,5,Delayed,Late
10495,P168,Sofa,Apparel,Orion Manufacturing, China Hub,03-12-2023,16-03-2023,22-03-2023,Truck, north america,306,212.99,$266.28,65174.94,1036.83,287,13,Cancelled,On-Time
10148,P522,Jeans,Food,Vertex Distributors, China Hub,05-24-2024,29-05-2024,09-06-2024,Express,Europe,356,95.98,159.9 USD,34168.88,414.03,998,3,Delayed,Late
10202,P899,Engine Oil,Electronics,Delta Exporters,USA warehouse,04-16-2023,20-04-2023,02-05-2023,Air,North America,141,161.54,282.19 USD,22777.14,1425.53,20,13,Delayed,On-Time
10335,P112,Tablet,apparel,Vertex Distributors,Germany Warehouse,09-19-2024,23-09-2024,05-10-2024,Express,EUROPE,356,265.54,$413.48,94532.24,518.07,648,16,Shipped,On-Time
10130,P103,Dining Table,electronics,Prime Wholesale,China Hub,19-03-2024,22-03-2024,27-03-2024,Air,Europe,131,241.15,279.98,31590.65,1169.61,186,-3,Cancelled,Late
10116,P557,Jacket,apparel,Vertex Distributors,Germany Warehouse,04-16-2023,17-04-2023,19-04-2023,Air,Asia,301,125.55,242.84,37790.55,1226.97,128,16,Delayed,On-Time
10334,P187,Laptop,Electronics,NextGen Supplies,China Hub,30-12-2023,06-01-2024,20-01-2024,Sea, north america,373,269.16,481.35 USD,100396.68,1305.17,761,13,Delayed,On-Time
10058,P507,Tablet,Electronics ,Prime Wholesale,China Hub,28-04-2023,02-05-2023,17-05-2023,Truck,EUROPE,417,447.36,$499.49,186549.12,46.51,463,7,Returned,On-Time
10268,P296,Sneakers,Furniture,NextGen Supplies,USA warehouse,20-06-2023,,,Sea,Europe,44,408.77,519.57 USD,17985.88,475.41,854,1,Delayed,On-Time
10231,P647,Office Chair,apparel,Orion Manufacturing,Brazil Hub,08-15-2024,17-08-2024,01-09-2024,Express,North America,120,259.29,484.99,31114.8,24.98,704,9,Delayed,On-Time
10231,P203,Sneakers,Automotive,Delta Exporters,India DC,26-09-2023,27-09-2023,07-10-2023,Truck,North America,421,247.35,444.73,104134.35,1666.16,43,7,Delayed,On-Time
10141,P211,Chocolate,apparel,Delta Exporters,China Hub,08-02-2024,13-02-2024,22-02-2024,Express,Asia,41,67.41,99.27,2763.81,1827.92,973,4,Delayed,Late
10431,P776,Office Chair,Furniture,NextGen Supplies,China Hub,30-03-2024,05-04-2024,17-04-2024,Truck,EUROPE,257,300.27,331.27,77169.39,1232.85,87,15,Delayed,Late
10417,P587,Jeans,electronics,Global Tech Ltd,China Hub,10-01-2024,12-01-2024,21-01-2024,Truck,Asia,457,274.66,519.12 USD,125519.62,1021.04,301,14,Delayed,On-Time
10089,P700,Car Battery,Apparel,Orion Manufacturing,USA warehouse,07-05-2024,09-05-2024,15-05-2024,Express,Europe,495,302.82,532.61,149895.9,1400.06,243,0,Delayed,On-Time
10287,P333,Engine Oil,Electronics,Delta Exporters,India DC,10-02-2023,15-02-2023,19-02-2023,Express,EUROPE,180,116.55,135.36,20979,893.52,11,13,Delayed,On-Time
10125,P781,LED TV,Automotive,NextGen Supplies,USA Warehouse,09-06-2024,,,Sea,South America,153,253.09,421.26,38722.77,322.63,170,2,Cancelled,Late
10088,P109,Chocolate,Automotive ,Vertex Distributors,USA Warehouse,30-08-2024,31-08-2024,08-09-2024,Air,Europe,478,350.6,551.63,167586.8,1270.05,321,9,Delayed,Late
10194,P506,Car Battery,apparel,NextGen Supplies,Brazil Hub,02-10-2023,17-02-2023,21-02-2023,Sea,Europe,388,152.99,243.8 USD,59360.12,1167.11,808,15,Returned,Late
10454,P323,Engine Oil,Automotive ,Orion Manufacturing,Germany Warehouse,21-02-2023,24-02-2023,26-02-2023,Sea,Europe,151,180.64,213.36,27276.64,873.77,224,18,Delayed,Late
10176,P526,LED TV,Automotive,Global Tech Ltd,China Hub,23-12-2023,25-12-2023,07-01-2024,Sea,Asia,279,239.68,455.36,66870.72,1004.61,525,10,Delayed,On-Time
10291,P458,Jacket,apparel,Prime Wholesale, China Hub,06-02-2024,,,Air,Asia,385,330.53,512.36,127254.05,347.91,401,5,Cancelled,Late
10456,P312,Dining Table,Apparel,Delta Exporters,China Hub,06-04-2024,07-04-2024,19-04-2024,Sea,North America,38,114.87,129.96,4365.06,1631.84,329,-3,Returned,On-Time
10392,P727,Engine Oil,apparel,Global Tech Ltd,Brazil Hub,07-23-2023,27-07-2023,01-08-2023,Air,Europe,450,68.69,118.63,30910.5,854.72,-37,4,Shipped,On-Time
10009,P539,Engine Oil,electronics,Prime Wholesale,China Hub,22-05-2023,24-05-2023,01-06-2023,Express,South America,53,312.97,469.82,16587.41,1742.46,507,19,Delayed,On-Time
10383,P389,Dining Table,Automotive,Vertex Distributors,Germany Warehouse,01-03-2023,06-03-2023,17-03-2023,Air,North America,211,277.17,529.57,58482.87,1503.28,613,20,Returned,On-Time
10020,P620,LED TV,Automotive,Delta Exporters, China Hub,10-14-2023,17-10-2023,19-10-2023,Sea, north america,242,148.71,206.27,35987.82,268.17,15,3,Returned,Late
10213,P807,Jeans,Electronics ,Delta Exporters,USA warehouse,30-03-2023,06-04-2023,13-04-2023,Air,Asia,15,120.12,219.22 USD,1801.8,1935.33,253,1,Cancelled,Late
10389,P645,Tablet,Apparel,Global Tech Ltd,USA Warehouse,24-06-2024,25-06-2024,10-07-2024,Air,Asia,490,389.67,695.42 USD,190938.3,1681.99,491,14,Cancelled,On-Time
10219,P738,LED TV,Automotive,Global Tech Ltd, China Hub,05-09-2023,10-09-2023,13-09-2023,Sea,South America,21,63.59,79.58,1335.39,338.16,951,3,Delayed,On-Time
10190,P386,Tablet,Electronics,Global Tech Ltd, China Hub,30-07-2024,31-07-2024,14-08-2024,Sea,North America,160,465.39,695.59,74462.4,1141.29,403,20,Delayed,On-Time
10067,P492,Tablet,electronics,Vertex Distributors,Germany Warehouse,27-01-2023,31-01-2023,14-02-2023,Air,South America,443,347.97,$438.43,154150.71,1386.63,784,15,Cancelled,Late
10321,P433,T-shirt,Apparel,NextGen Supplies,Germany Warehouse,11-08-2023,13-11-2023,17-11-2023,Express,South America,366,414.19,463.86,151593.54,1904.67,362,8,Returned,On-Time
10261,P165,Sofa,electronics,Vertex Distributors,USA Warehouse,03-11-2023,17-03-2023,28-03-2023,Truck,North America,161,289.91,410.46,46675.51,1251.55,50,17,Returned,Late
10366,P292,Sneakers,Electronics,Delta Exporters,Germany Warehouse,14-03-2023,,,Sea, north america,132,212.99,361.98,28114.68,1219.84,34,7,Shipped,On-Time
10369,P620,Smartphone,Electronics ,Prime Wholesale,USA warehouse,24-07-2024,29-07-2024,03-08-2024,Express,EUROPE,414,130.32,170.5,53952.48,1226.8,419,19,Returned,On-Time
10322,P422,Jacket,Food,Delta Exporters,Brazil Hub,02-06-2023,13-02-2023,27-02-2023,Air,South America,380,387.59,642.58,147284.2,1058.91,422,1,Delayed,On-Time
10264,P347,Dining Table,Automotive,NextGen Supplies,USA Warehouse,19-07-2023,,,Truck,EUROPE,406,244.12,420.02,99112.72,5.65,223,7,Returned,On-Time
10108,P135,Office Chair,Furniture,Global Tech Ltd,Brazil Hub,01-05-2023,11-01-2023,24-01-2023,Sea,North America,328,25.81,43.96 USD,8465.68,6196,873,3,Shipped,On-Time
10480,P500,Frozen Pizza,Automotive,Vertex Distributors,USA warehouse,05-27-2023,02-06-2023,07-06-2023,Truck,South America,494,437.68,$627.53,216213.92,1450.72,996,5,Delayed,On-Time
10309,P247,Chocolate,apparel,Global Tech Ltd,USA Warehouse,04-05-2024,11-05-2024,14-05-2024,Truck,North America,229,82.98,$100.68,19002.42,564.41,155,20,Cancelled,Late
10485,P429,Sofa,electronics,Vertex Distributors,USA warehouse,11-02-2024,12-02-2024,16-02-2024,Sea,EUROPE,455,351.72,$471.57,160032.6,540.4,313,3,Returned,On-Time
10080,P271,T-shirt,Food,NextGen Supplies,China Hub,12-10-2023,14-10-2023,23-10-2023,Sea,Europe,183,150.88,256.74 USD,27611.04,944.93,623,16,Shipped,On-Time
10323,P346,Headphones,Apparel,Alpha Traders,India DC,23-04-2024,24-04-2024,09-05-2024,Express,Europe,364,373.36,$701.19,135903.04,1870.14,-10,-2,Returned,On-Time
10230,P802,Chocolate,apparel,Orion Manufacturing, China Hub,18-03-2024,21-03-2024,05-04-2024,Sea,South America,321,31.54,$39.99,10124.34,475.24,376,20,Shipped,Late
10040,P193,Tablet,Electronics,Prime Wholesale,USA Warehouse,07-08-2024,12-08-2024,27-08-2024,Air,EUROPE,268,222.65,273.42,59670.2,9.33,853,11,Returned,On-Time
10029,P826,Car Battery,Electronics ,Delta Exporters,India DC,07-08-2024,13-07-2024,27-07-2024,Express,Asia,68,415.22,537.69 USD,28234.96,1397.03,991,9,Delayed,Late
10431,P818,Frozen Pizza,Apparel,Delta Exporters, China Hub,16-08-2024,20-08-2024,30-08-2024,Express,Europe,292,212.29,246.7,61988.68,1679.52,16,11,Delayed,On-Time
10012,P932,LED TV,Electronics ,NextGen Supplies,USA warehouse,01-22-2023,,,Sea, north america,492,43.88,75.24,21588.96,122.48,255,0,Shipped,Late
10262,P227,Headphones,Automotive ,Prime Wholesale, China Hub,15-04-2023,18-04-2023,22-04-2023,Truck,South America,259,468.93,$903.69,121452.87,287.32,666,20,Cancelled,Late
10039,P135,Sneakers,Apparel,Global Tech Ltd,USA warehouse,21-04-2024,28-04-2024,03-05-2024,Truck,EUROPE,398,224.1,354.01,89191.8,681.44,39,2,Cancelled,Late
10186,P523,Jacket,apparel,Global Tech Ltd,USA warehouse,08-06-2023,15-06-2023,23-06-2023,Air,South America,294,21.14,33.83 USD,6215.16,1152.71,362,7,Returned,Late
10169,P525,Laptop,Furniture,Alpha Traders, China Hub,08-08-2024,13-08-2024,20-08-2024,Air, north america,283,340.68,543.48,96412.44,1796.43,950,15,Cancelled,Late
10351,P664,Brake Pads,Electronics ,NextGen Supplies,China Hub,30-05-2023,06-06-2023,10-06-2023,Sea,South America,397,452.46,584.7 USD,179626.62,533.79,925,14,Delayed,Late
10146,P136,Headphones,Furniture,Prime Wholesale,Germany Warehouse,15-05-2023,20-05-2023,26-05-2023,Express,South America,213,397.35,528.2 USD,84635.55,50.03,-47,-2,Cancelled,On-Time
10465,P598,Jacket,Furniture,Vertex Distributors,USA warehouse,29-11-2023,30-11-2023,14-12-2023,Air,North America,92,89.74,$163.07,8256.08,6391.6,-28,1,Cancelled,Late
10329,P572,Headphones,Automotive ,Prime Wholesale,USA warehouse,10-12-2023,17-12-2023,27-12-2023,Air,South America,6,60.2,103.46 USD,361.2,860.39,423,4,Shipped,Late
10418,P348,Jeans,apparel,Vertex Distributors,Brazil Hub,29-06-2023,01-07-2023,06-07-2023,Truck,South America,263,174.53,$326.29,45901.39,1684.87,204,16,Returned,Late
10420,P345,T-shirt,apparel,Delta Exporters,Germany Warehouse,02-09-2024,06-09-2024,20-09-2024,Truck, north america,273,421.32,550.8 USD,115020.36,171.53,919,3,Shipped,On-Time
10160,P696,Laptop,Furniture,Vertex Distributors,India DC,04-09-2024,07-09-2024,12-09-2024,Sea,Asia,24,402.69,589.79 USD,9664.56,1065.64,541,17,Delayed,Late
10240,P558,Tablet,Food,Prime Wholesale,China Hub,01-06-2023,12-01-2023,21-01-2023,Truck,Asia,393,145.09,$254.96,57020.37,472.82,247,3,Delayed,On-Time
10077,P738,Jeans,Electronics,Vertex Distributors,USA Warehouse,12-06-2024,16-06-2024,20-06-2024,Air,EUROPE,450,121.35,$174.29,54607.5,582.14,-4,3,Cancelled,On-Time
10278,P882,Dining Table,electronics,Delta Exporters,China Hub,17-11-2023,,,Sea,North America,299,409.79,801.48 USD,122527.21,1452.58,390,3,Cancelled,On-Time
10210,P629,T-shirt,Electronics ,Vertex Distributors,USA warehouse,30-01-2024,06-02-2024,21-02-2024,Air,South America,280,329.72,644.98,92321.6,1751.06,271,15,Returned,Late
10368,P456,LED TV,Electronics ,Orion Manufacturing,USA Warehouse,10-04-2024,17-04-2024,25-04-2024,Truck,North America,199,178.29,296.34,35479.71,1187.36,56,7,Shipped,Late
10009,P568,Sneakers,Automotive ,Prime Wholesale,USA Warehouse,25-08-2023,27-08-2023,07-09-2023,Sea,Asia,38,7.17,13.58 USD,272.46,935.47,572,19,Delayed,On-Time
10047,P623,Headphones,electronics,Orion Manufacturing,Brazil Hub,04-09-2024,06-09-2024,10-09-2024,Truck,North America,339,308.91,593.27,104720.49,16.1,781,10,Shipped,On-Time
10238,P926,Dining Table,electronics,Global Tech Ltd,India DC,23-05-2024,27-05-2024,02-06-2024,Sea,North America,460,22.7,28.06 USD,10442,328.99,536,-1,Cancelled,On-Time
10328,P788,Jeans,Food,Alpha Traders,Germany Warehouse,02-09-2024,06-09-2024,12-09-2024,Express,North America,211,475.15,604.82,100256.65,1985.95,241,17,Returned,Late
10082,P213,Brake Pads,Automotive,Orion Manufacturing,India DC,09-10-2023,17-09-2023,02-10-2023,Truck, north america,434,345.4,$511.89,149903.6,335.22,855,18,Delayed,On-Time
10071,P416,Engine Oil,Apparel,Vertex Distributors,USA warehouse,09-11-2023,,,Sea,Europe,311,71.92,$103.3,22367.12,283.02,413,8,Cancelled,On-Time
10035,P921,Tablet,apparel,Delta Exporters,India DC,30-01-2023,06-02-2023,21-02-2023,Express,North America,311,228.7,$274.15,71125.7,4043.8,777,10,Cancelled,On-Time
10047,P162,Jeans,Automotive,Vertex Distributors,Germany Warehouse,21-11-2024,26-11-2024,02-12-2024,Truck,Asia,96,378.96,528.6,36380.16,724.07,642,11,Returned,Late
10443,P319,Jeans,Electronics ,Global Tech Ltd,USA warehouse,01-19-2024,23-01-2024,31-01-2024,Truck,Europe,277,51.14,74.22,14165.78,487.85,88,5,Delayed,On-Time
10131,P754,Brake Pads,Food,Orion Manufacturing,Brazil Hub,11-11-2024,13-11-2024,16-11-2024,Truck,EUROPE,165,401.39,494.61 USD,66229.35,1008.94,-18,19,Cancelled,Late
10359,P769,Headphones,electronics,Prime Wholesale,Germany Warehouse,16-10-2024,23-10-2024,28-10-2024,Express,South America,127,123.35,173.52,15665.45,364.1,444,5,Shipped,Late
10005,P940,T-shirt,apparel,NextGen Supplies,Brazil Hub,01-18-2024,21-01-2024,24-01-2024,Air,Asia,426,8.39,13.45 USD,3574.14,1824.67,603,13,Delayed,On-Time
10370,P771,Brake Pads,electronics,Alpha Traders,USA Warehouse,01-10-2023,06-10-2023,09-10-2023,Sea,South America,79,148.37,264.0 USD,11721.23,74.6,716,9,Shipped,On-Time
10132,P985,Sofa,Furniture,Global Tech Ltd, China Hub,11-30-2023,03-12-2023,05-12-2023,Express,South America,470,174.94,236.02,82221.8,1856.36,442,16,Delayed,On-Time
10348,P170,T-shirt,electronics,Vertex Distributors,China Hub,12-10-2023,13-12-2023,18-12-2023,Truck,EUROPE,214,256.02,$408.18,54788.28,690.02,958,-2,Delayed,On-Time
10076,P448,Brake Pads,Food,Alpha Traders,USA warehouse,08-03-2024,04-08-2024,10-08-2024,Truck,North America,415,389.77,$574.07,161754.55,236.49,636,5,Returned,On-Time
10209,P315,Engine Oil,Automotive ,Alpha Traders, China Hub,29-11-2023,04-12-2023,13-12-2023,Air,South America,94,412.76,$557.03,38799.44,875.97,814,5,Delayed,Late
10472,P122,Sneakers,Automotive ,Global Tech Ltd, China Hub,03-03-2023,07-03-2023,14-03-2023,Sea,EUROPE,131,214.08,343.68 USD,28044.48,210.81,342,0,Shipped,On-Time
10403,P485,Brake Pads,Electronics,Global Tech Ltd,USA warehouse,07-02-2024,,,Truck, north america,208,71.18,117.35,14805.44,924.13,869,13,Shipped,On-Time
10457,P806,Laptop,Automotive ,Orion Manufacturing,USA Warehouse,24-01-2024,30-01-2024,14-02-2024,Truck,Europe,354,392.58,667.24 USD,138973.32,1772.87,250,10,Cancelled,On-Time
10343,P587,Jeans,apparel,Global Tech Ltd,Brazil Hub,29-01-2023,,,Air,North America,437,485.35,$730.76,212097.95,1181.8,936,13,Returned,On-Time
10458,P366,Frozen Pizza,Automotive,NextGen Supplies,Brazil Hub,06-07-2024,08-06-2024,14-06-2024,Truck, north america,355,10.82,13.51,3841.1,194.94,381,2,Shipped,Late
10227,P984,Dining Table,electronics,Vertex Distributors,India DC,06-27-2023,02-07-2023,10-07-2023,Truck,Asia,117,81.97,100.74 USD,9590.49,1499.9,305,4,Cancelled,Late
10401,P437,Laptop,Automotive,Prime Wholesale,Germany Warehouse,01-10-2023,04-10-2023,14-10-2023,Express,Europe,44,186.46,$351.56,8204.24,1751.88,-1,15,Delayed,On-Time
10462,P248,Engine Oil,Food,Orion Manufacturing,Germany Warehouse,04-29-2023,01-05-2023,15-05-2023,Truck,Europe,40,27.64,52.76,1105.6,538.78,232,10,Shipped,On-Time
10338,P580,Office Chair,Food,Orion Manufacturing, China Hub,15-11-2024,19-11-2024,24-11-2024,Sea,South America,124,391.81,512.55,48584.44,413.44,308,1,Returned,On-Time
10216,P924,Jeans,Automotive ,Orion Manufacturing,USA warehouse,10-15-2024,,,Air, north america,222,294.5,476.46 USD,65379,47.9,170,0,Cancelled,On-Time
10144,P722,Sofa,Apparel,Alpha Traders,India DC,01-02-2024,03-02-2024,16-02-2024,Sea,Asia,194,458.25,914.21 USD,88900.5,783.12,128,8,Shipped,On-Time
10412,P402,T-shirt,Automotive,NextGen Supplies,Brazil Hub,09-02-2023,05-09-2023,12-09-2023,Truck,North America,248,172.53,307.07,42787.44,1292.72,374,8,Returned,Late
10234,P253,Jacket,electronics,Alpha Traders,China Hub,12-06-2024,19-06-2024,29-06-2024,Sea,Asia,149,113.61,$127.2,16927.89,314.57,385,-2,Shipped,On-Time
10267,P703,Jacket,Food,Orion Manufacturing,USA warehouse,07-14-2023,20-07-2023,23-07-2023,Sea,Asia,314,147.02,274.52 USD,46164.28,1369.58,451,17,Returned,Late
10268,P256,Jacket,Automotive ,Prime Wholesale, China Hub,02-05-2024,06-02-2024,13-02-2024,Sea,Asia,485,341.86,538.04,165802.1,1230.8,525,3,Shipped,On-Time
10450,P184,Car Battery,electronics,Orion Manufacturing,Germany Warehouse,03-02-2024,07-02-2024,22-02-2024,Truck,Asia,159,324.12,566.21,51535.08,1657.08,275,7,Shipped,On-Time
10234,P339,LED TV,apparel,Prime Wholesale,China Hub,02-16-2024,20-02-2024,25-02-2024,Sea,EUROPE,203,24.99,$36.67,5072.97,1807.9,747,20,Shipped,Late
10481,P675,Smartphone,Food,NextGen Supplies,USA warehouse,10-17-2023,21-10-2023,03-11-2023,Express,Asia,383,14.65,21.2,5610.95,1538.14,77,2,Shipped,On-Time
10187,P384,Laptop,electronics,Global Tech Ltd,China Hub,07-04-2024,14-04-2024,21-04-2024,Sea, north america,52,359.63,680.55 USD,18700.76,1324.72,31,1,Delayed,On-Time
10235,P894,Office Chair,electronics,Vertex Distributors,India DC,26-08-2023,01-09-2023,05-09-2023,Truck,Europe,319,98.22,119.37,31332.18,171.41,347,8,Returned,On-Time
10274,P687,Engine Oil,apparel,Alpha Traders,India DC,19-11-2023,21-11-2023,25-11-2023,Express,Europe,168,280.01,347.7 USD,47041.68,1888.33,439,8,Returned,Late
10266,P118,Laptop,Electronics ,Orion Manufacturing,China Hub,01-26-2024,29-01-2024,10-02-2024,Truck,Europe,412,136.86,$264.3,56386.32,594.24,237,1,Returned,Late
10272,P914,Dining Table,Electronics ,Orion Manufacturing,USA warehouse,23-01-2024,27-01-2024,11-02-2024,Truck,EUROPE,64,14.96,18.35,957.44,237.24,657,15,Delayed,On-Time
10407,P116,Brake Pads,Automotive,Alpha Traders,Brazil Hub,03-08-2024,10-08-2024,18-08-2024,Truck,Europe,32,226.54,$274.74,7249.28,423.07,955,-2,Delayed,Late
10319,P703,Frozen Pizza,Automotive,Vertex Distributors,USA Warehouse,05-06-2024,08-06-2024,17-06-2024,Air,Asia,110,487.8,$909.17,53658,183.01,400,6,Returned,On-Time
10041,P683,Car Battery,electronics,Vertex Distributors, China Hub,04-25-2023,,,Sea,Europe,455,89.01,121.45,40499.55,271.51,786,2,Shipped,On-Time
10478,P150,Office Chair,apparel,Global Tech Ltd,Brazil Hub,12-09-2023,18-09-2023,28-09-2023,Sea,South America,261,48.05,63.67 USD,12541.05,847.09,997,4,Cancelled,Late
10385,P448,Frozen Pizza,Automotive ,Prime Wholesale,Brazil Hub,11-26-2023,,,Truck,EUROPE,21,246.24,365.87,5171.04,1490.07,159,0,Delayed,Late
10033,P601,Headphones,Automotive ,Orion Manufacturing,Brazil Hub,11-24-2024,27-11-2024,03-12-2024,Sea,Asia,324,123.74,$233.26,40091.76,1241.11,168,3,Delayed,On-Time
10443,P889,Brake Pads,Automotive,NextGen Supplies,USA Warehouse,15-08-2023,18-08-2023,31-08-2023,Truck,South America,218,329.3,$512.39,71787.4,43.69,416,20,Delayed,On-Time
10319,P613,Tablet,Food,Alpha Traders,Germany Warehouse,08-05-2024,14-05-2024,29-05-2024,Sea,EUROPE,478,340.84,472.71,162921.52,484.78,923,14,Shipped,Late
10355,P947,Car Battery,Apparel,Delta Exporters,China Hub,20-11-2023,23-11-2023,25-11-2023,Sea, north america,187,408.26,601.17,76344.62,670.37,634,14,Delayed,Late
10174,P844,Headphones,Furniture,Global Tech Ltd, China Hub,04-16-2024,,,Air,Asia,28,125.76,167.96,3521.28,986.56,579,5,Shipped,On-Time
10059,P276,Chocolate,Automotive,Delta Exporters,Brazil Hub,19-11-2024,20-11-2024,27-11-2024,Truck,EUROPE,339,121.82,$193.15,41296.98,994.59,924,1,Cancelled,On-Time
10196,P986,Jeans,electronics,Delta Exporters,USA Warehouse,09-22-2024,29-09-2024,08-10-2024,Express, north america,118,84.21,158.39,9936.78,360.51,482,17,Cancelled,On-Time
10157,P411,LED TV,Automotive ,NextGen Supplies,Brazil Hub,02-09-2024,11-02-2024,25-02-2024,Truck,South America,497,31.58,50.39,15695.26,481.08,-19,0,Delayed,On-Time
10212,P125,Office Chair,electronics,Orion Manufacturing,Brazil Hub,25-05-2023,27-05-2023,02-06-2023,Truck,South America,309,346.23,618.11,106985.07,479.86,771,11,Cancelled,Late
10206,P899,Chocolate,apparel,Vertex Distributors,Brazil Hub,27-04-2024,03-05-2024,16-05-2024,Truck,Asia,271,495.96,$960.52,134405.16,769.57,745,20,Delayed,Late
10127,P822,Jacket,Electronics ,Alpha Traders,China Hub,16-10-2023,21-10-2023,26-10-2023,Air,Europe,364,469.15,$857.53,170770.6,269.1,818,19,Returned,On-Time
10336,P950,Chocolate,Automotive ,NextGen Supplies,USA warehouse,10-01-2023,03-10-2023,09-10-2023,Express, north america,179,261.53,$451.11,46813.87,1221.24,660,20,Returned,On-Time
10404,P223,Sneakers,Electronics,Global Tech Ltd,Germany Warehouse,25-10-2024,31-10-2024,03-11-2024,Truck,Europe,360,97.6,145.62 USD,35136,1426.46,-2,16,Shipped,On-Time
10403,P952,Headphones,electronics,Vertex Distributors,China Hub,13-04-2023,18-04-2023,27-04-2023,Truck,South America,132,348.11,443.26,45950.52,1846.81,396,5,Delayed,On-Time
10485,P812,T-shirt,apparel,Delta Exporters,USA Warehouse,29-09-2023,04-10-2023,11-10-2023,Sea,North America,425,113.21,225.44 USD,48114.25,236.58,872,1,Delayed,Late
10141,P609,Headphones,electronics,Delta Exporters,India DC,11-12-2023,14-11-2023,18-11-2023,Sea, north america,297,354.43,592.73 USD,105265.71,1711.79,948,-2,Shipped,Late
10056,P141,Engine Oil,Food,Global Tech Ltd,USA Warehouse,03-10-2023,09-10-2023,20-10-2023,Air,Europe,83,498.24,786.19 USD,41353.92,386.54,541,9,Returned,Late
10182,P249,Frozen Pizza,Automotive,Global Tech Ltd,Brazil Hub,27-05-2024,01-06-2024,06-06-2024,Truck,South America,299,124.7,203.67 USD,37285.3,1762.5,679,1,Cancelled,Late
10084,P770,Engine Oil,electronics,Alpha Traders,Germany Warehouse,23-06-2023,25-06-2023,01-07-2023,Truck,Asia,410,65.36,83.62 USD,26797.6,963.48,789,12,Shipped,Late
10197,P347,T-shirt,Furniture,Orion Manufacturing,USA Warehouse,21-06-2023,27-06-2023,02-07-2023,Truck,South America,171,114.52,$188.59,19582.92,1393.09,533,14,Shipped,Late
10089,P355,Laptop,Electronics,Global Tech Ltd,USA warehouse,13-06-2024,18-06-2024,30-06-2024,Truck,Europe,231,196.03,$293.57,45282.93,795.54,42,2,Cancelled,Late
10097,P156,Sofa,Apparel,Global Tech Ltd,China Hub,25-12-2023,30-12-2023,08-01-2024,Air,South America,87,454.51,518.76,39542.37,131.08,209,-3,Cancelled,Late
10143,P988,Car Battery,electronics,Global Tech Ltd,Brazil Hub,20-10-2024,23-10-2024,30-10-2024,Air,Europe,1,343.25,649.13,343.25,1314.86,320,-2,Shipped,Late
10332,P151,T-shirt,Food,NextGen Supplies,India DC,22-10-2023,23-10-2023,07-11-2023,Sea,South America,190,229.7,$439.02,43643,101.44,614,10,Shipped,On-Time
10384,P463,Smartphone,electronics,NextGen Supplies,USA Warehouse,20-06-2024,21-06-2024,30-06-2024,Sea,North America,237,446.6,527.49,105844.2,290.16,672,1,Cancelled,On-Time
10025,P158,Sneakers,Electronics,Alpha Traders,Brazil Hub,11-11-2024,14-11-2024,28-11-2024,Truck,EUROPE,141,478.06,798.31,67406.46,440.68,906,4,Returned,Late
10301,P570,Office Chair,Electronics,NextGen Supplies, China Hub,06-08-2023,13-08-2023,23-08-2023,Sea,North America,124,421.82,792.15 USD,52305.68,669.35,216,15,Shipped,Late
10369,P370,Tablet,Food,Delta Exporters,China Hub,28-09-2024,05-10-2024,18-10-2024,Sea, north america,278,200.8,272.18,55822.4,55.62,374,1,Returned,On-Time
10176,P908,Tablet,electronics,Orion Manufacturing,India DC,22-05-2024,28-05-2024,05-06-2024,Sea,North America,265,223.3,342.81 USD,59174.5,50.14,980,13,Shipped,On-Time
10038,P522,Frozen Pizza,Apparel,NextGen Supplies,Brazil Hub,12-01-2024,18-01-2024,24-01-2024,Air,South America,315,196.42,336.56 USD,61872.3,1910.24,802,4,Delayed,On-Time
10274,P253,Office Chair,apparel,Prime Wholesale,India DC,18-07-2024,25-07-2024,06-08-2024,Truck,Europe,414,432.01,819.93 USD,178852.14,163.43,619,18,Shipped,On-Time
10486,P411,Tablet,Automotive,Delta Exporters,Germany Warehouse,09-23-2024,26-09-2024,03-10-2024,Truck,Asia,81,270.49,398.77 USD,21909.69,895.75,232,7,Returned,Late
10258,P270,Car Battery,Electronics ,Delta Exporters,Brazil Hub,06-01-2023,07-06-2023,11-06-2023,Express,South America,362,60.18,96.84 USD,21785.16,1867.3,359,5,Returned,On-Time
10444,P654,Car Battery,Electronics ,Prime Wholesale, China Hub,18-07-2023,19-07-2023,22-07-2023,Truck,South America,381,269.72,$447.03,102763.32,1288.59,975,7,Delayed,Late
10083,P191,Sneakers,Automotive ,Delta Exporters, China Hub,13-02-2024,20-02-2024,28-02-2024,Express,Asia,47,355.63,438.61,16714.61,257.79,358,-3,Shipped,On-Time
10160,P667,Headphones,Apparel,Vertex Distributors,India DC,03-10-2023,08-10-2023,10-10-2023,Sea,EUROPE,23,195.11,323.11,4487.53,503.33,499,13,Shipped,On-Time
10319,P112,Dining Table,Automotive,Prime Wholesale,India DC,27-06-2024,,,Air,North America,214,480.18,635.77,102758.52,1744.4,266,16,Returned,Late
10326,P621,Car Battery,Furniture,Delta Exporters,China Hub,28-04-2023,04-05-2023,18-05-2023,Sea,North America,437,85.19,104.56 USD,37228.03,1107.53,949,15,Returned,Late
10456,P641,Laptop,Automotive ,Vertex Distributors,USA Warehouse,15-02-2024,18-02-2024,24-02-2024,Truck,Asia,80,417.62,681.13,33409.6,591.63,611,13,Delayed,Late
10315,P178,Frozen Pizza,Food,Prime Wholesale,USA warehouse,04-02-2023,08-04-2023,12-04-2023,Sea,Europe,179,470.91,869.4,84292.89,838.32,563,8,Shipped,Late
10456,P295,Brake Pads,Furniture,NextGen Supplies,China Hub,05-06-2024,11-06-2024,19-06-2024,Truck,Asia,452,388.92,754.66,175791.84,1482.97,994,10,Cancelled,Late
10447,P768,Sneakers,apparel,Alpha Traders,India DC,11-15-2023,16-11-2023,23-11-2023,Truck,South America,167,321.35,446.75,53665.45,1022.98,-3,15,Delayed,On-Time
10285,P928,Dining Table,Electronics,NextGen Supplies,India DC,02-02-2024,03-02-2024,10-02-2024,Express, north america,270,408.88,$613.36,110397.6,1091.72,982,13,Cancelled,Late
10123,P991,Frozen Pizza,Electronics ,Alpha Traders, China Hub,16-04-2023,20-04-2023,01-05-2023,Truck,North America,331,184.43,270.03 USD,61046.33,955.48,869,10,Cancelled,Late
10153,P198,Jeans,Electronics ,Orion Manufacturing,Germany Warehouse,17-07-2023,21-07-2023,27-07-2023,Air,South America,290,451.67,$594.2,130984.3,586.81,721,18,Cancelled,On-Time
10229,P347,Dining Table,apparel,NextGen Supplies,Germany Warehouse,04-22-2024,24-04-2024,05-05-2024,Air,North America,472,183.79,320.41 USD,86748.88,1553.95,761,6,Returned,Late
10488,P751,Sofa,Automotive ,Prime Wholesale, China Hub,19-02-2023,,,Sea,Europe,228,139.6,261.63 USD,31828.8,1781.08,41,0,Shipped,On-Time
10251,P730,Sneakers,Food,NextGen Supplies, China Hub,04-13-2024,20-04-2024,04-05-2024,Air,South America,175,97.18,162.85 USD,17006.5,1501.05,391,10,Cancelled,On-Time
10354,P219,Engine Oil,Food,Global Tech Ltd,Brazil Hub,19-02-2024,25-02-2024,02-03-2024,Truck,North America,407,395,778.16 USD,160765,1653.42,785,5,Delayed,Late
10327,P498,Sofa,Automotive ,Delta Exporters,USA Warehouse,22-04-2023,24-04-2023,08-05-2023,Truck,EUROPE,358,32.43,39.03,11609.94,949.33,553,6,Cancelled,Late
10140,P886,Engine Oil,Automotive ,Orion Manufacturing,Germany Warehouse,03-30-2024,02-04-2024,13-04-2024,Sea,North America,79,270.33,528.25,21356.07,1356.82,935,6,Cancelled,Late
10125,P693,Jacket,Electronics ,Global Tech Ltd,Brazil Hub,11-02-2023,09-11-2023,21-11-2023,Sea,South America,168,134.99,$229.59,22678.32,863.87,122,6,Returned,On-Time
10308,P699,Car Battery,Electronics ,Alpha Traders,USA Warehouse,24-05-2024,26-05-2024,09-06-2024,Sea,Asia,119,11.69,$18.5,1391.11,302.19,987,17,Returned,Late
10267,P957,Chocolate,Automotive,Alpha Traders,India DC,03-13-2023,20-03-2023,23-03-2023,Truck,South America,439,33.38,39.47 USD,14653.82,937.59,109,11,Shipped,On-Time
10447,P281,Laptop,apparel,Vertex Distributors,India DC,24-09-2024,29-09-2024,10-10-2024,Express,Asia,347,333.12,656.6,115592.64,1323.56,818,1,Delayed,Late
10283,P449,Car Battery,Apparel,Vertex Distributors, China Hub,04-09-2024,09-09-2024,20-09-2024,Express,EUROPE,46,220,$405.57,10120,1778.96,470,2,Returned,On-Time
10342,P396,Engine Oil,Food,NextGen Supplies,Germany Warehouse,25-05-2024,27-05-2024,08-06-2024,Air, north america,68,298.22,352.35,20278.96,1862.92,110,4,Shipped,Late
10024,P687,Headphones,Electronics ,Orion Manufacturing,China Hub,02-09-2024,06-09-2024,13-09-2024,Sea, north america,319,173.8,340.23,55442.2,567.91,496,18,Delayed,On-Time
10429,P844,Jeans,apparel,NextGen Supplies,China Hub,05-18-2023,19-05-2023,25-05-2023,Truck,EUROPE,423,130.55,$184.16,55222.65,1643.23,859,9,Returned,Late
10238,P385,Office Chair,Apparel,Orion Manufacturing, China Hub,07-13-2024,20-07-2024,03-08-2024,Sea, north america,413,243.75,455.11,100668.75,1438.21,297,-3,Delayed,On-Time
10198,P737,Laptop,Food,Prime Wholesale,USA Warehouse,15-08-2024,,,Sea,South America,355,277.56,$305.77,98533.8,491.05,921,-2,Returned,On-Time
10394,P278,Car Battery,Furniture,NextGen Supplies,USA Warehouse,06-05-2023,11-05-2023,16-05-2023,Air,Europe,145,153.75,209.85 USD,22293.75,835.92,679,1,Shipped,On-Time
10456,P347,LED TV,Furniture,Vertex Distributors,Brazil Hub,05-09-2024,06-09-2024,09-09-2024,Express,South America,24,176.8,238.11 USD,4243.2,1863.13,-18,2,Shipped,Late
10233,P134,Brake Pads,apparel,Global Tech Ltd, China Hub,22-10-2023,23-10-2023,28-10-2023,Sea,EUROPE,120,108.11,195.74,12973.2,404.33,234,18,Cancelled,Late
10272,P304,Sofa,Apparel,NextGen Supplies,USA Warehouse,26-04-2023,28-04-2023,03-05-2023,Air,Europe,234,23.28,$40.55,5447.52,421.24,637,5,Cancelled,On-Time
10470,P159,Jeans,apparel,Vertex Distributors,China Hub,06-18-2024,24-06-2024,29-06-2024,Express,Europe,294,423.81,504.56,124600.14,772.33,820,9,Cancelled,On-Time
10341,P821,Smartphone,apparel,Vertex Distributors, China Hub,10-19-2023,22-10-2023,26-10-2023,Sea,North America,369,61.12,$101.06,22553.28,386.14,24,12,Delayed,On-Time
10380,P619,Engine Oil,Apparel,Orion Manufacturing,USA warehouse,08-28-2024,01-09-2024,07-09-2024,Truck,Europe,304,369.02,417.37 USD,112182.08,1423.9,827,3,Shipped,Late
10232,P490,T-shirt,Automotive ,Orion Manufacturing, China Hub,12-07-2024,19-07-2024,27-07-2024,Express,EUROPE,419,14.68,26.59 USD,6150.92,7102.9,863,3,Delayed,Late
10057,P173,Frozen Pizza,Food,Prime Wholesale,China Hub,20-08-2024,22-08-2024,01-09-2024,Sea, north america,491,305.64,498.37 USD,150069.24,1664.71,620,-2,Delayed,On-Time
10346,P911,Car Battery,Electronics ,NextGen Supplies, China Hub,02-01-2023,03-01-2023,08-01-2023,Sea,South America,302,322.93,359.54,97524.86,357.29,957,0,Cancelled,On-Time
10455,P743,Car Battery,Food,Prime Wholesale,USA Warehouse,08-17-2024,18-08-2024,22-08-2024,Truck,Asia,59,301.56,378.92 USD,17792.04,864.38,354,11,Returned,On-Time
10455,P212,Headphones,apparel,Alpha Traders,Brazil Hub,08-25-2023,31-08-2023,08-09-2023,Truck,Asia,106,238.08,457.71,25236.48,545.06,57,1,Delayed,Late
10320,P690,LED TV,electronics,Prime Wholesale,USA warehouse,27-07-2024,03-08-2024,15-08-2024,Truck,North America,232,201.4,293.17,46724.8,1823.43,141,3,Returned,Late
10334,P182,LED TV,Furniture,NextGen Supplies,Germany Warehouse,21-09-2024,23-09-2024,02-10-2024,Sea, north america,82,311.2,608.67 USD,25518.4,1867.64,395,16,Returned,On-Time
10144,P542,Frozen Pizza,Food,Orion Manufacturing,India DC,10-06-2023,11-10-2023,16-10-2023,Express,Asia,254,300.86,$516.54,76418.44,1676.45,58,-1,Delayed,On-Time
10258,P991,Smartphone,Apparel,Orion Manufacturing,Germany Warehouse,21-07-2024,28-07-2024,30-07-2024,Sea, north america,45,465.77,808.73,20959.65,233.69,864,6,Returned,Late
10334,P780,LED TV,Apparel,NextGen Supplies,USA warehouse,09-16-2024,21-09-2024,01-10-2024,Express,North America,152,100.85,148.75,15329.2,1072.5,253,-3,Cancelled,On-Time
10113,P871,Laptop,Food,Global Tech Ltd, China Hub,01-10-2023,05-10-2023,18-10-2023,Express,North America,217,189.57,308.44,41136.69,821.24,525,6,Delayed,Late
10183,P749,T-shirt,Electronics,Orion Manufacturing,China Hub,06-02-2024,08-02-2024,22-02-2024,Truck,South America,458,11.17,20.4 USD,5115.86,64.65,432,13,Shipped,Late
10359,P194,Jacket,Electronics,Delta Exporters,USA warehouse,08-08-2024,14-08-2024,19-08-2024,Truck,North America,168,371.23,739.49,62366.64,323.75,944,20,Shipped,Late
10057,P374,Chocolate,apparel,NextGen Supplies,USA warehouse,05-03-2023,10-05-2023,23-05-2023,Air,North America,405,137.54,243.23,55703.7,1695.71,17,16,Returned,Late
10048,P395,Frozen Pizza,Electronics ,Global Tech Ltd, China Hub,04-03-2024,07-04-2024,14-04-2024,Truck,Asia,483,228.68,$440.73,110452.44,368.97,851,20,Cancelled,Late
10141,P422,Jacket,Furniture,Prime Wholesale,India DC,11-10-2023,14-10-2023,16-10-2023,Sea,South America,5,488.82,663.07,2444.1,1612.23,593,3,Returned,Late
10042,P399,Engine Oil,Furniture,Prime Wholesale,Germany Warehouse,22-04-2024,25-04-2024,04-05-2024,Sea, north america,297,319.58,451.51 USD,94915.26,947.06,752,15,Returned,On-Time
10043,P123,T-shirt,Furniture,Orion Manufacturing,Germany Warehouse,10-12-2023,17-12-2023,22-12-2023,Sea,Asia,340,206.24,397.15 USD,70121.6,1205.58,808,12,Returned,On-Time
10476,P795,Sneakers,Automotive,Prime Wholesale, China Hub,28-09-2024,29-09-2024,01-10-2024,Air,South America,158,72.48,$86.31,11451.84,1666.96,983,4,Shipped,On-Time
10281,P877,Headphones,Electronics ,NextGen Supplies,USA Warehouse,08-09-2023,10-09-2023,25-09-2023,Sea,Europe,114,40.44,61.06 USD,4610.16,521.49,70,0,Shipped,Late
10127,P909,Frozen Pizza,Automotive,Alpha Traders,USA Warehouse,09-08-2024,13-08-2024,21-08-2024,Sea,Asia,4,435.78,$754.39,1743.12,659.6,423,9,Returned,Late
10277,P292,Smartphone,Electronics ,Vertex Distributors,India DC,01-10-2024,07-10-2024,14-10-2024,Air,Asia,151,343.81,447.7,51915.31,1691.63,926,5,Returned,Late
10396,P410,Frozen Pizza,Furniture,Prime Wholesale,USA warehouse,09-13-2023,17-09-2023,30-09-2023,Air,Asia,470,175.95,$318.57,82696.5,1749.87,64,14,Returned,On-Time
10349,P391,Brake Pads,Electronics ,Prime Wholesale,China Hub,18-08-2024,24-08-2024,07-09-2024,Sea,Asia,227,195.98,356.2 USD,44487.46,1183.46,745,7,Returned,On-Time
10269,P244,Sofa,Electronics ,Prime Wholesale,USA warehouse,19-12-2023,20-12-2023,24-12-2023,Air,EUROPE,456,322.16,$599.67,146904.96,825.99,968,-2,Shipped,On-Time
10438,P115,Chocolate,Electronics,Prime Wholesale,USA warehouse,14-09-2024,18-09-2024,23-09-2024,Air,Europe,49,272.74,$350.44,13364.26,1740.01,383,-1,Delayed,On-Time
10409,P879,Car Battery,apparel,NextGen Supplies,USA warehouse,01-08-2023,02-08-2023,04-08-2023,Air,Europe,64,465.04,893.76,29762.56,912.1,423,4,Delayed,Late
10480,P769,Laptop,Automotive,Global Tech Ltd,China Hub,19-10-2023,,,Sea,South America,264,202.72,404.06,53518.08,672.01,55,11,Returned,On-Time
10151,P143,Sneakers,Electronics,Alpha Traders, China Hub,02-21-2024,24-02-2024,26-02-2024,Air,Asia,469,394.79,739.33,185156.51,278.17,455,6,Delayed,Late
10377,P156,Laptop,apparel,Orion Manufacturing,Germany Warehouse,11-10-2024,16-10-2024,22-10-2024,Air, north america,372,375.95,545.95,139853.4,1793.69,869,3,Cancelled,On-Time
10491,P256,Headphones,electronics,Alpha Traders,India DC,12-05-2024,16-05-2024,27-05-2024,Sea, north america,98,380.99,$580.61,37337.02,60.63,521,6,Returned,On-Time
10407,P215,Dining Table,electronics,Global Tech Ltd,Germany Warehouse,09-07-2023,12-09-2023,17-09-2023,Air,Asia,358,376.7,747.99,134858.6,54.11,124,-2,Returned,Late
10374,P688,Laptop,Electronics ,NextGen Supplies,USA Warehouse,22-02-2023,27-02-2023,07-03-2023,Truck,Asia,203,26.45,52.15 USD,5369.35,1793.16,874,2,Shipped,Late
10070,P218,LED TV,Furniture,Vertex Distributors,China Hub,10-19-2024,23-10-2024,30-10-2024,Express,Europe,379,125.61,236.06,47606.19,486.41,357,6,Delayed,On-Time
10054,P460,Smartphone,Automotive ,Global Tech Ltd,China Hub,11-23-2024,26-11-2024,01-12-2024,Air,South America,318,445.21,660.64,141576.78,158.97,-42,7,Returned,On-Time
10419,P647,Sofa,Automotive ,Global Tech Ltd,India DC,11-22-2023,27-11-2023,02-12-2023,Express,Europe,203,311.26,391.5 USD,63185.78,1811.6,2,16,Cancelled,Late
10143,P541,Jacket,apparel,Alpha Traders,Germany Warehouse,30-12-2023,02-01-2024,14-01-2024,Sea,EUROPE,268,126.46,176.67,33891.28,562.58,553,17,Cancelled,Late
10257,P614,Car Battery,Furniture,NextGen Supplies,USA warehouse,05-17-2024,18-05-2024,02-06-2024,Sea,Europe,1,127.58,169.31 USD,127.58,1368.04,789,18,Shipped,On-Time
10392,P540,LED TV,Apparel,Delta Exporters, China Hub,09-21-2023,23-09-2023,04-10-2023,Truck,North America,320,16.27,$30.62,5206.4,1229.69,438,19,Cancelled,On-Time
10335,P875,T-shirt,Automotive ,Prime Wholesale,Brazil Hub,11-09-2023,18-09-2023,21-09-2023,Truck,Europe,188,200.13,288.72 USD,37624.44,1113.68,494,4,Returned,Late
10225,P734,Car Battery,electronics,Global Tech Ltd,India DC,04-03-2024,06-04-2024,19-04-2024,Express,North America,316,391.97,$648.74,123862.52,106.31,83,9,Cancelled,Late
10486,P670,Brake Pads,Electronics ,Alpha Traders,USA warehouse,11-16-2024,20-11-2024,04-12-2024,Express,Europe,274,13.35,23.16,3657.9,752.92,341,14,Shipped,Late
10232,P837,Chocolate,Furniture,Prime Wholesale,USA Warehouse,27-02-2024,28-02-2024,06-03-2024,Air,North America,291,55.86,82.5 USD,16255.26,1830.99,355,17,Cancelled,On-Time
10329,P467,Dining Table,electronics,NextGen Supplies,USA Warehouse,03-12-2023,16-03-2023,20-03-2023,Sea,North America,194,354.12,$699.46,68699.28,258.26,923,1,Returned,Late
10494,P774,Laptop,apparel,NextGen Supplies,USA Warehouse,26-11-2024,,,Air, north america,106,134.75,227.82,14283.5,1758.84,849,20,Shipped,On-Time
10071,P274,Car Battery,Furniture,Global Tech Ltd, China Hub,08-16-2024,17-08-2024,21-08-2024,Sea,Europe,133,325.67,505.68 USD,43314.11,1465.47,248,18,Delayed,Late
10447,P198,Sneakers,apparel,Alpha Traders,USA Warehouse,05-11-2024,06-11-2024,10-11-2024,Sea,Asia,124,265.8,374.79,32959.2,1936.46,712,16,Cancelled,On-Time
10405,P418,Frozen Pizza,Food,Alpha Traders,USA warehouse,17-08-2023,24-08-2023,02-09-2023,Express,Europe,259,375.78,536.74,97327.02,1513.15,128,19,Shipped,Late
10486,P768,Sofa,Apparel,Prime Wholesale,USA Warehouse,04-04-2024,08-04-2024,10-04-2024,Sea,South America,201,404.82,593.12,81368.82,399.26,937,20,Returned,On-Time
10264,P190,Sneakers,Food,Prime Wholesale,China Hub,02-24-2023,03-03-2023,07-03-2023,Air,Asia,238,165.35,242.11,39353.3,1220.98,612,14,Delayed,On-Time
10264,P619,Jeans,apparel,Orion Manufacturing,USA warehouse,24-02-2024,29-02-2024,12-03-2024,Air,Asia,159,211.68,$375.97,33657.12,93.1,713,11,Shipped,On-Time
10459,P219,Sneakers,Electronics,Delta Exporters,Brazil Hub,24-01-2023,25-01-2023,29-01-2023,Express,EUROPE,500,455.59,511.02 USD,227795,1995.47,386,16,Shipped,On-Time
10418,P419,Frozen Pizza,Automotive,Global Tech Ltd,Germany Warehouse,12-10-2024,13-10-2024,24-10-2024,Sea,EUROPE,163,459.08,562,74830.04,1449.18,823,10,Cancelled,On-Time
10089,P827,Office Chair,Automotive ,NextGen Supplies,India DC,27-04-2024,01-05-2024,11-05-2024,Air,North America,117,236.8,302.78 USD,27705.6,1681.39,424,15,Cancelled,On-Time
10443,P844,Jeans,Apparel,NextGen Supplies,Germany Warehouse,19-05-2024,21-05-2024,24-05-2024,Truck,South America,157,308.59,$606.55,48448.63,17048.1,110,10,Delayed,On-Time
10214,P544,Frozen Pizza,electronics,Prime Wholesale,USA warehouse,28-08-2023,02-09-2023,10-09-2023,Air,Asia,98,37.34,70.09 USD,3659.32,1214.81,845,6,Returned,On-Time
10384,P688,Office Chair,apparel,Alpha Traders,USA Warehouse,27-02-2024,28-02-2024,02-03-2024,Truck,South America,133,96.85,140.66,12881.05,437.53,912,-1,Cancelled,On-Time
10084,P919,Laptop,electronics,Delta Exporters,China Hub,16-02-2024,17-02-2024,24-02-2024,Air,EUROPE,114,448.95,666.44 USD,51180.3,1159.38,880,5,Returned,Late
10413,P925,Sofa,Apparel,Global Tech Ltd,USA warehouse,25-11-2024,30-11-2024,03-12-2024,Express,Asia,362,82.22,155.92,29763.64,1754.01,210,-1,Cancelled,Late
10197,P416,Laptop,Electronics,Delta Exporters,USA warehouse,20-02-2024,,,Sea,EUROPE,15,417.39,704.56,6260.85,1266.77,618,9,Returned,Late
10228,P630,Laptop,Electronics,Global Tech Ltd, China Hub,07-04-2024,12-04-2024,25-04-2024,Air,Asia,437,290.28,$440.22,126852.36,139.76,213,18,Returned,On-Time
10383,P316,Sofa,electronics,NextGen Supplies,Germany Warehouse,17-03-2023,22-03-2023,27-03-2023,Sea, north america,493,349.96,685.39,172530.28,325.02,280,12,Returned,On-Time
10145,P175,Chocolate,Automotive,Orion Manufacturing,Brazil Hub,06-05-2024,12-05-2024,21-05-2024,Sea,Asia,245,271.55,$475.14,66529.75,410.76,587,5,Returned,On-Time
10251,P509,Jacket,Automotive ,Delta Exporters, China Hub,28-10-2024,31-10-2024,10-11-2024,Express,Asia,19,485.41,$701.3,9222.79,460.64,456,12,Shipped,Late
10188,P149,Chocolate,Electronics ,Prime Wholesale,USA warehouse,16-08-2023,19-08-2023,31-08-2023,Express,EUROPE,204,255.35,$470.27,52091.4,572.74,152,0,Shipped,On-Time
10149,P205,Tablet,Automotive ,NextGen Supplies,USA Warehouse,29-11-2023,01-12-2023,09-12-2023,Air, north america,5,221.76,442.7,1108.8,672.13,337,7,Shipped,On-Time
10353,P577,LED TV,Automotive,Orion Manufacturing,Germany Warehouse,03-10-2023,16-03-2023,22-03-2023,Air,Asia,216,32.01,$54.96,6914.16,59.16,163,-1,Shipped,On-Time
10289,P331,Chocolate,apparel,Prime Wholesale,India DC,26-05-2024,02-06-2024,13-06-2024,Sea, north america,367,173.81,$331.53,63788.27,108.99,103,15,Returned,Late
10437,P344,Car Battery,Electronics ,Alpha Traders,China Hub,02-06-2024,09-06-2024,14-06-2024,Air,North America,471,392.01,504.55,184636.71,1795.29,337,14,Returned,Late
10094,P692,Engine Oil,Furniture,NextGen Supplies,India DC,30-03-2024,05-04-2024,11-04-2024,Air, north america,250,489.55,650.61,122387.5,1211.29,390,5,Returned,Late
10150,P205,T-shirt,Furniture,Orion Manufacturing,China Hub,11-06-2023,10-11-2023,16-11-2023,Sea,Asia,294,264.53,447.27,77771.82,510.88,171,-1,Shipped,On-Time
10331,P791,T-shirt,Automotive,Delta Exporters,China Hub,11-25-2023,01-12-2023,06-12-2023,Air,Europe,155,235.37,362.02 USD,36482.35,1820.99,259,18,Returned,Late
10213,P797,Car Battery,apparel,Global Tech Ltd,India DC,22-03-2024,23-03-2024,31-03-2024,Express,EUROPE,168,60.18,$116.85,10110.24,1881.24,915,3,Cancelled,On-Time
10118,P153,Jeans,Food,Global Tech Ltd,China Hub,01-19-2024,22-01-2024,28-01-2024,Sea,Asia,126,434.16,512.45,54704.16,1170.61,544,5,Returned,Late
10085,P124,Sneakers,Automotive ,Vertex Distributors,USA Warehouse,08-17-2023,19-08-2023,01-09-2023,Truck,EUROPE,60,492.96,$975.29,29577.6,526.46,-45,17,Cancelled,On-Time
10023,P705,Smartphone,Automotive,Vertex Distributors,China Hub,28-04-2024,01-05-2024,10-05-2024,Express,Asia,51,489.42,625.89,24960.42,1846.56,120,18,Cancelled,Late
10153,P135,Brake Pads,Automotive ,Orion Manufacturing,China Hub,04-08-2024,06-08-2024,21-08-2024,Sea,South America,443,150.56,226.6,66698.08,1451.15,911,15,Delayed,Late
10125,P456,Tablet,Furniture,Alpha Traders,India DC,15-11-2024,22-11-2024,27-11-2024,Air,Europe,209,29.88,$58.88,6244.92,1863.1,499,0,Delayed,Late
10032,P640,Chocolate,Electronics ,Delta Exporters,China Hub,09-06-2024,,,Truck,Asia,17,235.34,340.41,4000.78,918.9,502,20,Cancelled,Late
10438,P372,T-shirt,electronics,Global Tech Ltd,USA warehouse,10-29-2024,04-11-2024,16-11-2024,Express,EUROPE,483,214.97,287.28,103830.51,1406.9,53,9,Returned,Late
10329,P116,Engine Oil,apparel,NextGen Supplies, China Hub,27-04-2024,28-04-2024,09-05-2024,Air,South America,223,36.58,64.44 USD,8157.34,702.84,467,-1,Delayed,Late
10026,P617,Brake Pads,Food,Prime Wholesale,USA warehouse,08-05-2024,14-05-2024,24-05-2024,Air, north america,40,163.52,260.44 USD,6540.8,121.97,111,-1,Cancelled,On-Time
10278,P616,Jeans,apparel,Delta Exporters,Germany Warehouse,04-03-2024,06-04-2024,09-04-2024,Air,South America,130,498.63,755.05,64821.9,469.79,882,8,Cancelled,On-Time
10365,P982,Office Chair,Automotive ,Prime Wholesale,Brazil Hub,04-05-2023,10-05-2023,16-05-2023,Truck,EUROPE,240,470.22,672.06,112852.8,1107.03,512,18,Cancelled,Late
10094,P843,Sofa,Apparel,Vertex Distributors,USA Warehouse,09-11-2024,,,Express,EUROPE,435,471.78,747.68,205224.3,741.31,165,13,Returned,On-Time
10129,P493,Office Chair,Automotive ,Vertex Distributors, China Hub,08-14-2023,21-08-2023,23-08-2023,Truck,EUROPE,243,251.7,$385.75,61163.1,241.56,990,12,Delayed,On-Time
10175,P587,Chocolate,Automotive ,Prime Wholesale,India DC,22-07-2024,27-07-2024,03-08-2024,Air,North America,306,418.34,715.1,128012.04,1064.75,490,-1,Returned,Late
10127,P150,T-shirt,Electronics ,Alpha Traders,Brazil Hub,12-02-2024,13-02-2024,17-02-2024,Sea, north america,310,277.94,549.51,86161.4,1445.37,801,15,Delayed,On-Time
10098,P470,Frozen Pizza,electronics,Delta Exporters,China Hub,02-06-2024,08-06-2024,19-06-2024,Air,North America,462,278.2,463.62,128528.4,984.54,122,14,Cancelled,Late
10332,P621,Brake Pads,Automotive,Orion Manufacturing,Brazil Hub,05-31-2024,03-06-2024,12-06-2024,Sea,North America,49,82.82,94.68,4058.18,1243.86,744,10,Returned,On-Time
10377,P208,T-shirt,Apparel,Vertex Distributors,Germany Warehouse,02-07-2023,,,Truck,EUROPE,257,119.09,178.45,30606.13,1580.16,-37,14,Delayed,Late
10095,P956,LED TV,Furniture,Alpha Traders,Brazil Hub,27-04-2023,02-05-2023,13-05-2023,Air,Europe,60,293.63,505.26,17617.8,776.84,955,10,Delayed,On-Time
10253,P936,Jeans,Automotive ,Prime Wholesale,Brazil Hub,19-04-2023,25-04-2023,10-05-2023,Sea,Asia,403,186.6,372.84,75199.8,1651.54,464,6,Delayed,Late
10238,P577,Office Chair,electronics,Delta Exporters,China Hub,02-02-2024,,,Sea, north america,144,495.48,665.8,71349.12,421.41,96,8,Delayed,On-Time
10277,P989,T-shirt,Automotive,NextGen Supplies, China Hub,17-11-2024,,,Air,EUROPE,209,170.86,329.69,35709.74,163.07,785,3,Shipped,On-Time
10241,P536,Jeans,Apparel,Vertex Distributors, China Hub,26-11-2023,,,Express,North America,61,119.56,222.18,7293.16,1070.59,102,20,Cancelled,On-Time
10174,P496,Office Chair,electronics,NextGen Supplies, China Hub,07-07-2024,09-07-2024,18-07-2024,Express,Asia,292,31.13,44.48 USD,9089.96,1028.45,617,4,Returned,Late
10438,P575,Laptop,Food,Vertex Distributors, China Hub,22-12-2023,24-12-2023,05-01-2024,Sea,North America,429,158.61,195.64 USD,68043.69,839.11,704,8,Returned,Late
10333,P419,Laptop,apparel,Delta Exporters, China Hub,13-11-2023,,,Express,EUROPE,148,166.38,323.27 USD,24624.24,1982.31,758,5,Delayed,Late
10214,P596,Chocolate,Automotive,Prime Wholesale,India DC,08-23-2023,27-08-2023,10-09-2023,Air,Europe,52,368.11,484.89 USD,19141.72,1087.52,527,9,Delayed,On-Time
10217,P225,LED TV,Electronics,Alpha Traders,Germany Warehouse,04-05-2024,09-05-2024,24-05-2024,Sea, north america,336,125.87,$165.57,42292.32,1816.42,363,17,Delayed,Late
10437,P897,T-shirt,Furniture,Global Tech Ltd, China Hub,13-03-2023,19-03-2023,31-03-2023,Truck,Asia,365,172.44,$230.47,62940.6,17441.4,433,14,Cancelled,Late
10376,P102,T-shirt,Electronics ,Alpha Traders,Germany Warehouse,02-22-2023,23-02-2023,01-03-2023,Sea,South America,272,420.55,$801.3,114389.6,100.67,955,-2,Cancelled,Late
10221,P835,Smartphone,Automotive,Alpha Traders, China Hub,01-11-2023,06-11-2023,14-11-2023,Sea,Asia,412,126.42,170.94,52085.04,1009.03,953,7,Cancelled,On-Time
10149,P685,Headphones,Electronics ,NextGen Supplies, China Hub,14-08-2023,18-08-2023,21-08-2023,Sea,Europe,290,384.59,$499.04,111531.1,1791.1,805,20,Returned,On-Time
10493,P140,Frozen Pizza,apparel,Global Tech Ltd,Brazil Hub,13-06-2023,14-06-2023,24-06-2023,Express,North America,378,303.54,$534.52,114738.12,1809.32,61,-1,Delayed,Late
10122,P805,Brake Pads,Electronics,NextGen Supplies,China Hub,27-08-2023,29-08-2023,07-09-2023,Truck,North America,183,214.81,378.04,39310.23,1163.07,581,-3,Returned,On-Time
10467,P487,Laptop,Electronics,Global Tech Ltd, China Hub,11-29-2024,03-12-2024,10-12-2024,Truck,Asia,405,335.98,467.97,136071.9,1534.07,891,1,Cancelled,Late
10113,P330,LED TV,electronics,Orion Manufacturing,USA Warehouse,11-03-2023,09-11-2023,15-11-2023,Truck,EUROPE,468,496.24,$911.84,232240.32,838.56,871,0,Cancelled,On-Time
10480,P533,Jeans,Furniture,Orion Manufacturing, China Hub,02-03-2023,06-03-2023,15-03-2023,Express,South America,17,418.87,$490.86,7120.79,394.21,868,11,Cancelled,Late
10398,P239,LED TV,Electronics ,Delta Exporters,USA warehouse,12-15-2023,22-12-2023,01-01-2024,Truck, north america,42,381.35,477.73,16016.7,707.53,-2,19,Shipped,Late
10242,P375,Office Chair,Furniture,Vertex Distributors,USA warehouse,15-02-2023,17-02-2023,01-03-2023,Express,Europe,138,75.51,112.1,10420.38,1086.39,169,15,Returned,Late
10058,P911,Sofa,Food,Global Tech Ltd, China Hub,10-02-2024,03-10-2024,07-10-2024,Air,Asia,376,43.02,$67.06,16175.52,1891.04,670,9,Returned,On-Time
10207,P723,Sofa,Food,Global Tech Ltd,Germany Warehouse,09-05-2023,,,Air,North America,21,129.57,257.59,2720.97,1839.81,335,2,Delayed,Late
10092,P353,Jacket,Electronics ,Alpha Traders,USA Warehouse,03-17-2023,18-03-2023,22-03-2023,Express,Asia,362,219.68,$320.51,79524.16,407.75,786,19,Cancelled,Late
10412,P832,Smartphone,Automotive ,Orion Manufacturing,Germany Warehouse,24-01-2024,28-01-2024,31-01-2024,Express,South America,125,367.38,657.44 USD,45922.5,1366.89,-19,10,Shipped,On-Time
10354,P581,Frozen Pizza,Automotive,NextGen Supplies,USA Warehouse,14-04-2024,15-04-2024,20-04-2024,Truck, north america,305,195.36,$214.97,59584.8,1481.42,227,13,Delayed,Late
10450,P530,Laptop,apparel,Vertex Distributors,USA warehouse,03-13-2023,16-03-2023,19-03-2023,Express,North America,359,52.47,94.21 USD,18836.73,1314.46,173,10,Cancelled,On-Time
10201,P623,Car Battery,Furniture,Global Tech Ltd,India DC,28-06-2024,05-07-2024,19-07-2024,Express,Europe,81,429.07,779.3,34754.67,1862.37,357,15,Shipped,On-Time
10020,P407,Frozen Pizza,Apparel,Delta Exporters,USA warehouse,01-12-2024,08-12-2024,23-12-2024,Sea,EUROPE,404,227.12,443.84 USD,91756.48,1257.16,538,13,Returned,On-Time
10226,P364,Jeans,Electronics ,Delta Exporters, China Hub,02-04-2023,11-02-2023,22-02-2023,Truck,South America,457,164.51,256.57,75181.07,508.77,311,12,Cancelled,On-Time
10266,P603,Jacket,Apparel,Vertex Distributors, China Hub,09-22-2023,23-09-2023,07-10-2023,Express,South America,67,217.2,361.37 USD,14552.4,354.82,909,6,Cancelled,Late
10287,P250,Headphones,Food,Alpha Traders, China Hub,27-09-2024,04-10-2024,18-10-2024,Express,North America,52,165.07,$271.68,8583.64,1801.43,108,15,Returned,On-Time
10463,P775,Frozen Pizza,Electronics,Delta Exporters,Brazil Hub,12-21-2023,27-12-2023,07-01-2024,Truck,South America,365,268.01,427.65 USD,97823.65,1447.37,233,16,Cancelled,On-Time
10444,P616,Dining Table,electronics,Alpha Traders,USA Warehouse,07-10-2023,12-07-2023,27-07-2023,Air,South America,129,108.35,121.5 USD,13977.15,188.83,203,9,Shipped,Late
10466,P814,Headphones,Apparel,Global Tech Ltd,China Hub,16-02-2024,23-02-2024,05-03-2024,Sea,North America,198,136.31,178.27 USD,26989.38,1840.19,747,1,Returned,Late
10085,P995,Jeans,Electronics,Delta Exporters,USA Warehouse,10-11-2024,17-11-2024,30-11-2024,Air,EUROPE,220,147.96,198.86,32551.2,1284.73,263,7,Cancelled,On-Time
10273,P227,LED TV,apparel,Prime Wholesale,China Hub,13-08-2023,,,Express, north america,415,296.13,$473.24,122893.95,1676.91,482,8,Returned,On-Time
10078,P582,Jacket,Electronics,Orion Manufacturing,India DC,26-02-2023,28-02-2023,15-03-2023,Express, north america,210,100.64,185.96,21134.4,1508.79,586,-2,Cancelled,Late
10296,P730,Smartphone,Electronics,Prime Wholesale, China Hub,25-11-2023,28-11-2023,07-12-2023,Truck,Asia,148,498.57,924.29 USD,73788.36,673.8,180,16,Delayed,Late
10308,P209,Sneakers,Electronics ,NextGen Supplies,Brazil Hub,05-05-2024,12-05-2024,14-05-2024,Air,South America,479,169.96,204.87,81410.84,743.18,284,11,Delayed,Late
10457,P799,Smartphone,Automotive,Prime Wholesale,USA warehouse,17-06-2024,19-06-2024,01-07-2024,Sea,Europe,258,177.27,338.09,45735.66,1795.22,72,15,Returned,Late
10374,P355,Laptop,Apparel,Delta Exporters,China Hub,01-19-2024,24-01-2024,05-02-2024,Express,EUROPE,191,50.37,68.85 USD,9620.67,8942.8,961,5,Returned,On-Time
10342,P515,Brake Pads,Electronics ,NextGen Supplies,Brazil Hub,31-03-2023,04-04-2023,15-04-2023,Air,EUROPE,4,204.62,228.63 USD,818.48,406.85,241,1,Cancelled,On-Time
10403,P737,Brake Pads,Automotive ,Alpha Traders, China Hub,19-11-2023,24-11-2023,27-11-2023,Sea,Europe,218,313.45,$572.1,68332.1,1503.21,287,15,Cancelled,On-Time
10245,P176,Car Battery,Electronics,Delta Exporters,China Hub,22-04-2024,27-04-2024,30-04-2024,Sea,Asia,215,48.55,96.45 USD,10438.25,72.91,561,9,Delayed,Late
10219,P165,LED TV,Food,Orion Manufacturing,Germany Warehouse,08-17-2023,23-08-2023,27-08-2023,Air, north america,257,325.11,446.51,83553.27,186.29,783,6,Shipped,Late
10192,P811,Sofa,Automotive ,Alpha Traders,Germany Warehouse,10-08-2024,15-08-2024,19-08-2024,Express,EUROPE,400,167.39,293.56,66956,592.69,217,4,Delayed,On-Time
10331,P589,Laptop,Apparel,NextGen Supplies,China Hub,14-06-2023,20-06-2023,28-06-2023,Truck,Europe,413,222.7,281.3 USD,91975.1,757.6,675,-1,Delayed,On-Time
10253,P339,Sofa,Furniture,Vertex Distributors,USA Warehouse,14-02-2023,19-02-2023,03-03-2023,Truck, north america,267,265.64,313.47,70925.88,1708.77,806,10,Delayed,On-Time
10335,P588,Office Chair,Furniture,Alpha Traders,China Hub,30-03-2023,02-04-2023,11-04-2023,Air,Europe,266,227.45,$368.7,60501.7,210.08,182,3,Shipped,On-Time
10275,P499,Engine Oil,Electronics ,NextGen Supplies,China Hub,25-02-2024,03-03-2024,06-03-2024,Air,South America,45,410.41,794.37 USD,18468.45,1481.83,428,8,Shipped,On-Time
10235,P302,Jacket,Electronics,Global Tech Ltd,Germany Warehouse,26-07-2024,31-07-2024,05-08-2024,Air,Asia,318,480.9,830.69,152926.2,449.54,843,17,Delayed,Late
10076,P385,Sneakers,electronics,Delta Exporters,Germany Warehouse,26-11-2024,30-11-2024,07-12-2024,Sea, north america,364,191.58,$315.64,69735.12,1318.98,-32,12,Shipped,On-Time
10316,P259,Sofa,electronics,Alpha Traders,USA warehouse,10-06-2023,13-06-2023,21-06-2023,Air, north america,393,450.54,739.78,177062.22,537.5,-24,8,Cancelled,Late
10060,P799,Laptop,electronics,Delta Exporters,Brazil Hub,10-04-2023,12-04-2023,21-04-2023,Sea,Asia,53,50.66,89.65,2684.98,1364.83,220,4,Cancelled,Late
10484,P262,Headphones,Apparel,Orion Manufacturing,Germany Warehouse,20-03-2023,25-03-2023,31-03-2023,Express, north america,127,325.22,$521.95,41302.94,659.19,728,6,Cancelled,On-Time
10300,P155,Jacket,Electronics ,Delta Exporters,Brazil Hub,25-09-2024,28-09-2024,05-10-2024,Sea,North America,129,52.64,96.78,6790.56,763.24,111,14,Shipped,Late
10468,P434,Smartphone,Electronics,Vertex Distributors,China Hub,17-04-2024,18-04-2024,26-04-2024,Air,Asia,16,325.27,$412.58,5204.32,332.11,554,-1,Delayed,On-Time
10466,P757,Tablet,Automotive ,Alpha Traders, China Hub,15-10-2024,,,Air,South America,325,470.28,601.69,152841,848.86,707,1,Returned,Late
10322,P983,Jacket,Apparel,Orion Manufacturing, China Hub,04-10-2024,05-10-2024,18-10-2024,Sea,South America,423,271.6,$345.4,114886.8,2538.3,409,7,Cancelled,On-Time
10446,P450,Headphones,apparel,NextGen Supplies, China Hub,29-04-2024,05-05-2024,09-05-2024,Air,EUROPE,112,17.47,21.05,1956.64,548.68,596,6,Shipped,On-Time
10442,P444,Office Chair,Automotive,Orion Manufacturing,Germany Warehouse,03-07-2024,,,Air, north america,427,221.66,291.12,94648.82,258.83,873,9,Delayed,On-Time
10206,P189,T-shirt,electronics,Prime Wholesale,Germany Warehouse,12-08-2024,16-08-2024,24-08-2024,Truck,North America,362,464.77,617.8,168246.74,91.53,575,13,Shipped,On-Time
10135,P369,Office Chair,Furniture,Orion Manufacturing,Brazil Hub,04-10-2023,17-04-2023,24-04-2023,Express,South America,299,273.68,421.06 USD,81830.32,1804.75,281,3,Delayed,On-Time
10160,P963,Jeans,Automotive ,Prime Wholesale,Brazil Hub,29-02-2024,04-03-2024,19-03-2024,Air,Europe,450,326.77,$402.71,147046.5,1224.74,800,15,Delayed,On-Time
10110,P840,Chocolate,Automotive,NextGen Supplies, China Hub,16-09-2023,18-09-2023,23-09-2023,Air, north america,240,110.06,161.76,26414.4,1545.41,804,19,Cancelled,Late
10153,P136,Frozen Pizza,Food,Prime Wholesale,India DC,17-09-2023,,,Truck,EUROPE,59,469.55,$647.22,27703.45,240.82,163,7,Returned,Late
10423,P747,Sofa,Food,Prime Wholesale,Brazil Hub,05-01-2023,08-01-2023,11-01-2023,Truck,Asia,457,295.81,372.99,135185.17,554.42,709,0,Cancelled,On-Time
10334,P805,Dining Table,Electronics,Alpha Traders,Germany Warehouse,01-12-2024,17-01-2024,26-01-2024,Express,North America,8,378.12,727.72,3024.96,832.14,862,3,Delayed,Late
10342,P644,Engine Oil,Apparel,Orion Manufacturing,Germany Warehouse,07-25-2024,30-07-2024,05-08-2024,Express,Asia,163,338.62,$504.37,55195.06,466.95,377,4,Returned,Late
10324,P941,Engine Oil,Automotive ,Alpha Traders,India DC,01-09-2024,13-01-2024,27-01-2024,Express, north america,90,351.89,419.14 USD,31670.1,1998.75,958,9,Cancelled,Late
10296,P859,Laptop,Electronics,NextGen Supplies,Brazil Hub,17-08-2024,21-08-2024,03-09-2024,Truck,Asia,387,275.17,$373.31,106490.79,1674.12,862,20,Delayed,On-Time
10291,P680,Sofa,apparel,Prime Wholesale,USA Warehouse,04-04-2024,10-04-2024,20-04-2024,Truck,Asia,486,334.54,$369.55,162586.44,1054.38,478,18,Cancelled,Late
10255,P158,Jacket,apparel,Prime Wholesale,India DC,04-07-2023,13-04-2023,23-04-2023,Air,Asia,486,403.91,$452.2,196300.26,888.57,752,2,Returned,On-Time
10364,P507,Smartphone,Electronics ,Delta Exporters,Germany Warehouse,08-30-2023,04-09-2023,13-09-2023,Express,South America,436,54.33,$92.09,23687.88,538.52,638,2,Delayed,On-Time
10043,P646,Jacket,Automotive ,NextGen Supplies,China Hub,06-29-2023,06-07-2023,20-07-2023,Truck,EUROPE,416,191.93,352.36,79842.88,237.12,155,9,Shipped,On-Time
10254,P863,Jacket,electronics,NextGen Supplies,China Hub,02-15-2023,18-02-2023,01-03-2023,Express,EUROPE,98,135.93,181.01,13321.14,1340.81,104,7,Returned,On-Time
10130,P872,Frozen Pizza,Food,NextGen Supplies,China Hub,28-03-2024,,,Air,Asia,197,141.79,245.69,27932.63,262.59,244,3,Cancelled,Late
10011,P598,Office Chair,apparel,Vertex Distributors,Brazil Hub,30-11-2023,05-12-2023,18-12-2023,Truck,EUROPE,303,418.83,691.53 USD,126905.49,1774.95,695,20,Returned,On-Time
10333,P280,Chocolate,Electronics,Prime Wholesale,India DC,12-01-2023,,,Truck,Asia,18,437.6,572.11,7876.8,626.34,501,15,Shipped,Late
10167,P465,Engine Oil,Automotive,Prime Wholesale, China Hub,09-06-2024,10-09-2024,17-09-2024,Air,South America,228,136.21,$161.74,31055.88,1753.43,79,13,Shipped,On-Time
10316,P747,Jeans,electronics,Alpha Traders, China Hub,10-11-2024,15-10-2024,27-10-2024,Truck, north america,310,30.12,$46.92,9337.2,780.51,185,4,Returned,On-Time
10238,P161,Headphones,Apparel,Vertex Distributors,China Hub,20-11-2023,24-11-2023,03-12-2023,Express,Asia,365,212.13,235.42,77427.45,1867.08,655,5,Shipped,On-Time
10246,P218,Office Chair,Electronics ,Orion Manufacturing,China Hub,10-05-2023,11-05-2023,13-05-2023,Air, north america,191,186.51,372.52,35623.41,1996.6,426,3,Shipped,On-Time
10112,P618,Sofa,Electronics ,Orion Manufacturing,Germany Warehouse,04-18-2023,20-04-2023,01-05-2023,Air,South America,182,396.48,$481.14,72159.36,1350.66,853,9,Shipped,On-Time
10435,P884,Sneakers,Automotive ,NextGen Supplies,China Hub,07-15-2023,18-07-2023,30-07-2023,Truck, north america,328,265.82,420.22,87188.96,1414.02,430,7,Shipped,On-Time
10179,P231,Sneakers,Automotive,Orion Manufacturing,India DC,21-08-2024,24-08-2024,30-08-2024,Sea, north america,295,237.91,422.51 USD,70183.45,1396.71,949,1,Cancelled,On-Time
10390,P617,Office Chair,Furniture,NextGen Supplies,India DC,18-02-2023,,,Express,Asia,188,202,$356.25,37976,1950.77,513,11,Shipped,On-Time
10090,P788,Office Chair,Apparel,NextGen Supplies,India DC,23-12-2023,30-12-2023,12-01-2024,Express,North America,447,369.28,538.89,165068.16,1056.62,771,5,Delayed,On-Time
10342,P314,LED TV,electronics,Delta Exporters,India DC,10-07-2023,16-07-2023,26-07-2023,Air,South America,382,56.31,100.16 USD,21510.42,510.96,340,10,Delayed,On-Time
10323,P921,Headphones,Apparel,Vertex Distributors,India DC,08-26-2024,30-08-2024,04-09-2024,Sea,South America,105,402.23,709.88,42234.15,764.93,82,2,Cancelled,On-Time
10053,P730,Engine Oil,Food,Global Tech Ltd,Brazil Hub,01-21-2023,26-01-2023,01-02-2023,Sea,North America,161,94.89,133.9,15277.29,954.3,846,1,Delayed,Late
10461,P661,T-shirt,Apparel,Alpha Traders,Brazil Hub,16-08-2024,17-08-2024,26-08-2024,Sea,Europe,246,443.8,$807.71,109174.8,7.77,788,12,Delayed,On-Time
10197,P627,LED TV,Food,Vertex Distributors, China Hub,14-02-2024,21-02-2024,29-02-2024,Express,EUROPE,386,479.31,$567.36,185013.66,284.68,127,15,Cancelled,Late
10046,P133,Engine Oil,Electronics ,Alpha Traders,Germany Warehouse,30-03-2024,05-04-2024,11-04-2024,Truck,South America,280,124.33,224.73,34812.4,1259.58,963,1,Delayed,Late
10255,P280,Frozen Pizza,apparel,Delta Exporters,China Hub,13-07-2023,16-07-2023,28-07-2023,Express, north america,227,163.92,247.32 USD,37209.84,893.3,256,4,Shipped,Late
10168,P972,Car Battery,apparel,Delta Exporters, China Hub,15-01-2023,,,Air,North America,91,108.81,185.2 USD,9901.71,1802.48,322,7,Cancelled,Late
10289,P873,Engine Oil,Automotive ,NextGen Supplies,Brazil Hub,30-05-2023,06-06-2023,10-06-2023,Truck,South America,175,398.23,661.5,69690.25,671.84,44,18,Returned,On-Time
10131,P297,Jacket,Food,Global Tech Ltd,China Hub,20-04-2024,27-04-2024,10-05-2024,Sea, north america,298,393.56,733.3 USD,117280.88,1857.24,206,3,Shipped,On-Time
10494,P874,Sofa,electronics,Global Tech Ltd,China Hub,03-27-2023,30-03-2023,07-04-2023,Truck,Asia,373,487.02,$687.55,181658.46,1775.75,109,5,Delayed,Late
10361,P426,Headphones,Automotive,Vertex Distributors,China Hub,15-04-2023,19-04-2023,03-05-2023,Air,North America,111,200.28,$232.62,22231.08,402.85,203,17,Returned,On-Time
10306,P919,Frozen Pizza,Automotive,Vertex Distributors, China Hub,17-09-2024,20-09-2024,03-10-2024,Truck,South America,155,147.28,$267.55,22828.4,1921.95,969,12,Cancelled,Late
10014,P966,Sofa,Electronics,Global Tech Ltd,Brazil Hub,02-16-2024,,,Sea, north america,198,107.46,138.03,21277.08,1972.2,979,-1,Delayed,On-Time
10163,P359,Smartphone,Automotive ,Orion Manufacturing,China Hub,06-08-2023,14-06-2023,24-06-2023,Express,Europe,270,9.89,12.01,2670.3,383.16,819,8,Delayed,Late
10269,P183,Brake Pads,Automotive ,Delta Exporters,Germany Warehouse,22-11-2024,25-11-2024,30-11-2024,Sea,Asia,8,489.64,925.28,3917.12,246.19,911,-2,Cancelled,Late
10427,P458,Tablet,Electronics ,Orion Manufacturing, China Hub,08-11-2023,15-11-2023,25-11-2023,Express,North America,48,69.75,122.08,3348,1006.16,572,-2,Shipped,Late
10456,P890,T-shirt,Automotive ,Global Tech Ltd,USA warehouse,10-27-2024,03-11-2024,11-11-2024,Sea, north america,132,384.44,424.47 USD,50746.08,816.44,280,16,Shipped,On-Time
10485,P815,Brake Pads,Electronics,Alpha Traders,India DC,23-03-2024,29-03-2024,03-04-2024,Sea, north america,84,444.89,648.77,37370.76,739.98,824,15,Delayed,Late
10443,P512,Smartphone,apparel,Prime Wholesale, China Hub,25-04-2024,26-04-2024,03-05-2024,Sea,Asia,128,191.98,$302.59,24573.44,1132.06,243,13,Shipped,On-Time
10233,P902,Frozen Pizza,Food,Orion Manufacturing,Germany Warehouse,16-02-2024,17-02-2024,02-03-2024,Truck,Asia,140,279.18,331.9,39085.2,698.39,815,3,Delayed,On-Time
10176,P388,Tablet,Electronics,Prime Wholesale,USA Warehouse,17-06-2024,,,Truck,EUROPE,354,300.65,552.8,106430.1,1433.65,669,16,Returned,Late
10216,P553,Jacket,Food,Alpha Traders,China Hub,03-23-2024,25-03-2024,03-04-2024,Express, north america,444,248.9,436.74 USD,110511.6,1184.15,708,-2,Cancelled,Late
10059,P607,Brake Pads,Automotive ,Alpha Traders,China Hub,05-05-2023,10-05-2023,23-05-2023,Sea,Asia,372,149.49,$181.23,55610.28,807.28,-46,8,Delayed,Late
10408,P906,Office Chair,Automotive ,NextGen Supplies,USA warehouse,30-06-2024,04-07-2024,17-07-2024,Express,EUROPE,105,465.24,$775.52,48850.2,1256.65,779,10,Shipped,On-Time
10189,P889,Car Battery,Automotive,Prime Wholesale,USA warehouse,09-26-2023,30-09-2023,15-10-2023,Express,South America,416,395.33,$656.13,164457.28,1529.39,9,5,Cancelled,On-Time
10178,P565,Smartphone,Furniture,Vertex Distributors,Brazil Hub,17-04-2023,21-04-2023,27-04-2023,Sea,EUROPE,119,297.24,410.48,35371.56,509.64,322,10,Returned,On-Time
10285,P502,T-shirt,Electronics ,Orion Manufacturing,Germany Warehouse,23-11-2024,25-11-2024,29-11-2024,Air, north america,138,186.46,247.06 USD,25731.48,854.62,287,7,Cancelled,Late
10470,P144,Sofa,Food,Alpha Traders, China Hub,13-01-2023,20-01-2023,28-01-2023,Air,South America,441,211.76,235.35,93386.16,945.95,92,5,Cancelled,Late
10453,P495,Sneakers,Automotive,Global Tech Ltd,Brazil Hub,03-12-2023,16-03-2023,31-03-2023,Truck,Europe,374,138.17,190.57 USD,51675.58,1100.51,888,11,Delayed,On-Time
10041,P814,Laptop,Electronics,Vertex Distributors,Germany Warehouse,10-11-2023,,,Air,South America,150,293.7,378.08,44055,1132.57,504,18,Cancelled,Late
10468,P998,Sofa,Food,Vertex Distributors,USA warehouse,21-03-2023,22-03-2023,31-03-2023,Express,EUROPE,407,252.17,439.63,102633.19,15856.8,1,16,Returned,On-Time
10432,P896,LED TV,apparel,Delta Exporters,USA warehouse,05-12-2024,14-05-2024,27-05-2024,Air,Europe,455,139.39,274.67,63422.45,1430.8,591,11,Delayed,On-Time
10408,P266,Car Battery,electronics,NextGen Supplies,India DC,09-05-2024,11-05-2024,13-05-2024,Truck,North America,36,495.84,650.1 USD,17850.24,511.87,256,2,Delayed,Late
10192,P782,Chocolate,Apparel,Alpha Traders,Germany Warehouse,25-06-2024,29-06-2024,02-07-2024,Express,North America,280,324.84,$571.52,90955.2,715.57,413,6,Delayed,Late
10303,P375,Tablet,Food,Vertex Distributors, China Hub,06-18-2024,21-06-2024,28-06-2024,Sea,Europe,162,474.79,840.56 USD,76915.98,1026.99,582,-1,Cancelled,On-Time
10015,P955,Headphones,Electronics ,Vertex Distributors,China Hub,11-10-2024,18-10-2024,25-10-2024,Air,Asia,322,369.24,651.99,118895.28,277.81,185,16,Shipped,Late
10264,P655,Jeans,Apparel,Orion Manufacturing,USA Warehouse,03-04-2024,,,Express,Asia,148,141.61,$212.8,20958.28,1712.93,494,9,Shipped,Late
10128,P285,Engine Oil,Electronics,Global Tech Ltd,China Hub,28-09-2024,,,Truck,EUROPE,29,406.75,674.89,11795.75,89.01,899,18,Cancelled,Late
10462,P167,Jacket,Apparel,Prime Wholesale, China Hub,04-05-2023,05-05-2023,10-05-2023,Sea,Europe,169,398.87,593.1 USD,67409.03,321.65,80,11,Shipped,Late
10354,P868,Office Chair,Electronics,Prime Wholesale, China Hub,19-06-2024,24-06-2024,05-07-2024,Air,Asia,231,210.92,407.61,48722.52,852.39,432,10,Returned,On-Time
10458,P784,Headphones,Automotive,Orion Manufacturing, China Hub,19-06-2023,25-06-2023,28-06-2023,Air,Asia,156,53.19,$85.63,8297.64,379.3,270,8,Returned,On-Time
10284,P391,Dining Table,electronics,Delta Exporters,USA Warehouse,09-04-2023,11-04-2023,13-04-2023,Express,EUROPE,47,113.68,165.88,5342.96,105.89,9,19,Cancelled,Late
10420,P189,Brake Pads,Furniture,Global Tech Ltd,Brazil Hub,06-01-2024,07-01-2024,16-01-2024,Express,Asia,54,487.41,731.6,26320.14,1181.18,451,-2,Cancelled,On-Time
10289,P936,Chocolate,electronics,Alpha Traders,India DC,27-07-2024,31-07-2024,14-08-2024,Truck,North America,269,151.9,203.14,40861.1,233.72,284,15,Shipped,Late
10346,P319,Frozen Pizza,Automotive ,Delta Exporters,Brazil Hub,18-09-2024,24-09-2024,28-09-2024,Truck,EUROPE,370,24.34,30.23,9005.8,357.3,222,2,Delayed,Late
10365,P760,Laptop,Automotive ,Orion Manufacturing, China Hub,20-08-2023,21-08-2023,04-09-2023,Truck,North America,151,478.5,563.38,72253.5,1327.76,-3,14,Returned,On-Time
10119,P927,Headphones,Electronics ,Global Tech Ltd,Germany Warehouse,17-10-2024,20-10-2024,03-11-2024,Sea,Europe,230,432.83,$723.29,99550.9,1629.69,274,7,Delayed,On-Time
10348,P377,Chocolate,Furniture,NextGen Supplies,Germany Warehouse,01-06-2024,04-06-2024,14-06-2024,Sea,Europe,364,175.28,229.26,63801.92,1866.92,356,12,Shipped,On-Time
10489,P880,Smartphone,Automotive ,Prime Wholesale,China Hub,29-11-2024,30-11-2024,02-12-2024,Sea,North America,444,18.71,35.94,8307.24,567.28,20,10,Shipped,Late
10100,P700,T-shirt,Electronics,Alpha Traders,USA Warehouse,10-05-2024,09-10-2024,14-10-2024,Express,South America,68,454.35,578.16,30895.8,197.57,152,19,Cancelled,On-Time
10438,P337,T-shirt,Food,Prime Wholesale,China Hub,27-12-2023,02-01-2024,06-01-2024,Truck, north america,286,370.24,498.41,105888.64,419.69,346,9,Cancelled,On-Time
10035,P263,Smartphone,Furniture,Alpha Traders,China Hub,13-07-2024,19-07-2024,01-08-2024,Truck,Asia,68,473.77,679.38,32216.36,1998.42,20,-2,Returned,Late
10105,P444,Headphones,Apparel,NextGen Supplies,USA warehouse,19-05-2023,,,Truck, north america,267,133.37,185.5 USD,35609.79,327.78,582,4,Shipped,On-Time
10030,P933,Dining Table,Automotive,Delta Exporters, China Hub,10-12-2023,13-10-2023,28-10-2023,Air,Asia,308,159.67,235.87,49178.36,930.53,713,-2,Delayed,Late
10037,P261,Dining Table,Automotive,Alpha Traders,China Hub,30-04-2023,01-05-2023,16-05-2023,Express,Asia,54,330.72,$622.68,17858.88,1240.15,394,3,Shipped,On-Time
10362,P269,Sneakers,electronics,Global Tech Ltd, China Hub,15-08-2024,16-08-2024,24-08-2024,Express,Europe,128,287.95,329.02,36857.6,1105.64,914,14,Delayed,Late
10244,P899,Dining Table,Food,Vertex Distributors,India DC,04-02-2024,03-04-2024,14-04-2024,Air,South America,436,374.07,513.61 USD,163094.52,800.3,546,-2,Shipped,On-Time
10197,P898,Car Battery,Furniture,Global Tech Ltd,Brazil Hub,25-11-2023,,,Truck, north america,264,327.02,$634.77,86333.28,1859.63,710,10,Returned,Late
10428,P529,LED TV,electronics,Delta Exporters,USA warehouse,07-13-2024,17-07-2024,24-07-2024,Sea,EUROPE,265,33.45,61.54 USD,8864.25,1435.7,985,4,Shipped,On-Time
10112,P903,Sofa,Automotive,NextGen Supplies,China Hub,10-11-2024,12-11-2024,20-11-2024,Air,South America,247,169.3,$274.32,41817.1,1429.45,795,9,Returned,Late
10042,P711,Sneakers,Electronics,Global Tech Ltd,Germany Warehouse,22-02-2024,26-02-2024,11-03-2024,Truck,North America,231,133.45,155.26,30826.95,813.9,295,4,Returned,Late
10371,P494,Headphones,electronics,NextGen Supplies,USA Warehouse,09-05-2023,11-09-2023,26-09-2023,Express, north america,90,400.06,511.35,36005.4,1006.13,626,19,Cancelled,On-Time
10278,P502,Office Chair,apparel,Orion Manufacturing,China Hub,10-15-2024,21-10-2024,30-10-2024,Air,Asia,66,497.28,636.04,32820.48,1024.31,419,17,Delayed,On-Time
10194,P919,Brake Pads,Electronics ,Prime Wholesale,China Hub,24-10-2023,27-10-2023,02-11-2023,Express,South America,324,278.65,432.24 USD,90282.6,1350.92,8,16,Shipped,On-Time
10063,P858,Sofa,Apparel,Orion Manufacturing,China Hub,04-02-2024,05-02-2024,14-02-2024,Sea,Asia,223,430.38,563.29 USD,95974.74,1495.91,82,18,Cancelled,On-Time
10254,P651,Office Chair,Automotive ,Alpha Traders,USA warehouse,05-19-2024,25-05-2024,04-06-2024,Air,North America,346,300.56,381.24,103993.76,422.98,984,16,Shipped,Late
10313,P449,T-shirt,Food,Orion Manufacturing,China Hub,25-02-2024,28-02-2024,10-03-2024,Express,North America,209,199.22,222.13,41636.98,1696.7,-25,7,Returned,On-Time
10061,P382,Jacket,Electronics ,Alpha Traders,USA warehouse,06-07-2023,08-06-2023,11-06-2023,Sea,EUROPE,298,85.43,127.15,25458.14,479.98,385,3,Cancelled,On-Time
10046,P956,Engine Oil,Electronics ,Prime Wholesale,Brazil Hub,20-10-2024,22-10-2024,05-11-2024,Truck,North America,138,311.67,392.42,43010.46,1275.23,674,11,Cancelled,Late
10444,P915,Frozen Pizza,electronics,Delta Exporters, China Hub,08-04-2023,,,Sea,North America,184,95.15,147.34 USD,17507.6,1307.16,752,1,Cancelled,Late
10462,P874,Car Battery,Automotive ,Vertex Distributors,Germany Warehouse,10-07-2023,14-10-2023,18-10-2023,Truck,Asia,365,204.42,392.8,74613.3,272.82,972,5,Shipped,Late
10384,P861,Jeans,Electronics,Delta Exporters,China Hub,14-09-2023,17-09-2023,20-09-2023,Sea,EUROPE,84,470.9,858.89 USD,39555.6,1971.65,533,14,Delayed,Late
10486,P738,Chocolate,Electronics,Global Tech Ltd,USA warehouse,06-11-2024,09-11-2024,20-11-2024,Sea,Europe,416,243.38,$422.22,101246.08,119.88,69,-2,Returned,Late
10427,P757,Headphones,Electronics ,Delta Exporters,India DC,09-27-2024,30-09-2024,15-10-2024,Air,Europe,78,340.4,$611.77,26551.2,409.54,711,13,Delayed,On-Time
10111,P293,Brake Pads,Automotive ,Alpha Traders,USA warehouse,11-01-2024,18-01-2024,30-01-2024,Air, north america,407,432.63,795.84 USD,176080.41,520.13,96,20,Returned,Late
10161,P353,LED TV,Electronics,Delta Exporters,Germany Warehouse,03-18-2024,19-03-2024,03-04-2024,Sea,Europe,245,258.64,371.86,63366.8,928.15,595,9,Cancelled,Late
10106,P261,Engine Oil,Electronics,Global Tech Ltd,USA warehouse,21-01-2024,,,Air,Asia,165,388.75,$506.65,64143.75,435.39,625,11,Delayed,Late
10355,P399,Laptop,electronics,NextGen Supplies,India DC,06-04-2023,09-04-2023,14-04-2023,Truck,North America,83,254.04,357,21085.32,605.85,771,6,Returned,Late
10331,P231,Tablet,Automotive ,Global Tech Ltd,Brazil Hub,10-09-2024,14-09-2024,21-09-2024,Air,South America,123,199.37,308.87,24522.51,733.93,297,9,Cancelled,On-Time
10385,P555,Engine Oil,Automotive ,Vertex Distributors,USA warehouse,16-05-2023,17-05-2023,27-05-2023,Truck,South America,28,138,159.78,3864,1278.77,492,20,Returned,On-Time
10175,P280,LED TV,Automotive ,Global Tech Ltd,Germany Warehouse,12-24-2023,29-12-2023,31-12-2023,Sea, north america,9,55.33,67.14 USD,497.97,1445.95,412,19,Returned,On-Time
10105,P253,Jeans,Electronics,NextGen Supplies,USA Warehouse,13-04-2023,19-04-2023,04-05-2023,Sea, north america,421,343.96,$624.55,144807.16,1256.49,49,3,Shipped,Late
10081,P694,Jacket,Automotive ,Prime Wholesale,USA Warehouse,05-02-2023,10-02-2023,25-02-2023,Truck, north america,180,268.17,310.74,48270.6,804.49,653,10,Returned,Late
10367,P802,Frozen Pizza,Automotive ,NextGen Supplies,USA warehouse,12-03-2024,18-03-2024,23-03-2024,Express,Europe,238,405.32,454.86,96466.16,190.55,590,19,Returned,On-Time
10444,P977,Headphones,Electronics,Orion Manufacturing,Germany Warehouse,30-05-2023,01-06-2023,12-06-2023,Express,Europe,280,164.39,$260.98,46029.2,1186.95,742,-2,Delayed,On-Time
10270,P655,Chocolate,Electronics ,Global Tech Ltd,USA warehouse,01-08-2024,09-01-2024,22-01-2024,Express,Asia,50,154.9,$285.16,7745,1471.33,791,14,Delayed,Late
10098,P600,Office Chair,Automotive,Global Tech Ltd,USA warehouse,04-07-2023,10-07-2023,21-07-2023,Sea,Europe,50,471.38,$599.62,23569,1679.37,872,15,Delayed,Late
10225,P334,Tablet,Electronics ,Delta Exporters,USA warehouse,01-31-2023,01-02-2023,09-02-2023,Sea, north america,463,31,42.57,14353,245.63,479,7,Shipped,On-Time
10141,P164,Dining Table,Apparel,Delta Exporters,Brazil Hub,03-06-2024,05-06-2024,11-06-2024,Truck, north america,61,410.88,570.51,25063.68,805.08,657,0,Shipped,On-Time
10074,P659,Car Battery,apparel,NextGen Supplies,Germany Warehouse,09-16-2024,22-09-2024,06-10-2024,Truck,South America,468,11.32,20.94,5297.76,2987.6,293,0,Shipped,On-Time
10254,P870,Laptop,Automotive ,Vertex Distributors,USA warehouse,09-08-2023,11-08-2023,14-08-2023,Air, north america,428,236.29,471.22,101132.12,1659.14,604,18,Returned,On-Time
10082,P605,Office Chair,Automotive ,Vertex Distributors,China Hub,08-21-2023,27-08-2023,07-09-2023,Truck,Europe,270,217.68,334.82,58773.6,737.49,494,16,Cancelled,Late
10308,P929,Office Chair,Electronics,Global Tech Ltd, China Hub,02-15-2024,22-02-2024,24-02-2024,Sea,EUROPE,495,81.48,154.51 USD,40332.6,1025.67,188,4,Returned,On-Time
10398,P990,Jacket,electronics,Orion Manufacturing,India DC,04-06-2024,05-06-2024,11-06-2024,Express,North America,419,90.57,104.34 USD,37948.83,1510.44,118,17,Cancelled,On-Time
10131,P416,Dining Table,Automotive,Alpha Traders,Germany Warehouse,30-03-2023,31-03-2023,13-04-2023,Air,North America,305,94.24,141.84,28743.2,1433.31,317,14,Cancelled,Late
10426,P560,LED TV,Automotive ,Vertex Distributors,China Hub,25-08-2024,26-08-2024,29-08-2024,Express,North America,237,220.65,367.64 USD,52294.05,1036.53,437,11,Delayed,Late
10335,P461,Sofa,electronics,Alpha Traders,USA Warehouse,17-04-2023,23-04-2023,30-04-2023,Air,South America,263,323.72,$420.24,85138.36,386.25,-1,4,Returned,Late
10086,P434,Sofa,Furniture,Delta Exporters, China Hub,03-05-2023,10-03-2023,25-03-2023,Truck,Asia,191,84.85,158.09,16206.35,223.28,1,-2,Cancelled,Late
10116,P537,T-shirt,Furniture,NextGen Supplies,India DC,01-23-2024,27-01-2024,09-02-2024,Truck,North America,60,275.92,$456.72,16555.2,82.43,-42,5,Cancelled,Late
10218,P436,Brake Pads,Electronics,Global Tech Ltd,India DC,04-02-2024,,,Truck,Asia,234,421.62,571.4,98659.08,178.56,316,16,Cancelled,Late
10313,P770,Engine Oil,Electronics,Prime Wholesale,India DC,01-08-2024,05-08-2024,18-08-2024,Express,South America,381,482.01,673.62,183645.81,1137.96,78,19,Cancelled,Late
10281,P125,Laptop,Electronics,Vertex Distributors,China Hub,05-12-2023,08-12-2023,23-12-2023,Air, north america,478,227.33,410.51,108663.74,231.26,63,7,Shipped,Late
10493,P500,T-shirt,Automotive ,Delta Exporters,Brazil Hub,03-17-2024,18-03-2024,22-03-2024,Sea,Asia,489,172.78,$193.94,84489.42,738.13,117,2,Shipped,Late
10421,P219,Chocolate,electronics,Alpha Traders,Germany Warehouse,08-11-2024,12-08-2024,17-08-2024,Truck,Asia,316,70.78,95.23,22366.48,766.56,837,8,Returned,On-Time
10344,P321,Engine Oil,Automotive,Prime Wholesale,USA Warehouse,25-01-2024,26-01-2024,01-02-2024,Truck,South America,281,402.63,529.76,113139.03,39.01,977,5,Returned,Late
10435,P572,Smartphone,Electronics,Orion Manufacturing, China Hub,27-11-2023,,,Express,EUROPE,245,368.83,$700.2,90363.35,1393.12,586,8,Delayed,On-Time
10341,P255,Chocolate,apparel,Orion Manufacturing,Brazil Hub,21-11-2023,23-11-2023,08-12-2023,Express,South America,250,81.91,142.74,20477.5,206.26,367,3,Shipped,On-Time
10495,P354,Sofa,Electronics,Global Tech Ltd,Germany Warehouse,09-09-2024,11-09-2024,20-09-2024,Truck, north america,132,249.05,$430.53,32874.6,591.06,363,2,Shipped,On-Time
10171,P355,Chocolate,Furniture,Vertex Distributors, China Hub,01-09-2024,15-01-2024,17-01-2024,Truck, north america,443,454.96,$548.14,201547.28,162.77,953,9,Delayed,Late
10244,P719,LED TV,electronics,NextGen Supplies,USA warehouse,23-07-2024,30-07-2024,01-08-2024,Truck, north america,195,111.53,$180.13,21748.35,1881.29,261,12,Returned,Late
10226,P543,Headphones,electronics,Global Tech Ltd,China Hub,14-07-2024,19-07-2024,26-07-2024,Air,Asia,229,259.38,478.92 USD,59398.02,1355.7,562,-1,Cancelled,Late
10107,P505,Brake Pads,Electronics ,Orion Manufacturing,China Hub,09-04-2023,,,Sea,South America,110,364.47,615.53 USD,40091.7,5544.9,498,0,Cancelled,On-Time
10015,P146,Chocolate,Furniture,Prime Wholesale,Germany Warehouse,01-24-2023,29-01-2023,09-02-2023,Sea,South America,242,309.11,606.16 USD,74804.62,1182.55,865,15,Returned,On-Time
10248,P910,Office Chair,Automotive ,Global Tech Ltd,Brazil Hub,07-09-2023,08-09-2023,18-09-2023,Air, north america,136,367.36,580.86 USD,49960.96,645.89,979,-1,Cancelled,Late
10002,P275,Dining Table,Food,Orion Manufacturing,India DC,27-06-2024,30-06-2024,11-07-2024,Air,EUROPE,251,363.56,$467.49,91253.56,751.39,39,4,Shipped,Late
10329,P833,Sneakers,Apparel,Orion Manufacturing,Germany Warehouse,23-06-2024,30-06-2024,08-07-2024,Air,Europe,107,425.37,646.35 USD,45514.59,695.35,260,17,Cancelled,On-Time
10000,P820,Laptop,Automotive ,Orion Manufacturing,China Hub,17-03-2023,21-03-2023,05-04-2023,Air,Asia,465,250.5,438.3,116482.5,1182.08,287,11,Delayed,On-Time
10196,P491,Headphones,Food,NextGen Supplies,Germany Warehouse,08-01-2024,09-01-2024,14-01-2024,Express,EUROPE,194,186.27,$208.33,36136.38,570.93,371,20,Delayed,Late
10207,P981,LED TV,Electronics ,Prime Wholesale,USA warehouse,12-08-2024,17-08-2024,26-08-2024,Sea,South America,429,439.86,$802.39,188699.94,1091.57,13,15,Delayed,Late
10006,P118,Tablet,Food,Orion Manufacturing,Germany Warehouse,10-25-2023,31-10-2023,13-11-2023,Truck,Asia,166,324.13,362.74,53805.58,1386.87,972,7,Shipped,On-Time
10294,P449,Chocolate,Food,Orion Manufacturing,India DC,04-13-2023,20-04-2023,23-04-2023,Express,Europe,422,477.84,697.77,201648.48,1535.34,-37,6,Shipped,On-Time
10109,P760,Laptop,Automotive ,Global Tech Ltd,Brazil Hub,08-11-2024,13-08-2024,27-08-2024,Air,South America,153,211.91,303.74,32422.23,881.84,878,-1,Returned,On-Time
10460,P333,Car Battery,Apparel,Prime Wholesale,USA warehouse,16-03-2024,23-03-2024,29-03-2024,Truck, north america,79,277.31,526.38 USD,21907.49,1022.81,160,0,Delayed,Late
10074,P846,Smartphone,Food,Orion Manufacturing,Brazil Hub,15-04-2023,22-04-2023,26-04-2023,Air,EUROPE,458,405.74,608.54,185828.92,1673.78,118,19,Returned,On-Time
10300,P222,Tablet,Electronics,Prime Wholesale,Germany Warehouse,11-25-2023,02-12-2023,04-12-2023,Truck,Europe,53,136.84,160.25,7252.52,1804.84,-26,15,Cancelled,On-Time
10233,P192,Laptop,Automotive ,Vertex Distributors,China Hub,08-01-2024,,,Air,Asia,451,12.47,23.12 USD,5623.97,356.91,664,7,Delayed,On-Time
10368,P341,Sneakers,Food,Delta Exporters,India DC,10-05-2024,15-05-2024,30-05-2024,Air,South America,50,366.39,$464.79,18319.5,1000.52,640,0,Shipped,On-Time
10230,P926,Tablet,Apparel,NextGen Supplies,India DC,05-08-2023,10-05-2023,19-05-2023,Sea,North America,462,204.26,276.83,94368.12,27.33,704,14,Returned,On-Time
10144,P312,Dining Table,Electronics,Orion Manufacturing, China Hub,29-11-2023,30-11-2023,05-12-2023,Express,North America,454,319.65,$456.92,145121.1,544.83,209,-2,Cancelled,Late
10428,P981,Laptop,Furniture,Prime Wholesale,USA Warehouse,11-08-2024,16-08-2024,19-08-2024,Sea, north america,270,186.78,350.85,50430.6,1799.26,642,5,Cancelled,Late
10425,P641,Jeans,Furniture,Prime Wholesale,Brazil Hub,03-29-2024,30-03-2024,13-04-2024,Air,North America,194,113.29,218.11,21978.26,920.23,731,0,Shipped,On-Time
10080,P245,Office Chair,apparel,NextGen Supplies,Germany Warehouse,03-08-2024,07-08-2024,21-08-2024,Truck,Europe,123,422.36,579.59 USD,51950.28,1550.5,144,3,Shipped,Late
10268,P472,Headphones,Automotive,Delta Exporters,Germany Warehouse,16-04-2024,22-04-2024,26-04-2024,Truck,Europe,361,67.71,$75.99,24443.31,1605.99,-11,16,Delayed,Late
10060,P398,Chocolate,apparel,Delta Exporters, China Hub,27-07-2024,03-08-2024,08-08-2024,Truck,South America,290,270.58,338.7 USD,78468.2,929.76,804,20,Delayed,Late
10235,P904,Frozen Pizza,Automotive,Vertex Distributors,China Hub,10-02-2023,17-02-2023,04-03-2023,Truck,EUROPE,486,384.92,451.71,187071.12,1614.31,345,19,Cancelled,On-Time
10198,P151,Chocolate,electronics,NextGen Supplies,Brazil Hub,01-31-2023,05-02-2023,19-02-2023,Truck,Asia,60,237.24,373.76,14234.4,73.56,634,20,Shipped,On-Time
10466,P993,LED TV,Food,Global Tech Ltd,India DC,17-08-2023,22-08-2023,27-08-2023,Sea,Europe,73,352.64,483.68,25742.72,1185.77,-36,20,Delayed,On-Time
10174,P615,Headphones,Electronics,Alpha Traders,USA Warehouse,01-03-2023,03-03-2023,17-03-2023,Express,South America,17,254.17,$288.33,4320.89,1954.8,474,3,Cancelled,On-Time
10051,P888,Engine Oil,Automotive ,Delta Exporters,China Hub,22-09-2023,27-09-2023,08-10-2023,Air,South America,465,79.36,158.41,36902.4,1609.19,737,2,Shipped,Late
10113,P774,Headphones,Apparel,NextGen Supplies,USA warehouse,30-10-2023,06-11-2023,15-11-2023,Air,Europe,102,421.85,640.16,43028.7,1917.17,827,16,Returned,On-Time
10419,P484,LED TV,Automotive,Orion Manufacturing,China Hub,08-22-2024,,,Express,EUROPE,122,229.03,372.41 USD,27941.66,1819.97,305,16,Delayed,On-Time
10389,P499,Dining Table,Furniture,Global Tech Ltd,India DC,08-08-2024,14-08-2024,23-08-2024,Truck,Europe,231,374.43,595.03 USD,86493.33,143.96,91,3,Cancelled,Late
10206,P206,Jeans,Furniture,Vertex Distributors,China Hub,06-10-2023,12-06-2023,23-06-2023,Truck,Asia,183,231.57,456.92,42377.31,897.5,525,-1,Shipped,On-Time
10153,P614,Sneakers,Automotive ,Alpha Traders,Brazil Hub,01-01-2023,07-01-2023,11-01-2023,Express,Asia,253,381.29,$518.09,96466.37,1673.4,996,19,Returned,Late
10041,P966,Sneakers,Automotive ,Vertex Distributors,USA Warehouse,11-07-2024,18-07-2024,30-07-2024,Truck,South America,294,455.97,857.86,134055.18,1820.4,854,1,Shipped,Late
10197,P220,Tablet,Electronics,Delta Exporters, China Hub,08-10-2023,11-10-2023,25-10-2023,Air, north america,407,378.25,694.68,153947.75,1304.22,863,9,Cancelled,Late
10474,P271,Laptop,Food,Prime Wholesale,India DC,02-21-2024,22-02-2024,24-02-2024,Truck, north america,402,157.97,219.91,63503.94,1163.24,278,2,Returned,On-Time
10469,P816,Sofa,Food,Vertex Distributors,USA warehouse,30-03-2023,02-04-2023,09-04-2023,Air,EUROPE,215,377.16,476.24,81089.4,699.4,378,20,Cancelled,Late
10284,P426,Smartphone,apparel,Alpha Traders,Brazil Hub,02-08-2023,07-08-2023,09-08-2023,Air,Asia,404,201.89,$294.31,81563.56,1947.99,952,0,Cancelled,On-Time
10210,P243,Laptop,electronics,Global Tech Ltd,China Hub,08-06-2023,09-08-2023,19-08-2023,Express,EUROPE,406,413.02,495.28,167686.12,1167.89,-13,20,Returned,Late
10026,P594,T-shirt,Furniture,Delta Exporters,Germany Warehouse,17-09-2023,24-09-2023,28-09-2023,Truck,Europe,63,112.39,166.9 USD,7080.57,1168.3,637,-2,Shipped,On-Time
10050,P540,Sneakers,Furniture,Delta Exporters,Germany Warehouse,19-04-2023,23-04-2023,06-05-2023,Truck,Europe,232,487.67,860.04,113139.44,525.08,900,7,Cancelled,Late
10252,P885,Chocolate,Electronics ,Delta Exporters,USA Warehouse,04-19-2024,21-04-2024,25-04-2024,Express,South America,148,213.85,236.8,31649.8,1010.54,-36,6,Cancelled,On-Time
10290,P114,Frozen Pizza,Furniture,Delta Exporters,Brazil Hub,22-10-2024,29-10-2024,13-11-2024,Sea,Asia,98,207.24,386.95 USD,20309.52,1808.12,555,8,Delayed,Late
10351,P624,Chocolate,Food,Orion Manufacturing,India DC,09-01-2024,02-09-2024,16-09-2024,Express,Europe,420,164.55,328.87 USD,69111,14402.6,309,9,Cancelled,On-Time
10180,P428,Jacket,Furniture,Global Tech Ltd, China Hub,26-01-2023,31-01-2023,13-02-2023,Sea,South America,400,170.87,279.74 USD,68348,1430.86,928,12,Delayed,On-Time
10469,P336,Sneakers,Electronics ,Prime Wholesale,USA warehouse,15-01-2023,19-01-2023,24-01-2023,Express,North America,205,80.52,$128.42,16506.6,1491.22,132,-1,Delayed,Late
10370,P445,Jeans,Electronics,NextGen Supplies,USA Warehouse,19-01-2024,26-01-2024,07-02-2024,Sea, north america,129,452.27,838.29,58342.83,915.28,460,16,Shipped,On-Time
10124,P120,T-shirt,electronics,NextGen Supplies, China Hub,15-02-2024,17-02-2024,19-02-2024,Truck,Europe,439,125.25,235.35 USD,54984.75,864.72,923,14,Delayed,On-Time
10181,P543,Sofa,electronics,Delta Exporters, China Hub,20-02-2023,,,Sea,EUROPE,479,415.96,696.62,199244.84,281.92,596,17,Cancelled,On-Time
10256,P836,Office Chair,Apparel,Vertex Distributors,China Hub,11-29-2024,05-12-2024,16-12-2024,Air,Europe,63,180.35,326.05,11362.05,57.16,652,6,Returned,Late
10391,P184,Dining Table,Automotive,Global Tech Ltd, China Hub,06-21-2023,24-06-2023,30-06-2023,Express,EUROPE,94,294.69,396.34 USD,27700.86,245.74,655,6,Returned,Late
10299,P147,T-shirt,Automotive,Alpha Traders,Brazil Hub,01-24-2024,30-01-2024,06-02-2024,Express,EUROPE,162,348.61,599.98,56474.82,754.45,205,7,Returned,Late
10391,P903,Engine Oil,electronics,Orion Manufacturing,China Hub,06-07-2023,10-06-2023,20-06-2023,Truck, north america,436,424.72,558.75,185177.92,295.75,206,16,Returned,Late
10389,P659,Car Battery,Apparel,Alpha Traders,Germany Warehouse,23-04-2024,29-04-2024,02-05-2024,Air,Europe,73,81.4,142.48,5942.2,832.36,505,-3,Returned,Late
10238,P407,Sofa,Furniture,Delta Exporters,USA warehouse,31-10-2024,05-11-2024,14-11-2024,Express,Asia,358,176.49,352.73,63183.42,1233.49,366,-1,Returned,On-Time
10340,P982,Smartphone,apparel,NextGen Supplies,Germany Warehouse,04-17-2024,23-04-2024,01-05-2024,Express,Europe,327,458.8,897.08,150027.6,327.96,46,7,Shipped,Late
10121,P350,Frozen Pizza,Electronics ,NextGen Supplies,China Hub,27-11-2023,04-12-2023,16-12-2023,Truck,South America,182,198.16,320.97,36065.12,1126.95,417,1,Returned,Late
10369,P248,LED TV,Food,Vertex Distributors,USA warehouse,05-29-2023,31-05-2023,02-06-2023,Express,Europe,420,424.47,781.47 USD,178277.4,1696.19,839,10,Shipped,Late
10076,P809,Tablet,Apparel,Global Tech Ltd, China Hub,09-05-2024,16-05-2024,21-05-2024,Express,Asia,240,247.96,446.01,59510.4,441.39,463,1,Delayed,Late
10333,P447,Sofa,Apparel,NextGen Supplies,China Hub,25-01-2024,27-01-2024,08-02-2024,Air,South America,227,33.08,64.28,7509.16,91.65,692,20,Delayed,Late
10422,P476,Laptop,Furniture,Global Tech Ltd,India DC,29-03-2024,01-04-2024,13-04-2024,Air,North America,244,215.89,361.27,52677.16,1430.66,995,20,Delayed,On-Time
10139,P264,LED TV,electronics,Vertex Distributors,USA warehouse,04-11-2024,,,Express,Asia,3,51.95,101.81,155.85,191.02,235,11,Delayed,Late
10228,P328,Chocolate,Automotive,NextGen Supplies,Brazil Hub,03-08-2023,07-08-2023,14-08-2023,Express,Europe,90,451.29,506.61,40616.1,407.2,287,1,Delayed,Late
10189,P538,Frozen Pizza,electronics,Orion Manufacturing, China Hub,01-07-2024,04-07-2024,17-07-2024,Truck,South America,14,110.81,212.98,1551.34,532.28,243,1,Shipped,Late
10059,P123,Engine Oil,Automotive,Orion Manufacturing,USA Warehouse,13-10-2024,,,Air,South America,113,255.77,313.71 USD,28902.01,927.51,272,1,Cancelled,On-Time
10358,P700,Smartphone,Automotive ,Alpha Traders,China Hub,21-10-2023,22-10-2023,03-11-2023,Truck,South America,417,457.65,879.53 USD,190840.05,1906.88,619,1,Returned,Late
10145,P890,Tablet,apparel,Prime Wholesale, China Hub,07-14-2024,,,Express,Asia,286,351.81,$659.91,100617.66,992.18,670,1,Cancelled,Late
10489,P557,Headphones,Furniture,Delta Exporters,Brazil Hub,09-16-2024,17-09-2024,25-09-2024,Express,North America,288,458.91,725.94,132166.08,95.89,667,6,Delayed,Late
10438,P864,Headphones,Electronics ,Alpha Traders,China Hub,13-01-2024,15-01-2024,27-01-2024,Sea,EUROPE,337,316.18,$449.89,106552.66,1846.66,688,3,Shipped,Late
10264,P700,Car Battery,Furniture,Vertex Distributors,India DC,27-01-2024,02-02-2024,11-02-2024,Sea,EUROPE,366,257.2,$438.65,94135.2,1246.95,986,18,Cancelled,Late
10283,P811,Engine Oil,Automotive,NextGen Supplies,Germany Warehouse,05-10-2024,08-10-2024,18-10-2024,Express, north america,78,76.57,88.09,5972.46,196.8,832,10,Shipped,Late
10113,P755,Jacket,electronics,Global Tech Ltd,Brazil Hub,08-29-2023,,,Sea, north america,304,193.39,273.04,58790.56,1980.32,38,-2,Returned,Late
10094,P695,LED TV,apparel,Alpha Traders,China Hub,07-05-2024,,,Air,Europe,500,190.03,220.72 USD,95015,1431.33,111,7,Returned,Late
10055,P295,Chocolate,Food,Global Tech Ltd,USA Warehouse,07-02-2023,07-07-2023,16-07-2023,Sea,North America,213,464.08,672.51,98849.04,669.38,40,18,Cancelled,On-Time
10177,P417,Headphones,Automotive,Delta Exporters,Germany Warehouse,06-04-2023,11-04-2023,13-04-2023,Sea,Asia,187,31.76,59.94,5939.12,6.66,187,2,Returned,On-Time
10362,P719,Brake Pads,Electronics ,Vertex Distributors,China Hub,07-17-2024,18-07-2024,30-07-2024,Truck,EUROPE,94,324.84,$629.2,30534.96,86.25,833,6,Delayed,On-Time
10237,P267,Jeans,Electronics,Prime Wholesale,India DC,11-06-2023,18-06-2023,25-06-2023,Air,Asia,111,372.53,550.88,41350.83,1523.16,921,15,Returned,On-Time
10461,P685,Smartphone,apparel,Prime Wholesale,USA warehouse,02-08-2023,07-08-2023,15-08-2023,Express,North America,340,382.63,471.22,130094.2,1089.3,318,14,Cancelled,Late
10440,P471,T-shirt,Electronics ,Orion Manufacturing,India DC,01-02-2023,08-02-2023,18-02-2023,Air,South America,309,183.87,220.88,56815.83,7358.9,420,6,Delayed,Late
10111,P734,Laptop,Automotive,Vertex Distributors,Germany Warehouse,04-06-2024,07-04-2024,13-04-2024,Air,Europe,32,484.16,803.23 USD,15493.12,1834.54,803,12,Returned,Late
10058,P577,Car Battery,Electronics ,Global Tech Ltd,Germany Warehouse,07-10-2023,10-10-2023,16-10-2023,Express,Europe,15,242.28,$424.8,3634.2,987.79,728,-2,Cancelled,On-Time
10034,P599,Chocolate,Electronics ,NextGen Supplies,China Hub,01-10-2024,16-01-2024,20-01-2024,Air,North America,50,283.35,$416.31,14167.5,1996.75,274,11,Delayed,Late
10024,P519,Jeans,apparel,Global Tech Ltd, China Hub,07-22-2023,25-07-2023,29-07-2023,Express,EUROPE,208,166.51,294.41 USD,34634.08,1153.28,313,19,Returned,On-Time
10191,P972,Jacket,Automotive,Prime Wholesale,Germany Warehouse,02-06-2023,06-06-2023,15-06-2023,Express,North America,300,296.04,472.54,88812,1731.14,302,15,Cancelled,On-Time
10392,P194,Frozen Pizza,apparel,Global Tech Ltd, China Hub,31-07-2024,02-08-2024,13-08-2024,Air,South America,229,468.55,633.87 USD,107297.95,1901.51,576,4,Returned,On-Time
10339,P382,T-shirt,Automotive,NextGen Supplies,Brazil Hub,18-01-2023,25-01-2023,03-02-2023,Express,EUROPE,437,15.15,26.35,6620.55,1796.07,813,10,Shipped,On-Time
10159,P746,Sofa,Automotive ,NextGen Supplies,USA warehouse,09-05-2024,16-05-2024,28-05-2024,Air,Europe,84,460.44,595.58 USD,38676.96,1855.78,335,2,Returned,On-Time
10077,P479,Smartphone,Automotive,Vertex Distributors,China Hub,08-20-2024,25-08-2024,04-09-2024,Air,Asia,338,473.42,$679.12,160015.96,1900.86,473,-2,Delayed,On-Time
10362,P417,Engine Oil,Food,Delta Exporters,USA warehouse,31-07-2024,03-08-2024,16-08-2024,Air,EUROPE,389,143.16,234.46,55689.24,1824.7,114,11,Cancelled,On-Time
10257,P447,Frozen Pizza,Electronics,NextGen Supplies,USA Warehouse,25-03-2023,27-03-2023,04-04-2023,Express,EUROPE,325,262.59,352.02 USD,85341.75,544.79,-49,10,Shipped,Late
10089,P274,Sneakers,Food,NextGen Supplies,USA warehouse,19-11-2023,26-11-2023,04-12-2023,Air,Asia,118,292.02,$462.7,34458.36,33.57,618,-3,Returned,Late
10118,P659,Jeans,Electronics ,Alpha Traders,USA warehouse,24-03-2023,28-03-2023,04-04-2023,Truck,Asia,171,226.36,370.92 USD,38707.56,815.4,440,9,Delayed,Late
10041,P980,Dining Table,Apparel,Global Tech Ltd, China Hub,06-08-2023,10-08-2023,21-08-2023,Express,Europe,469,164.28,215.16,77047.32,677.34,266,5,Delayed,On-Time
10080,P811,Smartphone,electronics,Orion Manufacturing, China Hub,27-07-2023,,,Truck,EUROPE,175,409.98,466.7,71746.5,1047.02,303,16,Shipped,Late
10295,P206,Smartphone,Furniture,Alpha Traders,Germany Warehouse,07-31-2023,03-08-2023,06-08-2023,Express, north america,361,79.03,111.44 USD,28529.83,575.51,288,9,Returned,Late
10062,P570,Engine Oil,apparel,Orion Manufacturing,Germany Warehouse,17-08-2024,20-08-2024,25-08-2024,Express,South America,87,185.77,$330.11,16161.99,181.07,11,13,Delayed,On-Time
10430,P260,Frozen Pizza,electronics,Orion Manufacturing,USA warehouse,11-02-2023,04-11-2023,08-11-2023,Truck,North America,421,339.81,404.0 USD,143060.01,451.17,672,6,Shipped,On-Time
10309,P760,Dining Table,Electronics,Delta Exporters,India DC,21-02-2024,24-02-2024,09-03-2024,Air,South America,223,117.36,197.51,26171.28,1496.46,409,0,Delayed,Late
10028,P201,Dining Table,electronics,Vertex Distributors,USA Warehouse,21-12-2023,25-12-2023,07-01-2024,Express,North America,128,275.66,502.06,35284.48,1356.52,925,19,Returned,On-Time
10016,P741,Jacket,Automotive,Delta Exporters,China Hub,08-02-2023,10-02-2023,22-02-2023,Air,South America,2,75.48,86.76 USD,150.96,1009.1,315,14,Shipped,Late
10074,P590,Headphones,Furniture,Vertex Distributors,China Hub,28-06-2024,05-07-2024,09-07-2024,Truck,Europe,34,153.53,$290.85,5220.02,1580.28,380,20,Returned,Late
10442,P123,Laptop,electronics,Global Tech Ltd,Brazil Hub,25-05-2024,28-05-2024,04-06-2024,Air,North America,186,40.98,$47.21,7622.28,312.92,208,13,Shipped,Late
10206,P680,Office Chair,Apparel,Prime Wholesale,Brazil Hub,09-06-2024,13-06-2024,17-06-2024,Express,North America,297,102.24,197.47 USD,30365.28,1323.92,814,17,Cancelled,On-Time
10019,P879,LED TV,apparel,Alpha Traders, China Hub,06-24-2023,29-06-2023,14-07-2023,Truck,EUROPE,383,98.49,$109.04,37721.67,1226.72,171,18,Cancelled,Late
10188,P850,Jacket,Food,Delta Exporters,China Hub,16-02-2023,20-02-2023,03-03-2023,Sea, north america,271,386.68,707.74,104790.28,1352.73,931,16,Shipped,Late
10214,P508,Sneakers,electronics,Prime Wholesale,China Hub,26-11-2023,29-11-2023,11-12-2023,Air,South America,292,48.3,$55.98,14103.6,1920.26,246,-1,Shipped,On-Time
10245,P587,Car Battery,Food,Alpha Traders,USA Warehouse,11-02-2024,07-11-2024,15-11-2024,Truck, north america,24,326.33,574.89,7831.92,1100.07,840,0,Cancelled,On-Time
10491,P537,Jacket,apparel,Orion Manufacturing,Germany Warehouse,06-19-2024,23-06-2024,26-06-2024,Sea,EUROPE,454,138.98,$222.82,63096.92,1411.8,388,14,Returned,Late
10376,P448,Brake Pads,electronics,Alpha Traders,Germany Warehouse,18-09-2024,19-09-2024,25-09-2024,Express,Asia,305,44.94,63.8 USD,13706.7,834.4,546,16,Cancelled,On-Time
10436,P380,Tablet,Electronics ,Delta Exporters,Germany Warehouse,09-02-2023,11-02-2023,20-02-2023,Truck, north america,298,454.49,658.0 USD,135438.02,259.14,887,19,Returned,Late
10152,P875,Sneakers,Furniture,Delta Exporters,USA Warehouse,09-15-2024,22-09-2024,04-10-2024,Sea,North America,454,100.93,117.13,45822.22,45.35,255,0,Cancelled,On-Time
10015,P311,Brake Pads,Automotive ,Orion Manufacturing,Brazil Hub,26-06-2024,30-06-2024,15-07-2024,Sea, north america,453,399.31,500.37,180887.43,1960.6,794,6,Returned,Late
10459,P277,Dining Table,Electronics ,Delta Exporters, China Hub,02-09-2023,05-09-2023,11-09-2023,Air, north america,356,437.22,595.55,155650.32,1984.9,-41,10,Delayed,On-Time
10450,P780,T-shirt,Automotive,Prime Wholesale,China Hub,27-10-2023,,,Truck, north america,284,489.65,609.3,139060.6,187.57,390,20,Shipped,Late
10103,P943,Jeans,Apparel,Vertex Distributors,Germany Warehouse,07-10-2024,08-10-2024,15-10-2024,Air,North America,322,451,553.01,145222,1563.88,829,3,Cancelled,On-Time
10173,P292,Dining Table,Automotive,Delta Exporters,India DC,21-10-2024,25-10-2024,08-11-2024,Express, north america,193,468.91,593.28,90499.63,1785.96,-49,2,Returned,On-Time
10068,P633,T-shirt,Electronics,Global Tech Ltd,USA warehouse,14-01-2024,15-01-2024,29-01-2024,Air, north america,435,229.2,$397.28,99702,834.94,567,12,Shipped,On-Time
10305,P724,Office Chair,electronics,NextGen Supplies,India DC,03-25-2024,27-03-2024,08-04-2024,Sea,EUROPE,487,32.96,43.41,16051.52,1226.83,610,19,Delayed,Late
10386,P367,Engine Oil,Automotive ,Vertex Distributors,USA Warehouse,05-20-2024,21-05-2024,30-05-2024,Express, north america,265,214.69,258.28,56892.85,619.47,110,-2,Shipped,Late
10375,P564,Sneakers,Food,Global Tech Ltd,Germany Warehouse,05-06-2023,07-06-2023,11-06-2023,Truck,South America,240,311.94,359.44 USD,74865.6,1083.82,695,14,Returned,On-Time
10333,P652,LED TV,Apparel,Vertex Distributors,Brazil Hub,16-11-2024,23-11-2024,02-12-2024,Air,Europe,484,407.79,618.82,197370.36,384.72,650,-1,Delayed,On-Time
10466,P590,Brake Pads,electronics,Global Tech Ltd, China Hub,31-08-2024,01-09-2024,13-09-2024,Truck,South America,81,265.54,$491.6,21508.74,1262.14,408,5,Returned,On-Time
10123,P756,LED TV,apparel,Alpha Traders,USA warehouse,15-04-2023,21-04-2023,29-04-2023,Express,Europe,406,436.68,581.17,177292.08,1341.37,763,4,Cancelled,On-Time
10223,P821,Office Chair,Apparel,Delta Exporters,USA warehouse,10-07-2023,12-07-2023,21-07-2023,Truck,North America,123,267.46,494.57,32897.58,904.74,747,7,Returned,On-Time
10205,P168,Brake Pads,Automotive ,Delta Exporters,Brazil Hub,03-05-2023,06-03-2023,08-03-2023,Express,EUROPE,158,270.21,443.31,42693.18,1349.38,729,9,Returned,Late
10335,P469,LED TV,Furniture,NextGen Supplies,India DC,27-08-2023,03-09-2023,15-09-2023,Truck,Europe,43,56.43,$89.6,2426.49,371.86,252,2,Delayed,On-Time
10216,P462,Tablet,Food,Prime Wholesale, China Hub,13-02-2023,,,Sea, north america,130,280.35,514.06,36445.5,522.23,722,14,Shipped,On-Time
10413,P729,Office Chair,electronics,NextGen Supplies,India DC,08-11-2024,12-11-2024,18-11-2024,Sea, north america,407,157.8,309.75,64224.6,899.03,186,4,Returned,On-Time
10426,P484,Sneakers,apparel,Vertex Distributors,Germany Warehouse,16-11-2023,22-11-2023,26-11-2023,Sea,South America,13,25.55,28.74,332.15,206.19,784,14,Delayed,Late
10336,P606,Smartphone,Furniture,Alpha Traders, China Hub,02-11-2024,18-02-2024,25-02-2024,Air, north america,148,381.73,653.88 USD,56496.04,440.3,684,15,Cancelled,On-Time
10098,P949,Smartphone,apparel,Vertex Distributors, China Hub,03-07-2023,10-07-2023,12-07-2023,Truck,Asia,33,52.82,80.31,1743.06,875.71,977,12,Delayed,Late
10406,P619,Chocolate,Electronics ,Delta Exporters,China Hub,12-31-2023,06-01-2024,11-01-2024,Truck,South America,161,455.13,765.54,73275.93,442.98,65,7,Delayed,On-Time
10215,P497,T-shirt,Food,NextGen Supplies,China Hub,27-01-2024,01-02-2024,07-02-2024,Sea,South America,125,322.88,$603.02,40360,1418.71,745,15,Cancelled,On-Time
10060,P542,T-shirt,Food,Alpha Traders,Germany Warehouse,26-07-2023,02-08-2023,05-08-2023,Sea,EUROPE,322,270.01,437.46,86943.22,1260.03,761,6,Returned,Late
10222,P134,Sneakers,Automotive ,Vertex Distributors,China Hub,15-08-2024,18-08-2024,31-08-2024,Express,EUROPE,89,180.68,360.45 USD,16080.52,584.36,134,15,Returned,On-Time
10038,P324,Jeans,Food,Global Tech Ltd,USA warehouse,20-09-2024,22-09-2024,02-10-2024,Express,EUROPE,497,370.98,$669.74,184377.06,1229.1,434,1,Shipped,On-Time
10452,P728,Jeans,Furniture,Delta Exporters,India DC,26-09-2023,03-10-2023,17-10-2023,Truck,Europe,378,183.75,323.44 USD,69457.5,1554.78,581,3,Returned,Late
10367,P422,Brake Pads,Electronics,Alpha Traders,Brazil Hub,02-29-2024,02-03-2024,05-03-2024,Sea,Asia,188,106.12,202.23,19950.56,1346.62,689,4,Cancelled,Late
10326,P368,Sofa,apparel,Prime Wholesale,Brazil Hub,05-17-2023,18-05-2023,25-05-2023,Sea,EUROPE,187,328.98,370.44,61519.26,207.74,570,4,Returned,Late
10056,P887,Jacket,electronics,Global Tech Ltd,India DC,02-15-2024,16-02-2024,28-02-2024,Air,EUROPE,401,215.33,396.69 USD,86347.33,1147.59,751,0,Cancelled,On-Time
10356,P620,Sofa,Electronics,NextGen Supplies,India DC,17-02-2023,21-02-2023,08-03-2023,Sea,Asia,271,272.49,526.56,73844.79,1785.9,529,14,Delayed,Late
10366,P963,Brake Pads,Automotive ,NextGen Supplies,USA Warehouse,01-09-2023,06-09-2023,20-09-2023,Air,Asia,264,484.65,697.98,127947.6,918.54,821,19,Returned,On-Time
10384,P954,T-shirt,Electronics ,Prime Wholesale,USA warehouse,05-08-2024,09-05-2024,16-05-2024,Truck,North America,94,119.94,$226.62,11274.36,3804.4,-17,11,Cancelled,On-Time
10321,P779,Office Chair,Automotive,Prime Wholesale,Brazil Hub,19-08-2023,21-08-2023,30-08-2023,Sea, north america,56,244.81,446.18,13709.36,133.75,631,12,Shipped,On-Time
10103,P956,Frozen Pizza,Food,Prime Wholesale,USA Warehouse,07-27-2024,03-08-2024,13-08-2024,Truck,Asia,352,20.9,26.96,7356.8,1485.9,537,-1,Returned,Late
10339,P345,T-shirt,Automotive ,Orion Manufacturing,USA warehouse,03-14-2024,21-03-2024,31-03-2024,Air,Europe,42,252.73,444.16 USD,10614.66,1387.95,403,14,Delayed,Late
10292,P166,Headphones,Apparel,Vertex Distributors,Brazil Hub,01-29-2023,03-02-2023,17-02-2023,Sea,South America,375,306.81,345.92,115053.75,1519.63,710,9,Shipped,Late
10093,P669,Smartphone,electronics,Vertex Distributors,India DC,08-06-2023,10-08-2023,17-08-2023,Truck, north america,20,114.72,157.77,2294.4,1773.15,603,18,Delayed,On-Time
10122,P934,Tablet,Automotive ,Alpha Traders,India DC,05-01-2023,,,Sea,Europe,115,122.28,194.76 USD,14062.2,1789.99,456,5,Returned,Late
10340,P115,T-shirt,Electronics,Global Tech Ltd,Germany Warehouse,23-07-2023,,,Air,EUROPE,365,122.59,196.04 USD,44745.35,1308.44,647,9,Shipped,Late
10061,P545,Office Chair,apparel,Delta Exporters,Germany Warehouse,27-01-2023,,,Air,Europe,493,109.61,161.71,54037.73,1153.07,721,14,Delayed,Late
10058,P774,Tablet,Furniture,Prime Wholesale,Germany Warehouse,16-05-2024,19-05-2024,30-05-2024,Air,South America,328,136.85,$173.48,44886.8,364.9,33,5,Returned,Late
10469,P683,Chocolate,Apparel,Delta Exporters,Brazil Hub,09-02-2024,,,Air,EUROPE,473,455.77,579.22,215579.21,245.54,205,9,Cancelled,Late
10144,P135,Jeans,Automotive ,Prime Wholesale, China Hub,18-11-2024,20-11-2024,02-12-2024,Sea,South America,1,344.39,531.01,344.39,1584.16,779,1,Shipped,Late
10102,P328,Chocolate,Electronics,Alpha Traders,China Hub,15-01-2023,20-01-2023,30-01-2023,Air,EUROPE,198,146.71,200.21,29048.58,939.37,288,11,Returned,Late
10190,P106,Dining Table,Automotive,Alpha Traders, China Hub,30-05-2023,01-06-2023,06-06-2023,Air,South America,460,79.65,114.7,36639,1323.28,818,8,Cancelled,Late
10102,P497,Tablet,Automotive,NextGen Supplies,USA Warehouse,06-06-2024,12-06-2024,27-06-2024,Truck,North America,476,321.66,$545.15,153110.16,1051.58,301,-1,Returned,Late
10057,P501,Headphones,Apparel,Alpha Traders,USA warehouse,23-03-2024,24-03-2024,31-03-2024,Sea, north america,267,206.6,342.73 USD,55162.2,521.14,773,19,Shipped,Late
10086,P404,LED TV,Electronics ,Vertex Distributors,China Hub,01-02-2024,07-01-2024,16-01-2024,Air,Asia,391,476.86,671.75,186452.26,217.69,619,16,Delayed,On-Time
10132,P251,T-shirt,Electronics,Global Tech Ltd, China Hub,06-11-2024,09-11-2024,14-11-2024,Truck,Asia,425,465.02,$859.94,197633.5,1696.6,236,-2,Cancelled,On-Time
10430,P680,Brake Pads,Electronics,Delta Exporters,Germany Warehouse,09-09-2023,15-09-2023,23-09-2023,Express, north america,111,297.84,572.81 USD,33060.24,1224.07,829,17,Cancelled,On-Time
10395,P176,Smartphone,Furniture,Orion Manufacturing,Brazil Hub,14-04-2023,,,Truck,EUROPE,341,423.41,624.43,144382.81,862.78,105,4,Cancelled,On-Time
10249,P138,Engine Oil,Apparel,Vertex Distributors,USA warehouse,09-13-2023,17-09-2023,29-09-2023,Express,North America,236,330.81,553.89,78071.16,1626.11,590,20,Cancelled,Late
10311,P783,Tablet,Automotive,Vertex Distributors,USA warehouse,02-25-2023,01-03-2023,03-03-2023,Sea,North America,2,412.42,487.07,824.84,755.35,587,4,Shipped,On-Time
10370,P657,Engine Oil,Electronics,Global Tech Ltd,Brazil Hub,08-02-2023,09-02-2023,17-02-2023,Truck,South America,73,476.4,808.63 USD,34777.2,1718.78,902,4,Returned,Late
10298,P688,Dining Table,Apparel,Prime Wholesale,USA Warehouse,15-09-2024,,,Truck,Asia,239,442.49,660.27,105755.11,589.89,668,11,Delayed,Late
10477,P233,Office Chair,Electronics ,Prime Wholesale,China Hub,02-10-2024,15-02-2024,25-02-2024,Express,South America,231,193.62,231.1 USD,44726.22,1054.63,701,1,Cancelled,Late
10457,P118,Sofa,Apparel,Prime Wholesale,Germany Warehouse,06-21-2024,22-06-2024,26-06-2024,Air,Europe,131,158.54,269.44,20768.74,803.95,263,9,Delayed,On-Time
10193,P576,Engine Oil,Food,Orion Manufacturing,Brazil Hub,31-01-2023,05-02-2023,18-02-2023,Sea,Asia,265,266.96,$399.99,70744.4,1077.41,350,9,Returned,Late
10289,P528,Tablet,Apparel,Delta Exporters, China Hub,31-03-2024,06-04-2024,08-04-2024,Truck,EUROPE,368,386.14,720.09 USD,142099.52,1269.08,328,20,Cancelled,Late
10390,P929,Dining Table,Food,Orion Manufacturing,China Hub,07-18-2023,23-07-2023,26-07-2023,Express,Europe,468,315.65,475.94,147724.2,1909.5,345,-2,Returned,On-Time
10377,P717,Laptop,Automotive,Delta Exporters,China Hub,01-10-2024,06-10-2024,21-10-2024,Truck,EUROPE,338,182.31,235.05,61620.78,1123.39,836,3,Shipped,On-Time
10257,P608,Sofa,Apparel,Delta Exporters,India DC,25-04-2023,29-04-2023,11-05-2023,Truck,North America,54,306.92,382.56 USD,16573.68,974.97,759,9,Returned,Late
10451,P337,Dining Table,Food,Vertex Distributors,USA warehouse,07-26-2024,01-08-2024,14-08-2024,Express,South America,308,378.07,539.39,116445.56,676.18,344,4,Delayed,On-Time
10246,P736,LED TV,Food,Delta Exporters,Germany Warehouse,01-09-2023,14-01-2023,24-01-2023,Express, north america,295,315.47,433.36 USD,93063.65,554.14,884,-3,Returned,On-Time
10018,P707,Dining Table,Electronics ,NextGen Supplies,China Hub,07-10-2023,10-10-2023,13-10-2023,Express,Asia,185,490.99,$928.96,90833.15,343.05,647,8,Cancelled,On-Time
10216,P646,Laptop,apparel,Orion Manufacturing,Germany Warehouse,29-01-2023,03-02-2023,06-02-2023,Sea,North America,445,70.71,128.71,31465.95,115.55,915,5,Returned,Late
10479,P984,Jacket,Food,Global Tech Ltd,China Hub,05-08-2023,,,Air,South America,339,76.94,135.37 USD,26082.66,1033.77,576,3,Returned,Late
10436,P559,Sofa,Apparel,Prime Wholesale,China Hub,02-03-2023,06-03-2023,15-03-2023,Truck,North America,219,298.78,338.96 USD,65432.82,1447.86,194,17,Returned,Late
10495,P610,Sofa,apparel,Prime Wholesale,China Hub,09-18-2023,22-09-2023,24-09-2023,Express,EUROPE,96,429.96,736.16 USD,41276.16,37.49,217,18,Shipped,Late
10174,P693,Office Chair,Apparel,Global Tech Ltd,China Hub,01-01-2024,05-01-2024,15-01-2024,Air,South America,221,128.43,221.14 USD,28383.03,619.39,570,1,Returned,Late
10146,P958,Office Chair,Electronics ,Global Tech Ltd,Brazil Hub,10-16-2024,20-10-2024,04-11-2024,Express,EUROPE,499,21.22,27.16,10588.78,1779.65,444,11,Cancelled,On-Time
10227,P883,Engine Oil,Electronics,NextGen Supplies,China Hub,23-07-2024,28-07-2024,10-08-2024,Air, north america,31,338.08,599.89,10480.48,1199.97,752,19,Shipped,On-Time
10061,P771,Car Battery,Electronics,Alpha Traders,China Hub,01-26-2024,28-01-2024,03-02-2024,Express,EUROPE,473,30.63,37.61,14487.99,1230.11,289,16,Cancelled,Late
10412,P742,Smartphone,Apparel,Delta Exporters,India DC,25-01-2023,30-01-2023,08-02-2023,Sea,North America,305,378.12,$701.89,115326.6,952.9,561,16,Cancelled,On-Time
10292,P348,Office Chair,Automotive,Prime Wholesale,Germany Warehouse,14-09-2024,21-09-2024,23-09-2024,Air,Europe,302,163.83,$297.45,49476.66,373.48,332,11,Delayed,On-Time
10303,P281,Smartphone,Automotive,Alpha Traders,India DC,08-15-2024,,,Air,Asia,204,53.44,62.34,10901.76,206.98,462,17,Cancelled,On-Time
10050,P617,Brake Pads,electronics,Prime Wholesale, China Hub,12-10-2023,16-12-2023,20-12-2023,Air,North America,355,146.7,$177.95,52078.5,646.66,122,1,Shipped,On-Time
10289,P666,T-shirt,electronics,Global Tech Ltd,China Hub,17-07-2023,19-07-2023,29-07-2023,Sea,Asia,231,108.77,$188.35,25125.87,1420.51,809,19,Returned,On-Time
10198,P667,Smartphone,Furniture,NextGen Supplies,USA Warehouse,23-04-2024,24-04-2024,02-05-2024,Express, north america,115,336.53,$660.56,38700.95,301.67,994,-3,Shipped,Late
10242,P784,Smartphone,Electronics,Prime Wholesale,China Hub,09-03-2023,10-09-2023,18-09-2023,Air,South America,340,352.51,492.6,119853.4,1658.21,972,11,Cancelled,On-Time
10394,P522,Headphones,Apparel,Delta Exporters,USA Warehouse,07-08-2024,,,Air,Asia,117,37.17,49.93 USD,4348.89,682.17,92,7,Delayed,On-Time
10300,P374,Smartphone,electronics,Global Tech Ltd,USA Warehouse,05-03-2024,09-05-2024,14-05-2024,Sea,Europe,305,462.31,513.61,141004.55,469.72,665,19,Cancelled,Late
10315,P366,Office Chair,Electronics,Orion Manufacturing,USA warehouse,23-01-2024,29-01-2024,02-02-2024,Express, north america,27,132.07,220.51,3565.89,1583.76,670,5,Returned,Late
10062,P461,Dining Table,Food,Orion Manufacturing,USA warehouse,15-05-2024,22-05-2024,24-05-2024,Express,Asia,9,249.4,427.64,2244.6,1770.87,305,8,Shipped,Late
10395,P715,Office Chair,Food,Orion Manufacturing,USA Warehouse,03-16-2024,23-03-2024,28-03-2024,Express,South America,100,207.25,233.98,20725,134.85,144,19,Shipped,On-Time
10324,P506,Car Battery,apparel,Prime Wholesale,USA Warehouse,11-01-2024,14-01-2024,16-01-2024,Truck,Europe,44,266.62,396.46,11731.28,394.13,484,15,Cancelled,Late
10420,P292,Frozen Pizza,Food,Alpha Traders,China Hub,03-02-2023,,,Express, north america,79,10.57,20.31,835.03,726.47,582,-2,Returned,Late
10198,P987,Car Battery,apparel,Global Tech Ltd,Brazil Hub,31-01-2024,07-02-2024,10-02-2024,Sea,South America,60,122.12,193.09 USD,7327.2,730.16,940,6,Shipped,Late
10024,P918,Tablet,Food,Delta Exporters, China Hub,23-09-2024,26-09-2024,09-10-2024,Express, north america,53,380.79,741.64,20181.87,1359.28,504,-3,Shipped,On-Time
10134,P117,Smartphone,Automotive,Orion Manufacturing, China Hub,16-09-2024,23-09-2024,03-10-2024,Truck,Europe,241,463.22,514.28,111636.02,1739.6,647,17,Delayed,Late
10287,P508,Brake Pads,Automotive,Prime Wholesale,USA Warehouse,07-09-2023,13-09-2023,16-09-2023,Express,Europe,473,392.62,$648.26,185709.26,1674.62,284,8,Cancelled,Late
10051,P924,Car Battery,Apparel,Orion Manufacturing,India DC,01-12-2023,04-12-2023,17-12-2023,Truck,Europe,278,281.22,$552.79,78179.16,1708.7,734,16,Delayed,On-Time
10074,P646,Jeans,Furniture,Delta Exporters,Brazil Hub,22-02-2024,29-02-2024,04-03-2024,Express,South America,387,207.42,252.98 USD,80271.54,1789.41,416,10,Shipped,On-Time
10450,P981,Chocolate,Apparel,Orion Manufacturing,Germany Warehouse,02-22-2024,26-02-2024,29-02-2024,Sea,EUROPE,285,229.36,255.45 USD,65367.6,1977.06,-49,18,Cancelled,Late
10179,P908,Smartphone,Furniture,Global Tech Ltd,Brazil Hub,23-01-2023,30-01-2023,14-02-2023,Truck,North America,444,62.03,81.5,27541.32,531.83,770,16,Cancelled,On-Time
10100,P557,Sneakers,apparel,Global Tech Ltd,China Hub,28-04-2024,05-05-2024,16-05-2024,Sea, north america,421,363.15,583.52 USD,152886.15,615.18,24,3,Cancelled,On-Time
10412,P421,Dining Table,Furniture,Prime Wholesale,Germany Warehouse,04-19-2024,22-04-2024,03-05-2024,Truck,South America,124,328.58,651.42,40743.92,390.98,448,13,Returned,On-Time
10025,P344,Office Chair,Automotive,Vertex Distributors,India DC,27-10-2023,02-11-2023,17-11-2023,Air,Asia,25,338.73,$429.51,8468.25,1752.34,212,14,Cancelled,Late
10001,P711,Sofa,Electronics ,Delta Exporters,India DC,14-11-2023,20-11-2023,28-11-2023,Sea,EUROPE,260,343.55,630.75,89323,1468.17,-40,2,Delayed,Late
10086,P305,Headphones,Automotive ,Delta Exporters, China Hub,08-04-2023,09-08-2023,24-08-2023,Express,EUROPE,381,328.63,569.39 USD,125208.03,1366.88,734,20,Returned,On-Time
10030,P309,T-shirt,Apparel,Prime Wholesale, China Hub,08-27-2023,03-09-2023,16-09-2023,Express, north america,374,11.22,19.71 USD,4196.28,1375.55,344,14,Shipped,On-Time
10065,P661,Car Battery,Food,Orion Manufacturing,USA Warehouse,28-08-2024,30-08-2024,08-09-2024,Truck,North America,81,55.72,98.31 USD,4513.32,158.28,553,15,Shipped,Late
10480,P465,Headphones,Electronics,Prime Wholesale,Brazil Hub,15-05-2023,,,Sea,Asia,472,392.09,744.05,185066.48,1579.62,837,4,Delayed,Late
10071,P640,Office Chair,Automotive ,Alpha Traders, China Hub,10-20-2023,27-10-2023,30-10-2023,Truck,EUROPE,85,289.76,330.86,24629.6,1180.74,493,6,Returned,Late
10326,P184,Sneakers,Apparel,Global Tech Ltd,China Hub,09-01-2024,03-09-2024,16-09-2024,Truck,EUROPE,206,103.84,$144.58,21391.04,977.52,488,11,Shipped,On-Time
10373,P695,Frozen Pizza,Apparel,Orion Manufacturing,USA warehouse,14-03-2024,20-03-2024,22-03-2024,Sea,EUROPE,135,245.74,$283.56,33174.9,1099.69,723,12,Delayed,Late
10208,P563,Frozen Pizza,Automotive,Global Tech Ltd,USA warehouse,01-02-2024,06-02-2024,11-02-2024,Truck,EUROPE,401,139.21,$255.85,55823.21,1475.36,875,2,Returned,On-Time
10169,P620,Tablet,Automotive ,Vertex Distributors,China Hub,24-09-2023,,,Air,Asia,486,92.88,111.29,45139.68,1773.63,175,-2,Returned,On-Time
10082,P151,Brake Pads,Apparel,Orion Manufacturing,China Hub,07-26-2023,01-08-2023,13-08-2023,Sea,South America,478,46.04,63.17,22007.12,1545.71,831,2,Cancelled,On-Time
10490,P623,Frozen Pizza,Electronics,Delta Exporters,Germany Warehouse,29-07-2023,,,Air,EUROPE,51,379.67,428.15,19363.17,975.75,111,2,Cancelled,On-Time
10412,P955,Smartphone,electronics,NextGen Supplies, China Hub,07-02-2023,,,Express,EUROPE,342,124.58,199.2 USD,42606.36,199.86,244,3,Delayed,Late
10348,P732,Brake Pads,Food,Delta Exporters,USA warehouse,06-12-2023,16-06-2023,30-06-2023,Express,South America,210,245.92,372.7,51643.2,1782.62,322,2,Returned,On-Time
10382,P489,Car Battery,Electronics ,NextGen Supplies,Germany Warehouse,08-25-2023,31-08-2023,13-09-2023,Air,North America,307,407.82,694.2,125200.74,149.39,194,10,Returned,Late
10456,P577,Sneakers,Apparel,Global Tech Ltd,Brazil Hub,31-10-2024,03-11-2024,07-11-2024,Air,Europe,73,184.87,225.59 USD,13495.51,441.21,781,13,Shipped,On-Time
10076,P842,Engine Oil,Food,Alpha Traders,USA warehouse,01-04-2024,02-04-2024,05-04-2024,Air,South America,61,101.9,129.99 USD,6215.9,1100.98,284,8,Delayed,Late
10042,P854,LED TV,apparel,Alpha Traders,Brazil Hub,07-09-2023,11-09-2023,21-09-2023,Truck,Europe,293,467.43,617.3,136956.99,428.37,332,11,Returned,On-Time
10134,P898,Engine Oil,Apparel,Global Tech Ltd,USA warehouse,03-07-2023,07-07-2023,09-07-2023,Air, north america,46,168.76,308.36,7762.96,112.82,657,14,Delayed,Late
10367,P638,Dining Table,apparel,Global Tech Ltd, China Hub,04-03-2023,09-03-2023,15-03-2023,Truck,Europe,446,216.25,360.1,96447.5,921.75,583,0,Cancelled,Late
10143,P372,T-shirt,Automotive,Orion Manufacturing,India DC,17-06-2024,24-06-2024,06-07-2024,Express,EUROPE,278,68.79,80.95 USD,19123.62,1662.93,778,0,Shipped,On-Time
10481,P992,Tablet,Food,Prime Wholesale,China Hub,16-07-2023,18-07-2023,27-07-2023,Truck,EUROPE,485,295.73,$367.91,143429.05,1924.82,236,9,Shipped,Late
10369,P371,Jacket,Food,Vertex Distributors,Brazil Hub,02-06-2024,,,Express,Europe,495,480.36,655.67 USD,237778.2,1706.91,538,0,Shipped,On-Time
10263,P698,Jacket,Electronics,Prime Wholesale,India DC,18-05-2024,,,Express,North America,43,53.86,79.86,2315.98,253.52,937,16,Delayed,On-Time
10269,P733,Tablet,electronics,Orion Manufacturing,Brazil Hub,21-01-2024,23-01-2024,26-01-2024,Express,North America,332,25.53,47.18,8475.96,1745.47,845,7,Cancelled,Late
10130,P858,Car Battery,Food,Global Tech Ltd,India DC,24-04-2023,28-04-2023,08-05-2023,Air,Europe,337,129.38,$258.5,43601.06,739.74,994,16,Shipped,Late
10137,P378,Laptop,Automotive,Prime Wholesale, China Hub,02-23-2023,25-02-2023,08-03-2023,Express, north america,8,72.35,83.22,578.8,998.04,604,1,Cancelled,On-Time
10478,P632,Brake Pads,Electronics,Alpha Traders, China Hub,07-06-2023,10-06-2023,23-06-2023,Air,Asia,354,429.72,$838.12,152120.88,782.91,676,19,Delayed,Late
10069,P790,Chocolate,Electronics ,Delta Exporters, China Hub,12-11-2023,18-11-2023,25-11-2023,Sea,South America,463,59.75,$91.09,27664.25,22.81,517,2,Shipped,Late
10454,P214,T-shirt,Automotive,NextGen Supplies, China Hub,08-26-2023,27-08-2023,07-09-2023,Sea,South America,55,340.64,584.12,18735.2,1925.15,142,6,Cancelled,Late
10424,P884,Sofa,Apparel,NextGen Supplies,USA warehouse,08-05-2023,14-05-2023,21-05-2023,Sea,North America,339,208.49,337.69 USD,70678.11,680.74,768,3,Shipped,Late
10433,P153,Jacket,Furniture,Alpha Traders, China Hub,08-08-2023,09-08-2023,23-08-2023,Sea,South America,358,381.4,485.7 USD,136541.2,565.08,264,1,Cancelled,On-Time
10242,P302,Chocolate,Apparel,Vertex Distributors,USA warehouse,08-13-2024,18-08-2024,01-09-2024,Express,Europe,491,425.87,703.06,209102.17,389.17,627,20,Delayed,Late
10348,P447,Frozen Pizza,Electronics,Global Tech Ltd,Germany Warehouse,17-12-2023,23-12-2023,03-01-2024,Express,South America,14,10.81,13.95 USD,151.34,1501.77,127,15,Cancelled,On-Time
10372,P373,Sofa,Automotive,Alpha Traders,India DC,04-14-2024,18-04-2024,21-04-2024,Express,EUROPE,168,57.66,66.21,9686.88,1904.75,651,-3,Delayed,Late
10142,P125,Chocolate,apparel,Prime Wholesale,Germany Warehouse,12-23-2023,28-12-2023,12-01-2024,Truck,Asia,226,372.37,423.49,84155.62,546.81,351,-3,Returned,On-Time
10365,P222,Tablet,Electronics,Prime Wholesale,USA warehouse,06-10-2023,14-06-2023,22-06-2023,Express,South America,157,41.03,$63.48,6441.71,1758.87,790,19,Cancelled,On-Time
10342,P213,Dining Table,Apparel,Delta Exporters, China Hub,27-09-2023,29-09-2023,03-10-2023,Sea,South America,48,24.24,$48.42,1163.52,1806.91,310,17,Delayed,Late
10275,P156,Car Battery,electronics,Prime Wholesale, China Hub,17-07-2024,23-07-2024,06-08-2024,Truck,Europe,453,319.75,388.88 USD,144846.75,976.27,331,14,Delayed,Late
10131,P571,Frozen Pizza,Food,NextGen Supplies, China Hub,10-02-2023,08-10-2023,10-10-2023,Sea,Asia,92,190.82,$376.65,17555.44,1731.43,90,-2,Delayed,On-Time
10150,P837,Jeans,Furniture,Delta Exporters,USA Warehouse,07-15-2024,22-07-2024,02-08-2024,Truck,South America,401,443.33,806.66,177775.33,1399.5,318,6,Returned,On-Time
10307,P645,Brake Pads,Electronics ,Alpha Traders,Brazil Hub,27-01-2023,01-02-2023,03-02-2023,Air,South America,88,374.23,$486.37,32932.24,1123.41,239,0,Shipped,Late
10331,P804,Chocolate,Furniture,Orion Manufacturing,Germany Warehouse,03-21-2023,25-03-2023,09-04-2023,Sea,North America,245,447.2,791.2,109564,955.06,325,2,Returned,Late
10123,P503,Smartphone,Furniture,NextGen Supplies,USA Warehouse,23-05-2024,24-05-2024,05-06-2024,Air,Europe,491,183.81,$246.05,90250.71,1730.52,560,-2,Cancelled,On-Time
10273,P219,Frozen Pizza,electronics,Prime Wholesale,Brazil Hub,01-22-2023,23-01-2023,03-02-2023,Air,North America,313,171.28,244.2,53610.64,1060.3,985,7,Cancelled,Late
10471,P329,Tablet,Furniture,Global Tech Ltd,USA warehouse,03-29-2023,02-04-2023,13-04-2023,Air,Asia,341,42.1,48.25,14356.1,807.12,221,12,Cancelled,On-Time
10444,P948,Headphones,Electronics ,Orion Manufacturing,Brazil Hub,26-08-2023,01-09-2023,16-09-2023,Air,Europe,449,122.73,135.46,55105.77,2577.5,425,9,Returned,On-Time
10213,P320,Tablet,Furniture,Prime Wholesale, China Hub,22-04-2023,26-04-2023,04-05-2023,Express,South America,360,403.58,$466.61,145288.8,157.84,200,1,Returned,Late
10467,P835,LED TV,Apparel,Alpha Traders,Brazil Hub,01-06-2024,07-06-2024,17-06-2024,Sea,Europe,497,185.53,338.8,92208.41,8056.9,49,0,Delayed,On-Time
10187,P620,Headphones,electronics,Alpha Traders,USA Warehouse,04-07-2024,13-04-2024,16-04-2024,Express,Europe,217,337.28,484.02 USD,73189.76,1658.62,570,-1,Shipped,Late
10448,P998,Jeans,Automotive,NextGen Supplies, China Hub,09-03-2023,14-03-2023,19-03-2023,Air,Europe,89,394.34,467.53 USD,35096.26,1146.42,989,2,Returned,Late
10131,P247,Office Chair,Food,Global Tech Ltd,China Hub,12-12-2023,13-12-2023,17-12-2023,Sea,Asia,193,308.18,472.88,59478.74,322.88,710,10,Cancelled,On-Time
10153,P158,Headphones,apparel,Delta Exporters,Germany Warehouse,26-07-2023,02-08-2023,12-08-2023,Truck,EUROPE,149,305.94,$350.68,45585.06,316.62,503,6,Shipped,On-Time
10276,P452,LED TV,Electronics,Prime Wholesale,USA warehouse,03-11-2024,07-11-2024,20-11-2024,Sea,EUROPE,31,371.7,511.54 USD,11522.7,1407.34,-8,5,Cancelled,On-Time
10397,P982,Jeans,apparel,Vertex Distributors,China Hub,23-06-2024,29-06-2024,06-07-2024,Truck, north america,333,84.04,160.04 USD,27985.32,1084.3,526,19,Cancelled,Late
10020,P837,Jacket,Furniture,Orion Manufacturing, China Hub,08-18-2024,23-08-2024,28-08-2024,Express,Asia,206,172.78,266.19,35592.68,818.88,400,-2,Delayed,On-Time
10485,P144,Tablet,Furniture,Orion Manufacturing,China Hub,17-05-2023,19-05-2023,26-05-2023,Air,Asia,317,323.28,$533.23,102479.76,650,604,0,Cancelled,On-Time
10402,P972,T-shirt,electronics,Delta Exporters,USA warehouse,28-06-2023,,,Air,Asia,6,150.95,$200.71,905.7,1682.03,145,12,Shipped,On-Time
10308,P520,Jeans,Electronics ,Vertex Distributors,USA warehouse,22-01-2023,26-01-2023,06-02-2023,Sea,EUROPE,91,280.77,359.35,25550.07,427.03,804,1,Returned,Late
10112,P841,Smartphone,Food,Global Tech Ltd,Brazil Hub,13-10-2023,15-10-2023,23-10-2023,Express,North America,256,294.63,324.15,75425.28,552.12,307,10,Returned,Late
10387,P561,Car Battery,Apparel,NextGen Supplies,USA Warehouse,04-23-2024,28-04-2024,11-05-2024,Truck, north america,362,483.42,939.81 USD,174998.04,1458.5,552,12,Shipped,On-Time
10274,P109,Tablet,Apparel,Alpha Traders,Brazil Hub,11-04-2024,12-04-2024,25-04-2024,Sea,Asia,349,205.97,374.03,71883.53,757.58,537,16,Cancelled,Late
10106,P286,Car Battery,electronics,Global Tech Ltd,Germany Warehouse,30-07-2024,31-07-2024,03-08-2024,Sea, north america,223,17,$20.26,3791,609.55,857,7,Cancelled,On-Time
10477,P706,Smartphone,Furniture,NextGen Supplies,USA warehouse,23-04-2023,30-04-2023,10-05-2023,Air,South America,425,490.72,611.09 USD,208556,1171.48,499,13,Delayed,Late
10369,P827,Brake Pads,Automotive ,Orion Manufacturing,India DC,11-11-2024,18-11-2024,25-11-2024,Truck,South America,21,101.53,170.27,2132.13,255.26,490,2,Delayed,Late
10201,P862,Chocolate,Automotive,Orion Manufacturing,USA Warehouse,16-05-2023,,,Express, north america,50,233.86,438.83 USD,11693,1768.15,306,1,Shipped,Late
10142,P896,Smartphone,Apparel,Vertex Distributors,Germany Warehouse,26-02-2024,01-03-2024,09-03-2024,Truck,EUROPE,470,325.46,431.48 USD,152966.2,829.2,128,18,Cancelled,Late
10125,P961,Office Chair,Automotive ,Prime Wholesale,USA Warehouse,01-01-2023,07-01-2023,14-01-2023,Express,Europe,132,475.63,827.21,62783.16,421.13,905,2,Shipped,On-Time
10117,P509,LED TV,Electronics ,Orion Manufacturing,Germany Warehouse,06-24-2023,26-06-2023,05-07-2023,Sea,North America,294,361.94,631.82,106410.36,463.59,-43,11,Cancelled,Late
10288,P623,Headphones,Automotive ,Alpha Traders,Brazil Hub,01-12-2023,02-12-2023,13-12-2023,Air,North America,248,447.68,887.35,111024.64,906.7,958,10,Shipped,On-Time
10266,P867,Sneakers,Electronics,Alpha Traders,Brazil Hub,30-10-2024,05-11-2024,15-11-2024,Air,EUROPE,239,358.55,$673.59,85693.45,1121.56,504,17,Cancelled,On-Time
10241,P795,Dining Table,Automotive,Alpha Traders,India DC,03-28-2023,04-04-2023,07-04-2023,Sea,Asia,396,30.28,$52.99,11990.88,1918.87,977,16,Cancelled,On-Time
10250,P524,Chocolate,Automotive,Vertex Distributors,USA Warehouse,20-10-2023,24-10-2023,08-11-2023,Air,EUROPE,36,128.78,214.24,4636.08,55.12,244,4,Returned,On-Time
10267,P569,Headphones,Furniture,Alpha Traders,USA Warehouse,17-09-2024,21-09-2024,27-09-2024,Air,EUROPE,47,323.39,513.72,15199.33,1062.72,252,18,Shipped,On-Time
10243,P523,Sofa,Apparel,Alpha Traders,USA Warehouse,06-06-2024,09-06-2024,23-06-2024,Truck,EUROPE,153,171.1,$208.85,26178.3,1173.19,961,3,Returned,On-Time
10373,P892,Tablet,Electronics,Orion Manufacturing,India DC,09-08-2024,16-08-2024,25-08-2024,Truck,South America,383,67.17,114,25726.11,41.18,693,20,Returned,Late
10346,P513,Brake Pads,Food,Alpha Traders, China Hub,10-05-2023,11-10-2023,25-10-2023,Truck,North America,87,119.94,$139.46,10434.78,1965.77,67,17,Delayed,On-Time
10111,P805,Jacket,Food,NextGen Supplies,USA Warehouse,07-09-2024,14-07-2024,27-07-2024,Truck,EUROPE,496,111.33,153.38 USD,55219.68,1958.9,442,13,Returned,Late
10082,P160,Headphones,Furniture,Alpha Traders,USA warehouse,11-03-2023,12-03-2023,27-03-2023,Express,Asia,169,460.82,581.78,77878.58,1734.31,268,1,Returned,Late
10466,P835,Sneakers,Automotive ,Vertex Distributors,Brazil Hub,17-05-2024,20-05-2024,30-05-2024,Truck,Europe,240,421.72,479.29 USD,101212.8,1053.19,-26,14,Delayed,On-Time
10423,P911,Jacket,Furniture,Prime Wholesale,Brazil Hub,23-11-2024,30-11-2024,04-12-2024,Express, north america,313,148.19,$231.72,46383.47,401.76,287,14,Cancelled,On-Time
10051,P342,Car Battery,apparel,Global Tech Ltd,Brazil Hub,04-27-2024,03-05-2024,08-05-2024,Sea,South America,169,221.25,287.87,37391.25,1601.98,118,10,Cancelled,Late
10045,P115,Jacket,Food,Orion Manufacturing,India DC,09-20-2023,27-09-2023,05-10-2023,Express,North America,154,458.19,640.87,70561.26,1251.31,445,3,Shipped,Late
10117,P480,Sneakers,Apparel,NextGen Supplies,Brazil Hub,07-10-2023,15-07-2023,28-07-2023,Express,Asia,180,406.94,664.81,73249.2,402.82,663,5,Cancelled,On-Time
10325,P657,Headphones,apparel,Orion Manufacturing, China Hub,05-09-2024,10-09-2024,14-09-2024,Express, north america,374,207.73,$272.59,77691.02,1176.04,530,11,Returned,On-Time
10286,P785,Chocolate,Furniture,Prime Wholesale,India DC,12-03-2023,14-03-2023,29-03-2023,Air,Asia,497,202.73,392.44 USD,100756.81,485.35,267,19,Cancelled,On-Time
10417,P639,T-shirt,Electronics,NextGen Supplies,Brazil Hub,10-04-2024,13-04-2024,17-04-2024,Truck,South America,143,85.2,102.68,12183.6,693.52,551,18,Shipped,Late
10160,P655,Office Chair,Apparel,Global Tech Ltd,Germany Warehouse,16-08-2023,17-08-2023,30-08-2023,Truck, north america,39,391.99,$482.72,15287.61,1780.68,28,14,Shipped,On-Time
10326,P726,Chocolate,Electronics,Global Tech Ltd, China Hub,01-08-2024,03-08-2024,15-08-2024,Air,South America,340,381.09,468.42,129570.6,1131.74,632,9,Delayed,Late
10388,P985,Office Chair,Automotive,Alpha Traders, China Hub,29-06-2024,03-07-2024,16-07-2024,Sea,Europe,427,116.79,199.57,49869.33,1491.24,952,18,Shipped,On-Time
10107,P893,T-shirt,Electronics ,Global Tech Ltd,Brazil Hub,30-11-2024,06-12-2024,21-12-2024,Truck,Europe,239,97.45,123.75 USD,23290.55,66.88,176,19,Returned,Late
10082,P238,Sneakers,Apparel,Global Tech Ltd,India DC,04-14-2024,18-04-2024,29-04-2024,Truck, north america,312,263.68,324.02 USD,82268.16,1433.59,786,3,Delayed,On-Time
10146,P434,Tablet,Automotive,Vertex Distributors,USA warehouse,05-22-2024,26-05-2024,04-06-2024,Air,South America,183,426.25,831.69,78003.75,1185.88,920,7,Shipped,Late
10240,P397,Frozen Pizza,Furniture,Vertex Distributors,USA warehouse,02-03-2023,04-03-2023,06-03-2023,Air,North America,285,62.75,114.86,17883.75,1666.56,617,20,Delayed,On-Time
10248,P695,Office Chair,Electronics,Global Tech Ltd, China Hub,24-09-2024,27-09-2024,07-10-2024,Sea,South America,335,472.42,$641.43,158260.7,1646.27,415,2,Delayed,On-Time
10442,P607,LED TV,Electronics ,NextGen Supplies,Brazil Hub,28-09-2023,29-09-2023,02-10-2023,Truck,Europe,130,64.21,76.57 USD,8347.3,1205.02,981,6,Delayed,Late
10179,P663,Frozen Pizza,Furniture,Orion Manufacturing,USA warehouse,14-01-2023,20-01-2023,29-01-2023,Sea,Asia,199,66.54,$130.76,13241.46,873.38,658,13,Delayed,Late
10366,P945,Jeans,Electronics ,Prime Wholesale,USA Warehouse,08-04-2023,12-04-2023,15-04-2023,Truck,North America,279,485.12,709.49,135348.48,1912.91,542,-1,Returned,On-Time
10460,P528,Chocolate,electronics,Delta Exporters, China Hub,29-10-2024,05-11-2024,10-11-2024,Sea,Asia,486,474.59,843.29,230650.74,669.42,489,17,Cancelled,Late
10324,P512,Headphones,Automotive,Delta Exporters,USA warehouse,29-04-2023,30-04-2023,04-05-2023,Truck,North America,311,186.96,$354.84,58144.56,1867.32,991,0,Cancelled,On-Time
10219,P634,Tablet,Electronics,Vertex Distributors,USA Warehouse,18-10-2023,,,Truck,Asia,63,310.18,523.98,19541.34,396.25,411,1,Cancelled,On-Time
10135,P494,Sneakers,Furniture,Vertex Distributors,China Hub,01-01-2023,02-01-2023,11-01-2023,Air,North America,188,417.56,$625.8,78501.28,86.61,477,8,Cancelled,Late
10024,P941,Sneakers,Automotive ,Orion Manufacturing,Brazil Hub,11-20-2023,27-11-2023,09-12-2023,Sea,EUROPE,228,360.2,660.45,82125.6,297.48,574,18,Delayed,On-Time
10331,P287,Sofa,electronics,Delta Exporters,USA warehouse,12-06-2024,16-06-2024,21-06-2024,Air,North America,453,452.15,641.25,204823.95,790.98,934,-2,Shipped,On-Time
10042,P668,Laptop,Automotive,Alpha Traders, China Hub,16-10-2024,17-10-2024,26-10-2024,Air,North America,3,28.16,46.47,84.48,664.75,449,9,Returned,Late
10231,P127,Chocolate,apparel,Delta Exporters,Brazil Hub,08-22-2024,24-08-2024,26-08-2024,Air,North America,166,180.55,309.99 USD,29971.3,1104.3,257,17,Shipped,On-Time
10412,P947,Chocolate,Furniture,Global Tech Ltd, China Hub,28-11-2024,30-11-2024,03-12-2024,Express,Asia,67,228.75,457.5,15326.25,602.98,98,4,Returned,Late
10458,P596,Engine Oil,Apparel,Alpha Traders,USA Warehouse,10-11-2024,16-10-2024,20-10-2024,Air,EUROPE,424,19.46,23.81 USD,8251.04,273.04,899,12,Shipped,Late
10125,P539,Dining Table,Electronics ,NextGen Supplies,USA Warehouse,26-01-2023,30-01-2023,10-02-2023,Truck,Europe,372,24.45,27.34,9095.4,1968.85,167,13,Delayed,On-Time
10220,P875,Sneakers,Automotive ,Global Tech Ltd,USA warehouse,03-13-2023,19-03-2023,25-03-2023,Air,Asia,378,396.9,789.84,150028.2,1794.08,140,0,Returned,Late
10378,P998,Headphones,Automotive,Delta Exporters,USA warehouse,08-20-2023,24-08-2023,06-09-2023,Express,Asia,9,447.23,$689.54,4025.07,552.85,591,1,Returned,Late
10324,P600,Dining Table,Furniture,NextGen Supplies,USA warehouse,17-03-2024,21-03-2024,03-04-2024,Sea,South America,497,43.64,$57.81,21689.08,420.87,946,-3,Shipped,Late
10407,P141,Dining Table,Food,Orion Manufacturing,Germany Warehouse,25-07-2024,27-07-2024,05-08-2024,Sea, north america,90,378.53,$722.22,34067.7,427.46,982,-3,Cancelled,On-Time
10140,P655,Smartphone,Electronics ,Vertex Distributors,China Hub,08-01-2023,14-01-2023,22-01-2023,Truck, north america,406,221.2,251.13,89807.2,1623.21,740,20,Cancelled,Late
10444,P623,Smartphone,Electronics,Vertex Distributors,India DC,01-20-2024,,,Express,North America,167,240.97,426.14,40241.99,1290.47,417,15,Returned,Late
10272,P695,Car Battery,Furniture,Global Tech Ltd,China Hub,10-30-2023,05-11-2023,15-11-2023,Air,EUROPE,489,365.26,670.48 USD,178612.14,92.59,937,2,Returned,Late
10204,P699,Engine Oil,Electronics,Orion Manufacturing,Brazil Hub,04-16-2023,17-04-2023,26-04-2023,Express,EUROPE,328,18.93,21.65,6209.04,1675.89,995,3,Delayed,On-Time
10094,P550,Smartphone,electronics,Prime Wholesale, China Hub,02-24-2023,,,Air,Asia,358,429.86,634.42,153889.88,1549.38,299,7,Delayed,Late
10196,P386,Chocolate,Electronics,Vertex Distributors,USA warehouse,05-22-2024,26-05-2024,04-06-2024,Truck,South America,241,126.84,249.08 USD,30568.44,413.69,349,-1,Delayed,Late
10374,P919,Office Chair,Automotive ,Delta Exporters,Brazil Hub,11-30-2023,01-12-2023,04-12-2023,Truck,EUROPE,372,145.22,248.07,54021.84,430.59,746,15,Returned,On-Time
10196,P115,T-shirt,Automotive,Vertex Distributors,Germany Warehouse,31-03-2024,07-04-2024,20-04-2024,Sea,EUROPE,161,163.82,$282.9,26375.02,6502.7,76,-2,Delayed,Late
10027,P211,LED TV,Food,NextGen Supplies, China Hub,11-04-2024,17-04-2024,23-04-2024,Sea, north america,347,9.94,16.16 USD,3449.18,1999.42,556,9,Shipped,Late
10279,P592,Sneakers,electronics,Global Tech Ltd, China Hub,16-02-2024,21-02-2024,26-02-2024,Express,Asia,124,205.37,234.57 USD,25465.88,537.29,987,5,Returned,On-Time
10240,P763,Office Chair,Automotive,Orion Manufacturing,Germany Warehouse,31-05-2024,06-06-2024,13-06-2024,Express,South America,167,227.41,281.24,37977.47,423.27,230,14,Shipped,On-Time
10206,P549,Chocolate,apparel,Alpha Traders,China Hub,29-09-2024,04-10-2024,07-10-2024,Sea,EUROPE,461,371.68,716.69,171344.48,497.73,280,5,Shipped,On-Time
10027,P604,LED TV,Automotive ,Global Tech Ltd,Brazil Hub,30-05-2024,05-06-2024,11-06-2024,Air,Asia,375,75.62,147.05,28357.5,1670.92,449,12,Delayed,Late
10078,P247,Dining Table,Automotive ,Alpha Traders, China Hub,13-04-2023,,,Sea, north america,382,193.2,293.27,73802.4,554.95,774,8,Cancelled,Late
10155,P146,Car Battery,apparel,Vertex Distributors,USA Warehouse,03-03-2024,08-03-2024,18-03-2024,Truck, north america,218,249.38,$313.12,54364.84,1557.05,36,15,Cancelled,Late
10476,P175,Laptop,Electronics ,Vertex Distributors,India DC,11-04-2023,07-11-2023,12-11-2023,Express,Europe,306,393.4,$596.21,120380.4,1388.19,862,12,Shipped,On-Time
10051,P854,Sofa,Apparel,Prime Wholesale,India DC,12-02-2024,18-02-2024,24-02-2024,Truck,Europe,330,422.76,574.47,139510.8,15386.4,1000,-3,Returned,On-Time
10192,P639,Dining Table,Furniture,Delta Exporters,Germany Warehouse,13-10-2024,18-10-2024,01-11-2024,Truck,Europe,317,194.91,303.94,61786.47,1695.77,139,7,Shipped,On-Time
10114,P112,Frozen Pizza,Electronics ,NextGen Supplies,India DC,24-08-2024,26-08-2024,04-09-2024,Sea, north america,140,69.26,95.0 USD,9696.4,1335.27,117,5,Shipped,On-Time
10161,P298,T-shirt,Electronics ,Alpha Traders,China Hub,22-09-2024,29-09-2024,12-10-2024,Truck,North America,484,265.65,$403.12,128574.6,1037.03,100,8,Cancelled,Late
10045,P647,T-shirt,Food,Alpha Traders,USA Warehouse,04-02-2024,09-02-2024,21-02-2024,Air,Asia,304,363.57,420.37,110525.28,1285.4,736,-1,Cancelled,On-Time
10275,P141,Sofa,Electronics,Vertex Distributors,Brazil Hub,01-01-2024,08-01-2024,16-01-2024,Express, north america,51,188.5,318.29 USD,9613.5,1748.97,93,-1,Delayed,On-Time
10075,P264,T-shirt,Automotive,Prime Wholesale,Brazil Hub,04-17-2024,18-04-2024,24-04-2024,Sea,South America,164,426.74,718.1,69985.36,100.99,26,-2,Shipped,On-Time
10373,P851,Jacket,apparel,Global Tech Ltd,Germany Warehouse,04-09-2023,,,Air,EUROPE,159,269.3,338.11,42818.7,876.92,527,8,Delayed,On-Time
10148,P806,LED TV,Apparel,NextGen Supplies,India DC,07-27-2023,30-07-2023,14-08-2023,Truck,South America,33,177.75,$275.15,5865.75,1245.7,992,5,Delayed,Late
10157,P316,Tablet,Apparel,Delta Exporters,Brazil Hub,24-08-2024,31-08-2024,05-09-2024,Air, north america,227,280.49,489.38,63671.23,1120.09,370,19,Delayed,Late
10402,P750,Frozen Pizza,electronics,Orion Manufacturing,Germany Warehouse,26-03-2023,,,Truck,South America,474,142.93,237.94 USD,67748.82,1543.97,-38,5,Delayed,On-Time
10361,P314,LED TV,Apparel,Prime Wholesale,USA warehouse,08-16-2023,20-08-2023,01-09-2023,Truck, north america,310,463.08,848.49,143554.8,1177.41,742,1,Shipped,On-Time
10182,P509,Brake Pads,Automotive,Alpha Traders, China Hub,01-11-2023,08-11-2023,18-11-2023,Truck,Asia,466,162.24,188.26 USD,75603.84,1000.06,124,9,Shipped,Late
10039,P743,Chocolate,apparel,Orion Manufacturing,USA warehouse,08-13-2023,16-08-2023,28-08-2023,Truck,EUROPE,150,40.03,59.57 USD,6004.5,1427.47,131,3,Cancelled,Late
10357,P926,T-shirt,electronics,Prime Wholesale, China Hub,04-26-2024,01-05-2024,15-05-2024,Truck, north america,113,381.37,626.85,43094.81,1438.47,795,4,Returned,On-Time
10229,P673,Car Battery,Electronics,Global Tech Ltd, China Hub,09-16-2023,20-09-2023,26-09-2023,Truck, north america,207,170.71,$251.74,35336.97,225.51,511,2,Shipped,On-Time
10265,P418,Office Chair,Automotive ,Delta Exporters,India DC,03-05-2024,04-05-2024,07-05-2024,Air, north america,261,444.45,758.73 USD,116001.45,1548.02,525,12,Delayed,Late
10200,P590,LED TV,apparel,Alpha Traders,China Hub,20-02-2023,27-02-2023,04-03-2023,Truck,Asia,91,26.15,40.33,2379.65,1071.59,681,11,Cancelled,Late
10217,P265,Frozen Pizza,Automotive ,Vertex Distributors,USA Warehouse,21-06-2024,26-06-2024,09-07-2024,Express,EUROPE,53,482.1,914.42,25551.3,10394,734,18,Returned,Late
10059,P346,Headphones,apparel,Vertex Distributors, China Hub,11-09-2023,15-09-2023,17-09-2023,Sea,EUROPE,146,197.55,362.46 USD,28842.3,1685.4,733,-3,Delayed,Late
10415,P426,Dining Table,apparel,Alpha Traders,USA warehouse,21-06-2024,27-06-2024,11-07-2024,Air,EUROPE,426,211.59,364.92,90137.34,233.59,269,20,Cancelled,On-Time
10436,P732,Office Chair,Apparel,NextGen Supplies,Germany Warehouse,15-02-2023,,,Air,Asia,240,410.68,805.69 USD,98563.2,1319.28,691,4,Delayed,On-Time
10154,P427,Chocolate,Electronics ,Vertex Distributors,USA Warehouse,01-09-2024,07-09-2024,12-09-2024,Truck,South America,162,132.69,263.7,21495.78,807.41,133,12,Delayed,Late
10000,P983,Jeans,apparel,Prime Wholesale,USA Warehouse,05-22-2024,26-05-2024,01-06-2024,Air,South America,435,303.73,$520.91,132122.55,1855.12,523,-1,Delayed,On-Time
10439,P165,Engine Oil,Electronics,Delta Exporters, China Hub,28-07-2023,02-08-2023,17-08-2023,Sea,Asia,216,229.23,341.29,49513.68,722.35,669,6,Delayed,Late
10444,P763,Sofa,apparel,Delta Exporters,Brazil Hub,05-03-2023,05-05-2023,10-05-2023,Truck,Europe,222,253.69,$375.29,56319.18,43.15,887,-3,Cancelled,On-Time
10192,P387,T-shirt,Furniture,Global Tech Ltd, China Hub,07-12-2023,14-12-2023,17-12-2023,Express,Europe,5,178.08,351.15,890.4,856.59,848,7,Shipped,Late
10498,P684,Sofa,Electronics,NextGen Supplies,USA warehouse,15-08-2024,20-08-2024,30-08-2024,Express, north america,466,406.92,$638.39,189624.72,1163.06,825,9,Delayed,Late
10150,P651,Jacket,electronics,Prime Wholesale,Germany Warehouse,24-09-2023,30-09-2023,06-10-2023,Sea,South America,1,214.49,408.26 USD,214.49,1389.67,679,7,Delayed,Late
10326,P252,Laptop,apparel,Global Tech Ltd,USA Warehouse,16-06-2023,23-06-2023,25-06-2023,Truck,EUROPE,318,107.66,$130.72,34235.88,1416.75,526,13,Shipped,Late
10260,P184,Chocolate,Automotive,NextGen Supplies,China Hub,03-28-2024,02-04-2024,12-04-2024,Air,South America,184,386.18,687.36,71057.12,441.57,866,4,Cancelled,On-Time
10025,P339,Engine Oil,apparel,Global Tech Ltd,USA Warehouse,06-19-2023,22-06-2023,07-07-2023,Sea,North America,426,21.88,32.82,9320.88,170.81,12,-2,Returned,Late
10041,P128,Brake Pads,Food,Orion Manufacturing, China Hub,25-04-2024,29-04-2024,08-05-2024,Sea,Asia,336,191.45,223.25 USD,64327.2,1094.99,-35,4,Shipped,Late
10121,P524,Frozen Pizza,Food,Prime Wholesale,China Hub,30-01-2023,06-02-2023,17-02-2023,Air,North America,92,255.65,409.99,23519.8,1335.16,814,-3,Shipped,On-Time
10418,P657,Tablet,Apparel,Orion Manufacturing,USA Warehouse,06-06-2023,07-06-2023,09-06-2023,Sea,North America,242,186.61,316.56 USD,45159.62,807.88,855,6,Cancelled,On-Time
10113,P978,Dining Table,Electronics ,Prime Wholesale,USA Warehouse,09-03-2024,05-09-2024,19-09-2024,Express,Asia,29,190.68,320.77 USD,5529.72,1194.23,133,10,Returned,On-Time
10331,P645,Car Battery,Furniture,Vertex Distributors,Brazil Hub,18-06-2023,,,Sea,North America,466,183.41,261.94,85469.06,317.04,241,15,Shipped,Late
10181,P600,Dining Table,Automotive,Global Tech Ltd,USA Warehouse,05-24-2024,31-05-2024,13-06-2024,Air,EUROPE,469,260.52,432.21 USD,122183.88,1236.48,413,6,Delayed,Late
10317,P593,Sofa,Food,Orion Manufacturing, China Hub,10-31-2023,02-11-2023,12-11-2023,Express,EUROPE,204,236.67,468.85,48280.68,715.83,991,10,Returned,Late
10431,P302,Dining Table,Automotive ,Global Tech Ltd,India DC,28-10-2024,29-10-2024,08-11-2024,Air, north america,89,499.24,616.11 USD,44432.36,947.96,233,13,Cancelled,Late
10021,P125,Engine Oil,Furniture,Vertex Distributors,India DC,05-26-2024,01-06-2024,06-06-2024,Express,North America,196,435.63,$708.27,85383.48,716.85,162,11,Cancelled,Late
10355,P705,Sofa,Furniture,Prime Wholesale,USA Warehouse,06-29-2024,02-07-2024,10-07-2024,Sea,North America,478,261.28,$455.29,124891.84,1487.43,165,14,Cancelled,Late
10406,P897,Jacket,Apparel,Delta Exporters,USA Warehouse,10-08-2023,15-08-2023,26-08-2023,Truck,Asia,180,294.46,562.32 USD,53002.8,1496.92,-32,14,Shipped,Late
10226,P446,Tablet,Apparel,Vertex Distributors,Germany Warehouse,18-08-2023,21-08-2023,25-08-2023,Sea,South America,494,38.7,$74.68,19117.8,1898.75,323,9,Cancelled,On-Time
10153,P157,LED TV,Electronics ,NextGen Supplies,India DC,15-11-2024,20-11-2024,30-11-2024,Air,North America,308,287.1,488.05 USD,88426.8,887.32,585,14,Returned,On-Time
10299,P680,Sneakers,apparel,Prime Wholesale,Brazil Hub,23-01-2023,30-01-2023,13-02-2023,Air,Asia,379,304.14,606.29,115269.06,1082.97,411,8,Cancelled,Late
10063,P882,Engine Oil,Electronics ,Delta Exporters,USA Warehouse,04-07-2024,09-04-2024,24-04-2024,Air, north america,234,251.65,$360.27,58886.1,705.77,551,3,Returned,On-Time
10455,P230,Jeans,Automotive,Orion Manufacturing,Germany Warehouse,05-08-2024,07-08-2024,20-08-2024,Sea,South America,284,201.58,291.71,57248.72,1596.2,738,8,Returned,Late
10353,P130,Frozen Pizza,Electronics ,Alpha Traders,Germany Warehouse,10-01-2023,11-01-2023,21-01-2023,Air,North America,183,466.64,$614.38,85395.12,862.92,577,-1,Cancelled,Late
10242,P917,Car Battery,apparel,Vertex Distributors,USA warehouse,18-10-2024,22-10-2024,03-11-2024,Sea, north america,1,190.15,232.26,190.15,1836.53,356,13,Delayed,On-Time
10461,P852,Chocolate,Apparel,Vertex Distributors,USA warehouse,11-23-2024,30-11-2024,02-12-2024,Express,EUROPE,171,144.54,193.28,24716.34,1918.18,187,6,Cancelled,On-Time
10403,P943,Sneakers,apparel,Vertex Distributors,Brazil Hub,01-21-2023,22-01-2023,27-01-2023,Air,South America,417,340.77,531.82,142101.09,532.58,66,16,Delayed,Late
10458,P937,Dining Table,Food,Alpha Traders,USA Warehouse,16-03-2023,17-03-2023,21-03-2023,Express,South America,221,50.65,86.81,11193.65,1638.93,786,4,Delayed,Late
10222,P111,Dining Table,Electronics ,Global Tech Ltd,Germany Warehouse,07-09-2024,,,Sea,South America,181,299.08,519.92,54133.48,167.14,861,7,Delayed,On-Time
10418,P188,Car Battery,Food,Global Tech Ltd,Germany Warehouse,06-18-2024,20-06-2024,24-06-2024,Air, north america,374,122.37,$180.48,45766.38,1164.19,146,20,Delayed,Late
10196,P227,Sneakers,Furniture,Prime Wholesale, China Hub,14-03-2023,16-03-2023,21-03-2023,Air, north america,410,244.27,281.92 USD,100150.7,1155.76,34,-3,Returned,Late
10315,P450,Office Chair,electronics,Vertex Distributors,Germany Warehouse,30-03-2023,01-04-2023,16-04-2023,Sea,EUROPE,139,178.82,$321.49,24855.98,917.92,549,15,Cancelled,On-Time
10255,P147,Dining Table,Food,Orion Manufacturing,India DC,25-02-2024,28-02-2024,05-03-2024,Sea,EUROPE,442,164.73,236.53 USD,72810.66,1697.98,807,16,Returned,On-Time
10136,P674,Laptop,Apparel,Prime Wholesale, China Hub,30-08-2024,01-09-2024,08-09-2024,Express,North America,424,377.69,$596.43,160140.56,5423.7,543,13,Shipped,On-Time
10384,P194,LED TV,Apparel,Alpha Traders, China Hub,14-10-2024,16-10-2024,25-10-2024,Truck,North America,206,362.3,$586.1,74633.8,1687.17,610,11,Returned,Late
10235,P294,Engine Oil,electronics,Global Tech Ltd,China Hub,04-22-2024,29-04-2024,03-05-2024,Express, north america,407,74.26,144.39,30223.82,1714.55,968,8,Returned,On-Time
10169,P220,Office Chair,Automotive ,Delta Exporters,India DC,22-08-2024,29-08-2024,31-08-2024,Air, north america,348,432.54,$733.29,150523.92,1687.91,886,17,Delayed,Late
10410,P473,Jacket,Furniture,Orion Manufacturing,India DC,11-05-2023,13-05-2023,18-05-2023,Truck,South America,200,247.99,294.69 USD,49598,1017.24,64,5,Delayed,On-Time
10090,P995,Brake Pads,Apparel,NextGen Supplies,USA Warehouse,07-05-2024,09-05-2024,16-05-2024,Air,EUROPE,338,136.2,201.92,46035.6,1424.81,692,7,Cancelled,Late
10416,P236,Sneakers,Furniture,Delta Exporters, China Hub,13-03-2024,16-03-2024,30-03-2024,Truck,North America,155,327.93,636.61 USD,50829.15,895.88,287,13,Cancelled,Late
10112,P876,Tablet,Furniture,Prime Wholesale,China Hub,10-09-2023,14-09-2023,17-09-2023,Truck, north america,114,279.66,484.49,31881.24,774.56,-38,-1,Delayed,Late
10019,P353,Sofa,Electronics,Delta Exporters,Germany Warehouse,05-08-2024,07-08-2024,22-08-2024,Truck,EUROPE,463,463.24,825.24 USD,214480.12,1121.18,866,13,Returned,On-Time
10145,P454,LED TV,apparel,Prime Wholesale,China Hub,25-07-2023,27-07-2023,07-08-2023,Truck,North America,127,137.1,162.85,17411.7,772.92,222,17,Returned,On-Time
10422,P205,Car Battery,Apparel,Orion Manufacturing,China Hub,08-06-2023,12-06-2023,22-06-2023,Express,Europe,98,361.9,462.83 USD,35466.2,1436.26,804,5,Returned,On-Time
10285,P150,Tablet,apparel,Alpha Traders,Germany Warehouse,06-12-2023,12-12-2023,19-12-2023,Air,Europe,260,218.71,351.69,56864.6,19383.2,508,6,Delayed,On-Time
10207,P933,T-shirt,electronics,Prime Wholesale,Brazil Hub,25-12-2023,29-12-2023,04-01-2024,Sea, north america,123,318.71,528.78,39201.33,1495.87,54,18,Returned,Late
10417,P630,Frozen Pizza,Furniture,Orion Manufacturing,Germany Warehouse,11-10-2024,16-11-2024,21-11-2024,Express,EUROPE,128,380.63,730.55 USD,48720.64,1245.1,726,-1,Cancelled,Late
10198,P811,Sofa,Food,Vertex Distributors,China Hub,11-12-2024,18-11-2024,01-12-2024,Sea, north america,370,470.77,$616.88,174184.9,1995.24,811,-3,Returned,On-Time
10147,P710,Smartphone,Electronics,Global Tech Ltd,Germany Warehouse,03-09-2023,10-03-2023,19-03-2023,Sea,South America,428,306.3,$375.3,131096.4,1962.79,245,17,Cancelled,Late
10254,P243,Dining Table,Electronics,Vertex Distributors,USA Warehouse,06-06-2023,11-06-2023,13-06-2023,Express,Europe,288,456.57,788.07 USD,131492.16,573.42,683,5,Cancelled,On-Time
10316,P951,Brake Pads,electronics,Orion Manufacturing,USA warehouse,29-03-2023,04-04-2023,12-04-2023,Air,South America,485,206.94,349.28,100365.9,448.02,507,-1,Returned,On-Time
10404,P249,Headphones,Apparel,NextGen Supplies, China Hub,01-11-2024,06-11-2024,18-11-2024,Express,Asia,228,192.08,$279.58,43794.24,1030.29,216,0,Delayed,Late
10354,P122,T-shirt,electronics,Global Tech Ltd,USA Warehouse,04-10-2023,05-10-2023,18-10-2023,Express,EUROPE,145,81.42,149.16 USD,11805.9,1307.68,47,10,Cancelled,Late
10097,P578,Laptop,Apparel,Delta Exporters,India DC,18-01-2023,23-01-2023,05-02-2023,Air,Asia,211,315.67,$593.0,66606.37,1895.65,34,7,Returned,On-Time
10017,P528,Sofa,Apparel,Alpha Traders,Germany Warehouse,11-05-2024,14-05-2024,27-05-2024,Sea,North America,89,457.15,$891.87,40686.35,530.7,732,5,Delayed,Late
10384,P524,Engine Oil,apparel,Orion Manufacturing,Germany Warehouse,16-09-2023,18-09-2023,22-09-2023,Air,Asia,423,59.31,$111.12,25088.13,160.05,548,3,Returned,On-Time
10333,P555,Car Battery,electronics,Orion Manufacturing,India DC,05-02-2023,05-05-2023,12-05-2023,Truck,EUROPE,350,304.02,359.82,106407,1839.18,43,6,Returned,Late
10221,P564,T-shirt,Apparel,NextGen Supplies,USA Warehouse,20-03-2023,24-03-2023,27-03-2023,Sea,Europe,158,68.49,$77.93,10821.42,1216.22,95,20,Delayed,On-Time
10210,P999,Engine Oil,Furniture,Delta Exporters,India DC,05-04-2023,11-04-2023,26-04-2023,Truck,EUROPE,84,230.7,$424.58,19378.8,46.67,795,20,Returned,On-Time
10367,P989,Brake Pads,Electronics ,NextGen Supplies,China Hub,02-24-2023,02-03-2023,14-03-2023,Truck,EUROPE,477,374.95,617.83,178851.15,1339.86,94,3,Shipped,Late
10033,P935,Office Chair,apparel,Delta Exporters,USA Warehouse,03-11-2023,07-11-2023,21-11-2023,Truck,Europe,400,18.66,28.89 USD,7464,1706.59,996,5,Returned,Late
10207,P230,Frozen Pizza,Apparel,Global Tech Ltd,Germany Warehouse,30-11-2024,02-12-2024,16-12-2024,Truck, north america,72,109.9,143.86,7912.8,792.47,460,-2,Delayed,Late
10095,P264,Frozen Pizza,electronics,Prime Wholesale,Brazil Hub,28-10-2024,01-11-2024,07-11-2024,Sea,North America,430,138.75,$170.2,59662.5,1748.59,185,2,Delayed,Late
10441,P176,Brake Pads,Electronics,NextGen Supplies,USA Warehouse,15-10-2023,22-10-2023,25-10-2023,Express, north america,44,337.16,$555.52,14835.04,1125.47,-10,-3,Returned,On-Time
10158,P225,Engine Oil,electronics,NextGen Supplies,Germany Warehouse,15-05-2024,21-05-2024,27-05-2024,Air,Asia,133,438.97,695.27,58383.01,237.27,732,0,Returned,On-Time
10482,P401,Dining Table,apparel,Vertex Distributors,Brazil Hub,31-10-2024,04-11-2024,08-11-2024,Express,South America,498,150.03,225.25,74714.94,364.65,509,7,Delayed,Late
10254,P765,Sofa,Automotive,Alpha Traders,Brazil Hub,27-12-2023,28-12-2023,01-01-2024,Sea,EUROPE,302,312.69,478.88,94432.38,596.7,207,-3,Returned,On-Time
10270,P991,Car Battery,Food,Delta Exporters,USA Warehouse,07-09-2024,08-09-2024,15-09-2024,Air,EUROPE,16,81.01,92.91 USD,1296.16,742.24,309,-3,Returned,Late
10384,P540,Dining Table,Electronics,Orion Manufacturing,Germany Warehouse,03-04-2024,10-03-2024,15-03-2024,Air, north america,64,378.33,560.61 USD,24213.12,941.89,690,6,Cancelled,On-Time
10036,P726,Sofa,Furniture,Alpha Traders,USA warehouse,03-02-2023,06-02-2023,09-02-2023,Truck,Asia,227,228.13,$379.96,51785.51,847.32,331,17,Returned,On-Time
10070,P285,Laptop,Furniture,Delta Exporters,USA Warehouse,09-22-2024,28-09-2024,01-10-2024,Express,South America,205,367.96,497.6,75431.8,845.18,941,4,Returned,On-Time
10067,P885,Headphones,Apparel,NextGen Supplies,USA Warehouse,04-04-2024,08-04-2024,13-04-2024,Sea,South America,261,400.52,462.66 USD,104535.72,1699.86,533,6,Shipped,Late
10032,P583,Office Chair,Automotive ,Alpha Traders,Germany Warehouse,21-02-2024,26-02-2024,12-03-2024,Sea,EUROPE,238,321.3,$494.01,76469.4,152.9,26,8,Returned,On-Time
10146,P437,Jacket,Food,Vertex Distributors,India DC,05-15-2024,18-05-2024,20-05-2024,Sea,North America,196,103.68,201.36 USD,20321.28,84.41,702,15,Shipped,Late
10364,P164,Frozen Pizza,Food,Prime Wholesale,India DC,27-10-2023,31-10-2023,04-11-2023,Express,South America,280,7.13,10.71 USD,1996.4,554.86,412,20,Delayed,On-Time
10352,P931,Sofa,Apparel,Delta Exporters,Germany Warehouse,06-09-2023,10-09-2023,25-09-2023,Truck, north america,407,230.06,396.52,93634.42,1579.11,913,0,Shipped,On-Time
10469,P321,Tablet,Electronics,NextGen Supplies, China Hub,12-10-2024,15-10-2024,20-10-2024,Express,North America,109,208.87,383.36 USD,22766.83,1934.88,906,-1,Cancelled,Late
10154,P924,Headphones,Food,Delta Exporters,USA Warehouse,19-01-2023,26-01-2023,06-02-2023,Sea, north america,381,231.4,275.63 USD,88163.4,239.76,704,10,Shipped,Late
10339,P505,Engine Oil,Food,Alpha Traders,Brazil Hub,01-01-2024,,,Express,Asia,322,326.73,480.36 USD,105207.06,1425.5,406,6,Returned,On-Time
10182,P812,Tablet,Apparel,Delta Exporters,Brazil Hub,06-16-2023,19-06-2023,27-06-2023,Air,Europe,39,228.85,$276.1,8925.15,237.61,156,20,Cancelled,Late
10429,P917,Laptop,Food,Prime Wholesale,USA warehouse,07-10-2023,09-10-2023,16-10-2023,Truck,North America,13,109.9,136.58,1428.7,1234.16,887,11,Cancelled,Late
10437,P161,Tablet,Electronics ,Delta Exporters,China Hub,08-09-2024,12-09-2024,15-09-2024,Air,South America,40,399.67,661.67,15986.8,141.87,106,8,Delayed,Late
10361,P689,Office Chair,Food,Global Tech Ltd,Brazil Hub,10-11-2023,14-11-2023,24-11-2023,Sea,North America,96,220.45,401.59,21163.2,1293.21,336,20,Returned,On-Time
10248,P436,Sneakers,Electronics,Prime Wholesale,India DC,05-24-2024,28-05-2024,09-06-2024,Truck,Asia,277,240.59,404.41,66643.43,635.56,576,14,Shipped,Late
10079,P434,Engine Oil,Food,Vertex Distributors, China Hub,18-07-2023,20-07-2023,30-07-2023,Express,EUROPE,389,330.58,584.28 USD,128595.62,1250.83,-44,17,Delayed,On-Time
10314,P845,Dining Table,Food,Global Tech Ltd,Brazil Hub,26-08-2024,02-09-2024,10-09-2024,Air,Europe,102,55.59,$103.34,5670.18,1653.37,541,7,Shipped,Late
10184,P183,Laptop,Food,Alpha Traders,Germany Warehouse,17-05-2023,,,Truck,South America,65,174.42,274.39,11337.3,863.52,965,19,Returned,Late
10288,P672,Jeans,electronics,Global Tech Ltd,Germany Warehouse,24-02-2024,29-02-2024,14-03-2024,Truck,South America,35,122.69,228.14,4294.15,122.09,917,5,Shipped,On-Time
10234,P730,Laptop,Food,Orion Manufacturing,Germany Warehouse,07-22-2023,29-07-2023,08-08-2023,Truck,North America,305,236.59,368.13,72159.95,121,497,-3,Returned,Late
10482,P539,Jeans,Electronics,Alpha Traders, China Hub,04-22-2024,28-04-2024,13-05-2024,Truck,EUROPE,471,197.64,260.86,93088.44,95.36,65,15,Returned,On-Time
10263,P374,T-shirt,electronics,Delta Exporters,India DC,08-01-2024,15-01-2024,24-01-2024,Sea, north america,283,338.01,425.04,95656.83,1786.81,831,10,Shipped,On-Time
10295,P250,Chocolate,apparel,Delta Exporters,India DC,12-08-2023,14-08-2023,22-08-2023,Express,Asia,305,47.68,73.03,14542.4,1152.44,972,3,Returned,Late
10425,P870,Brake Pads,Electronics ,NextGen Supplies,Germany Warehouse,04-07-2023,08-07-2023,12-07-2023,Truck,Europe,123,84.77,146.87 USD,10426.71,350.86,290,11,Returned,Late
10353,P116,Jeans,Furniture,Prime Wholesale,Brazil Hub,29-07-2023,01-08-2023,11-08-2023,Truck,South America,183,62.71,$99.51,11475.93,1538.42,429,20,Cancelled,On-Time
10040,P259,Car Battery,Automotive ,Delta Exporters,Brazil Hub,06-20-2024,25-06-2024,01-07-2024,Air,Europe,255,227.45,300.2,57999.75,414.51,137,7,Shipped,On-Time
10322,P646,Headphones,Electronics,Alpha Traders,Germany Warehouse,09-25-2023,29-09-2023,01-10-2023,Sea, north america,272,56.68,74.97,15416.96,316.32,690,14,Returned,Late
10189,P312,Headphones,apparel,Alpha Traders,Germany Warehouse,11-04-2024,14-04-2024,29-04-2024,Air,Europe,496,28.82,$36.64,14294.72,931.45,697,4,Delayed,Late
10081,P982,Laptop,Apparel,NextGen Supplies,Brazil Hub,04-04-2023,11-04-2023,20-04-2023,Air, north america,419,318.67,$600.69,133522.73,493.2,-2,5,Cancelled,On-Time
10363,P890,Jacket,Food,Orion Manufacturing,India DC,07-10-2023,08-10-2023,23-10-2023,Truck,South America,350,368.93,721.21,129125.5,706.04,858,4,Returned,Late
10004,P856,Tablet,Automotive,Alpha Traders, China Hub,29-11-2024,,,Express,Europe,268,288.47,564.32,77309.96,882.77,120,-3,Delayed,Late
10149,P678,Engine Oil,Electronics ,Delta Exporters,India DC,04-30-2023,,,Express,South America,171,109.78,150.93 USD,18772.38,149.92,841,6,Shipped,Late
10037,P284,Brake Pads,Automotive ,Prime Wholesale, China Hub,27-03-2023,,,Truck,Asia,489,403.04,$563.7,197086.56,396.59,-22,-1,Shipped,Late
10482,P693,Laptop,Furniture,Alpha Traders, China Hub,01-16-2023,20-01-2023,26-01-2023,Express,South America,252,178.59,308.41,45004.68,756.02,225,16,Returned,Late
10483,P233,Smartphone,apparel,Alpha Traders,Brazil Hub,05-15-2023,16-05-2023,24-05-2023,Air,North America,449,98.55,174.68 USD,44248.95,1914.74,480,14,Shipped,On-Time
10069,P204,Sneakers,apparel,Alpha Traders,India DC,22-04-2024,23-04-2024,07-05-2024,Sea,South America,500,244.36,275.84,122180,121.09,479,12,Shipped,On-Time
10010,P448,Frozen Pizza,Electronics,Delta Exporters,USA warehouse,22-06-2024,26-06-2024,11-07-2024,Express,South America,308,5.24,6.85,1613.92,48.41,969,13,Delayed,On-Time
10233,P998,Dining Table,Food,Alpha Traders,Germany Warehouse,30-10-2023,01-11-2023,07-11-2023,Truck, north america,306,95.36,$154.08,29180.16,856.92,314,19,Cancelled,On-Time
10098,P878,Office Chair,electronics,Global Tech Ltd,USA Warehouse,15-03-2023,17-03-2023,01-04-2023,Truck,North America,490,119.46,$231.8,58535.4,1925.94,856,8,Delayed,Late
10383,P481,Jacket,Electronics ,Delta Exporters,China Hub,21-10-2024,27-10-2024,29-10-2024,Sea,EUROPE,22,103.95,180.32 USD,2286.9,1589.25,913,5,Returned,On-Time
10128,P865,Jeans,Electronics,Global Tech Ltd,Germany Warehouse,29-11-2024,06-12-2024,13-12-2024,Express, north america,434,373.29,480.84,162007.86,563.46,-30,15,Delayed,On-Time
10378,P880,Brake Pads,electronics,Global Tech Ltd,Brazil Hub,14-03-2024,19-03-2024,22-03-2024,Express,North America,281,246.27,444.49,69201.87,340.15,817,16,Delayed,Late
10186,P483,Sofa,electronics,Alpha Traders,Brazil Hub,01-19-2024,23-01-2024,01-02-2024,Express,Europe,387,402.42,723.92,155736.54,983.82,51,6,Shipped,Late
10178,P658,Headphones,Apparel,Global Tech Ltd,Germany Warehouse,09-09-2023,13-09-2023,16-09-2023,Truck,Asia,40,439.71,801.22,17588.4,1318.68,173,8,Delayed,On-Time
10493,P823,Office Chair,apparel,Prime Wholesale,Brazil Hub,14-12-2023,16-12-2023,21-12-2023,Truck,EUROPE,376,230.41,378.49 USD,86634.16,1713.09,704,1,Cancelled,On-Time
10460,P375,Headphones,Food,Delta Exporters,Germany Warehouse,10-15-2024,,,Express,South America,389,428.97,685.65,166869.33,974.89,-43,12,Returned,On-Time
10107,P101,Jacket,Automotive ,NextGen Supplies,USA Warehouse,10-02-2023,,,Air,Europe,452,167.38,$310.5,75655.76,1692.98,135,7,Cancelled,On-Time
10339,P419,Tablet,Food,Delta Exporters,USA warehouse,11-08-2023,18-08-2023,21-08-2023,Sea,Europe,471,194.02,371.16,91383.42,87.18,515,14,Cancelled,Late
10015,P306,Office Chair,Electronics ,Global Tech Ltd,Germany Warehouse,09-09-2023,15-09-2023,22-09-2023,Truck, north america,148,179.79,237.95,26608.92,1849.03,-3,4,Shipped,Late
10418,P433,T-shirt,Furniture,NextGen Supplies,USA warehouse,16-03-2023,19-03-2023,01-04-2023,Express,EUROPE,63,377.85,675.63,23804.55,1024.87,336,15,Returned,On-Time
10294,P299,Engine Oil,Automotive ,Global Tech Ltd,Germany Warehouse,05-02-2023,11-02-2023,14-02-2023,Express,Europe,214,230.07,368.37,49234.98,724.49,304,10,Returned,On-Time
10437,P814,Jeans,Food,NextGen Supplies,Brazil Hub,12-06-2024,,,Sea, north america,85,475.98,627.52,40458.3,1389.73,933,6,Returned,On-Time
10110,P523,Sneakers,Electronics,NextGen Supplies,Brazil Hub,18-02-2023,19-02-2023,26-02-2023,Air,Asia,123,27.87,33.56 USD,3428.01,916.38,671,4,Returned,On-Time
10495,P438,Smartphone,Electronics,NextGen Supplies,USA Warehouse,27-10-2024,29-10-2024,09-11-2024,Sea, north america,117,246.59,288.76 USD,28851.03,1329.66,470,0,Returned,On-Time
10026,P134,Sneakers,Electronics,NextGen Supplies,Brazil Hub,09-04-2023,,,Truck,North America,26,143.22,161.18 USD,3723.72,319,397,-1,Shipped,Late
10342,P414,Frozen Pizza,Apparel,Prime Wholesale,USA warehouse,29-01-2023,04-02-2023,06-02-2023,Sea,Asia,13,232.53,421.42 USD,3022.89,1654.17,55,-1,Cancelled,Late
10327,P961,T-shirt,Electronics,Alpha Traders,China Hub,05-09-2023,09-09-2023,14-09-2023,Truck,Asia,136,106.58,132.2,14494.88,1902.92,76,1,Shipped,Late
10447,P416,LED TV,Electronics ,Alpha Traders,India DC,18-10-2024,25-10-2024,05-11-2024,Express,Europe,304,435.72,741.68,132458.88,927.09,243,5,Delayed,Late
10111,P970,Brake Pads,Automotive,Alpha Traders,China Hub,04-06-2023,09-06-2023,11-06-2023,Express, north america,367,100.66,$146.85,36942.22,1599.94,888,18,Delayed,On-Time
10186,P886,Sneakers,electronics,Alpha Traders,Brazil Hub,01-21-2023,22-01-2023,05-02-2023,Express,North America,142,19.07,34.91,2707.94,850.68,61,13,Returned,Late
10086,P560,Chocolate,apparel,Global Tech Ltd,USA Warehouse,22-08-2023,29-08-2023,08-09-2023,Express,South America,398,383.38,480.4,152585.24,801.44,673,10,Cancelled,On-Time
10474,P667,Jacket,Electronics ,Prime Wholesale,USA Warehouse,09-09-2023,10-09-2023,20-09-2023,Express,Europe,56,371.2,504.5,20787.2,1391.72,327,-1,Delayed,On-Time
10481,P404,Sneakers,Electronics ,Delta Exporters,India DC,12-11-2023,14-11-2023,29-11-2023,Express,South America,466,488.9,634.39,227827.4,490.66,-29,18,Returned,On-Time
10153,P608,LED TV,Furniture,Orion Manufacturing,USA Warehouse,30-10-2023,04-11-2023,19-11-2023,Truck,South America,151,337.21,470.02,50918.71,397.79,182,12,Shipped,Late
10030,P355,Smartphone,Automotive ,Delta Exporters,Germany Warehouse,01-15-2024,20-01-2024,02-02-2024,Air,South America,407,378.17,525.78 USD,153915.19,123.17,323,1,Shipped,Late
10374,P424,Car Battery,Food,Global Tech Ltd, China Hub,11-14-2024,19-11-2024,22-11-2024,Truck,Europe,240,68.3,121.43,16392,1036.59,375,19,Shipped,Late
10302,P761,Headphones,Automotive ,Delta Exporters,Germany Warehouse,03-12-2023,09-12-2023,16-12-2023,Air,South America,216,485.52,$967.94,104872.32,1279.89,112,15,Returned,Late
10245,P550,Brake Pads,Food,Orion Manufacturing, China Hub,23-02-2023,25-02-2023,27-02-2023,Truck,Europe,459,498.99,701.76,229036.41,1571.22,691,4,Delayed,Late
10227,P836,Jeans,Automotive ,NextGen Supplies,China Hub,07-04-2024,05-07-2024,17-07-2024,Sea,EUROPE,416,191.13,220.69 USD,79510.08,1028.15,241,-3,Shipped,Late
10027,P731,T-shirt,apparel,Delta Exporters,USA Warehouse,27-12-2023,29-12-2023,10-01-2024,Sea,South America,368,380.09,457.52 USD,139873.12,2221.4,248,1,Cancelled,Late
10233,P428,Sneakers,Electronics,Delta Exporters,China Hub,15-09-2024,21-09-2024,24-09-2024,Sea,Europe,432,272.57,$405.25,117750.24,1915.65,397,15,Shipped,Late
10305,P362,Smartphone,Food,Delta Exporters,USA warehouse,10-31-2023,01-11-2023,13-11-2023,Air,North America,445,314.98,428.32,140166.1,27.86,930,18,Shipped,Late
10414,P533,Laptop,Automotive,Global Tech Ltd,USA warehouse,17-09-2023,23-09-2023,25-09-2023,Sea,EUROPE,191,148.84,$251.84,28428.44,1554.05,164,3,Delayed,Late
10476,P756,Office Chair,Electronics ,Global Tech Ltd, China Hub,08-11-2024,18-08-2024,02-09-2024,Express,Europe,282,484.19,866.09 USD,136541.58,1077.45,590,2,Cancelled,Late
10047,P644,Engine Oil,electronics,Prime Wholesale,USA warehouse,07-05-2023,14-05-2023,25-05-2023,Air,Europe,136,365.71,693.94,49736.56,1040.83,443,11,Returned,On-Time
10264,P720,T-shirt,apparel,NextGen Supplies,USA Warehouse,01-02-2024,07-01-2024,18-01-2024,Express, north america,293,433.7,$860.55,127074.1,1428.99,787,12,Cancelled,On-Time
10449,P334,Engine Oil,Electronics,Prime Wholesale,Germany Warehouse,12-18-2023,25-12-2023,28-12-2023,Sea,North America,1,284.12,389.54 USD,284.12,301.28,602,12,Delayed,Late
10301,P872,Smartphone,Automotive,Global Tech Ltd,India DC,18-07-2024,,,Air,South America,360,472.62,704.32 USD,170143.2,205.47,144,1,Delayed,On-Time
10098,P488,Car Battery,apparel,NextGen Supplies,USA warehouse,28-03-2023,04-04-2023,17-04-2023,Air,North America,487,346.93,$636.15,168954.91,724.7,226,18,Cancelled,On-Time
10320,P851,Dining Table,electronics,Global Tech Ltd,USA warehouse,30-07-2024,06-08-2024,15-08-2024,Express,Asia,498,478.2,834.6,238143.6,1141.38,971,14,Shipped,On-Time
10080,P722,Tablet,Automotive ,Orion Manufacturing,Brazil Hub,09-09-2023,13-09-2023,19-09-2023,Truck,Europe,316,250.65,284.78 USD,79205.4,410.66,683,13,Cancelled,On-Time
10413,P931,Chocolate,Automotive ,Global Tech Ltd,India DC,07-24-2023,,,Sea, north america,304,38.74,64.93,11776.96,107.79,537,3,Returned,Late
10384,P269,Jeans,apparel,Delta Exporters,China Hub,20-05-2024,27-05-2024,31-05-2024,Sea,Asia,130,477.71,842.64 USD,62102.3,1368.92,38,1,Returned,Late
10186,P259,Office Chair,apparel,Delta Exporters,USA Warehouse,07-29-2023,02-08-2023,07-08-2023,Air,South America,311,91.36,103.65,28412.96,1614.29,155,14,Shipped,Late
10478,P841,Frozen Pizza,Furniture,Vertex Distributors,Germany Warehouse,09-13-2024,18-09-2024,24-09-2024,Express,South America,193,368.03,735.45,71029.79,1619.26,492,14,Cancelled,Late
10146,P811,Engine Oil,apparel,Alpha Traders,USA warehouse,09-03-2024,14-03-2024,22-03-2024,Air,Europe,177,378.33,533.71 USD,66964.41,392.28,227,-1,Returned,On-Time
10106,P828,Tablet,Electronics ,Alpha Traders,Germany Warehouse,30-01-2023,01-02-2023,10-02-2023,Air,Europe,376,335.21,$626.85,126038.96,458.98,221,8,Delayed,Late
10093,P603,Chocolate,Electronics,Global Tech Ltd,USA warehouse,16-06-2024,17-06-2024,25-06-2024,Express,Europe,317,324.76,442.87 USD,102948.92,1708.2,177,11,Delayed,Late
10326,P150,Jacket,Electronics,Alpha Traders,USA Warehouse,04-25-2024,28-04-2024,03-05-2024,Truck,Europe,353,102.31,148.21,36115.43,813.29,494,6,Returned,Late
10036,P616,Jeans,Food,Prime Wholesale,Brazil Hub,12-27-2023,29-12-2023,02-01-2024,Truck,Europe,485,355.02,546.72,172184.7,833.82,-14,2,Shipped,Late
10260,P592,Brake Pads,Automotive,Vertex Distributors,USA Warehouse,24-10-2023,27-10-2023,04-11-2023,Sea,Asia,389,347.28,420.79,135091.92,1905.51,372,-3,Delayed,Late
10185,P965,Office Chair,Food,Vertex Distributors,Germany Warehouse,03-13-2023,17-03-2023,31-03-2023,Express,Asia,222,98.6,188.05,21889.2,508.02,411,5,Delayed,On-Time
10292,P426,Tablet,Automotive ,Delta Exporters,China Hub,05-01-2024,08-05-2024,15-05-2024,Express,EUROPE,172,346.96,679.03,59677.12,903.23,-24,10,Returned,On-Time
10046,P192,LED TV,Food,Orion Manufacturing,Brazil Hub,28-02-2023,,,Truck,South America,361,219.57,$367.11,79264.77,684.77,277,11,Shipped,On-Time
10094,P124,Engine Oil,Electronics ,Alpha Traders,Germany Warehouse,14-04-2024,19-04-2024,02-05-2024,Air, north america,163,18.42,$24.57,3002.46,933.48,792,11,Returned,On-Time
10296,P465,Engine Oil,electronics,Vertex Distributors, China Hub,11-26-2024,,,Air,Asia,145,473.92,$947.4,68718.4,612.69,288,14,Returned,Late
10480,P220,Chocolate,Electronics,Vertex Distributors,Germany Warehouse,27-03-2023,30-03-2023,06-04-2023,Air,Asia,386,312.23,383.91,120520.78,193.35,218,12,Delayed,On-Time
10472,P857,Sneakers,electronics,Delta Exporters,India DC,06-03-2023,,,Express,North America,275,432.25,$590.98,118868.75,1275.4,670,18,Cancelled,Late
10495,P588,Dining Table,Electronics ,NextGen Supplies,Germany Warehouse,03-08-2023,,,Air, north america,339,436.41,561.17,147942.99,1414.9,611,17,Cancelled,Late
10255,P906,Headphones,Automotive,Alpha Traders, China Hub,13-09-2024,17-09-2024,22-09-2024,Air,Europe,184,184.17,286.68 USD,33887.28,1173.83,218,8,Delayed,Late
10449,P387,Jacket,Apparel,Vertex Distributors, China Hub,23-11-2023,29-11-2023,09-12-2023,Truck,North America,46,326.63,412.52 USD,15024.98,1398.46,297,4,Delayed,On-Time
10235,P937,Office Chair,Automotive,Global Tech Ltd,USA Warehouse,01-05-2024,,,Sea,North America,422,153.76,290.6 USD,64886.72,597.15,332,18,Returned,On-Time
10356,P601,Brake Pads,Electronics,Prime Wholesale, China Hub,28-07-2023,03-08-2023,12-08-2023,Truck,North America,175,17.53,31.15,3067.75,1152.47,680,5,Cancelled,Late
10069,P414,Sofa,Furniture,Vertex Distributors,China Hub,05-15-2024,17-05-2024,19-05-2024,Air,North America,161,433.89,491.07,69856.29,974.49,376,8,Cancelled,On-Time
10224,P739,Laptop,Apparel,NextGen Supplies,China Hub,06-10-2023,17-06-2023,29-06-2023,Sea,Europe,19,14.85,$20.02,282.15,816.91,979,20,Cancelled,On-Time
10044,P859,Car Battery,Electronics ,NextGen Supplies,India DC,07-13-2023,17-07-2023,19-07-2023,Express, north america,467,329.13,373.73 USD,153703.71,292.75,172,9,Delayed,On-Time
10486,P490,Car Battery,Electronics,Global Tech Ltd,India DC,13-04-2023,18-04-2023,28-04-2023,Sea,Asia,448,467.6,713.54,209484.8,135.38,762,8,Cancelled,Late
10482,P982,T-shirt,Electronics,Global Tech Ltd,China Hub,02-16-2024,20-02-2024,24-02-2024,Sea,EUROPE,8,404.27,790.83 USD,3234.16,1322.1,704,18,Shipped,On-Time
10390,P598,Car Battery,Apparel,NextGen Supplies,Brazil Hub,03-09-2024,07-09-2024,13-09-2024,Truck,Asia,435,122.41,218.73 USD,53248.35,1936.79,108,13,Returned,Late
10286,P177,Dining Table,Automotive ,Vertex Distributors,USA warehouse,05-30-2023,06-06-2023,17-06-2023,Truck,Asia,111,172.1,303.61,19103.1,318.97,825,10,Returned,On-Time
10132,P457,T-shirt,electronics,Delta Exporters,Germany Warehouse,30-10-2024,03-11-2024,13-11-2024,Truck,South America,416,6.31,$9.27,2624.96,225.68,230,16,Delayed,On-Time
10128,P464,Laptop,apparel,Delta Exporters,Germany Warehouse,22-10-2023,26-10-2023,05-11-2023,Express,EUROPE,338,29.03,47.66 USD,9812.14,1869.78,783,16,Shipped,Late
10113,P279,Chocolate,apparel,Global Tech Ltd,China Hub,21-09-2024,25-09-2024,06-10-2024,Air,Asia,478,342.5,388.27 USD,163715,1512.24,199,15,Returned,On-Time
10083,P849,Headphones,Food,Orion Manufacturing, China Hub,15-08-2023,22-08-2023,28-08-2023,Express,North America,52,463.28,911.49,24090.56,1781.52,961,10,Shipped,Late
10434,P287,Dining Table,apparel,Alpha Traders,India DC,07-17-2023,19-07-2023,28-07-2023,Truck,North America,302,91.79,149.81 USD,27720.58,1590.31,708,18,Delayed,Late
10355,P152,Frozen Pizza,Automotive,Alpha Traders,USA warehouse,06-01-2023,03-06-2023,12-06-2023,Express,EUROPE,460,173.13,$242.39,79639.8,196.26,873,13,Delayed,Late
10077,P681,Brake Pads,Food,Global Tech Ltd,India DC,14-12-2023,21-12-2023,24-12-2023,Express,North America,13,102.39,151.31,1331.07,1219.33,644,2,Delayed,Late
10042,P964,Jeans,apparel,Prime Wholesale, China Hub,02-04-2023,09-04-2023,22-04-2023,Sea,EUROPE,54,235.01,464.44,12690.54,1580.84,-46,-1,Returned,On-Time
10452,P654,Engine Oil,Apparel,Alpha Traders, China Hub,05-05-2024,10-05-2024,22-05-2024,Sea,Europe,445,154.28,257.65,68654.6,1187.22,455,15,Delayed,Late
10473,P979,Jacket,Apparel,Global Tech Ltd, China Hub,11-11-2023,18-11-2023,20-11-2023,Truck,Europe,413,279.46,342.28,115416.98,1501.83,194,15,Shipped,Late
10176,P212,Brake Pads,Furniture,Vertex Distributors, China Hub,05-08-2024,13-05-2024,26-05-2024,Sea,Asia,31,237.19,440.56,7352.89,714.2,358,-2,Shipped,Late
10031,P796,Tablet,Electronics,Prime Wholesale,USA Warehouse,10-12-2024,18-10-2024,29-10-2024,Truck,South America,457,340.67,$656.55,155686.19,102.03,658,10,Delayed,On-Time
10011,P871,Sneakers,Electronics ,Vertex Distributors,Germany Warehouse,10-29-2023,04-11-2023,06-11-2023,Express,Asia,381,448.05,518.57 USD,170707.05,1487.48,214,6,Cancelled,Late
10073,P246,Laptop,electronics,Prime Wholesale, China Hub,02-28-2024,29-02-2024,05-03-2024,Express,Europe,130,444.37,584.11,57768.1,638.72,293,-2,Returned,Late
10008,P204,Tablet,Apparel,Prime Wholesale,India DC,04-09-2023,11-09-2023,17-09-2023,Express,EUROPE,136,461.67,$905.62,62787.12,1663.86,775,0,Delayed,Late
10304,P782,Jeans,Electronics ,Alpha Traders,China Hub,08-11-2024,13-11-2024,27-11-2024,Truck,Asia,435,249.82,$279.05,108671.7,137.92,743,18,Cancelled,Late
10198,P146,Brake Pads,Apparel,Orion Manufacturing,USA warehouse,19-01-2024,25-01-2024,27-01-2024,Express,Europe,152,372.67,513.81,56645.84,1916.17,877,-1,Shipped,On-Time
10039,P514,Headphones,Electronics ,Delta Exporters,China Hub,04-01-2024,05-01-2024,15-01-2024,Air,Europe,221,27.01,$42.78,5969.21,15670.6,80,4,Returned,Late
10455,P772,Chocolate,Food,Orion Manufacturing,India DC,11-24-2023,26-11-2023,10-12-2023,Air,Europe,326,5.12,6.44 USD,1669.12,1897.2,266,4,Delayed,Late
10488,P385,T-shirt,Apparel,Prime Wholesale,China Hub,29-04-2023,30-04-2023,06-05-2023,Air,EUROPE,426,264.72,$375.77,112770.72,955.46,281,16,Delayed,Late
10098,P453,Jacket,electronics,NextGen Supplies,USA warehouse,27-06-2023,29-06-2023,14-07-2023,Air,Europe,75,53.81,98.71,4035.75,1739.16,880,19,Cancelled,On-Time
10271,P675,Office Chair,Automotive ,Prime Wholesale, China Hub,07-03-2024,14-03-2024,28-03-2024,Air,EUROPE,432,147.7,206.86,63806.4,724.03,721,1,Shipped,Late
10218,P295,Laptop,Apparel,Vertex Distributors,China Hub,03-03-2023,09-03-2023,12-03-2023,Truck,Asia,93,382.29,499.95 USD,35552.97,875.46,771,6,Delayed,On-Time
10012,P359,Jeans,Furniture,Vertex Distributors,Germany Warehouse,08-23-2023,26-08-2023,28-08-2023,Air,Asia,43,345.34,586.8,14849.62,764.68,81,6,Delayed,Late
10264,P890,Sneakers,Furniture,NextGen Supplies,China Hub,08-15-2024,17-08-2024,27-08-2024,Sea,South America,456,30.46,37.74,13889.76,235.5,6,-3,Shipped,Late
10175,P586,Car Battery,Furniture,Orion Manufacturing,Brazil Hub,22-10-2023,28-10-2023,05-11-2023,Express,Asia,148,133.27,262.58,19723.96,1761.21,33,-2,Cancelled,On-Time
10443,P876,Office Chair,Furniture,NextGen Supplies,USA Warehouse,27-02-2023,28-02-2023,02-03-2023,Sea,Europe,344,121.46,186.48,41782.24,1570.55,117,-2,Cancelled,On-Time
10051,P475,Jeans,Apparel,Vertex Distributors,USA warehouse,18-01-2024,25-01-2024,01-02-2024,Truck,EUROPE,398,242.97,355.3,96702.06,1302.84,583,19,Cancelled,Late
10106,P762,Dining Table,apparel,NextGen Supplies,USA warehouse,25-06-2024,28-06-2024,07-07-2024,Air, north america,256,202.71,$368.46,51893.76,426.15,110,0,Delayed,Late
10112,P677,Brake Pads,Electronics,Orion Manufacturing,India DC,23-04-2024,29-04-2024,08-05-2024,Express,Europe,223,310.73,569.93,69292.79,110.62,773,7,Returned,Late
10418,P158,Sofa,Electronics ,Global Tech Ltd, China Hub,04-01-2023,09-01-2023,12-01-2023,Sea, north america,127,120.32,233.9,15280.64,1670.8,635,18,Delayed,Late
10154,P559,Office Chair,Electronics ,Alpha Traders,USA warehouse,02-04-2024,03-04-2024,11-04-2024,Air,North America,306,406.02,696.14,124242.12,1387.66,744,17,Delayed,On-Time
10254,P973,Tablet,Automotive,Delta Exporters,India DC,02-01-2023,09-01-2023,18-01-2023,Truck,North America,147,127.28,211.92 USD,18710.16,1754.1,144,17,Cancelled,Late
10203,P273,Sofa,Furniture,Orion Manufacturing,USA warehouse,20-05-2023,25-05-2023,01-06-2023,Truck,South America,73,205.65,347.08,15012.45,793.34,242,0,Returned,On-Time
10292,P826,Dining Table,apparel,NextGen Supplies,Brazil Hub,12-23-2023,29-12-2023,10-01-2024,Truck,Asia,114,101.53,180.87 USD,11574.42,1319.11,765,13,Delayed,Late
10228,P843,Engine Oil,Electronics,Delta Exporters,USA Warehouse,11-03-2023,12-03-2023,16-03-2023,Air,Asia,112,335.87,551.07,37617.44,662.99,453,2,Delayed,On-Time
10202,P748,Frozen Pizza,Electronics ,Prime Wholesale,China Hub,23-05-2024,29-05-2024,04-06-2024,Express,North America,420,237.02,$365.06,99548.4,479.35,509,-1,Shipped,On-Time
10493,P966,Jacket,Food,Delta Exporters,Brazil Hub,02-02-2024,04-02-2024,18-02-2024,Sea,North America,344,200.8,221.29,69075.2,404.61,13,8,Shipped,Late
10157,P684,Sofa,apparel,NextGen Supplies,USA warehouse,02-24-2024,,,Air,North America,331,21.33,30.54,7060.23,566.85,84,-2,Delayed,On-Time
10140,P202,Office Chair,Automotive ,Vertex Distributors,China Hub,22-01-2024,29-01-2024,31-01-2024,Truck, north america,131,415.63,513.88,54447.53,1624.19,394,13,Shipped,On-Time
10062,P249,Brake Pads,Food,Vertex Distributors,Germany Warehouse,03-31-2023,,,Air,South America,212,480.53,564.8 USD,101872.36,1110.92,637,-3,Returned,Late
10356,P826,Chocolate,Automotive ,Vertex Distributors,USA warehouse,24-03-2024,,,Sea,North America,147,429.22,739.75,63095.34,952.85,481,-2,Shipped,Late
10072,P344,Sneakers,Electronics ,Alpha Traders,USA warehouse,11-03-2024,14-03-2024,16-03-2024,Sea, north america,296,457.59,900.46,135446.64,623.07,221,0,Delayed,On-Time
10289,P341,T-shirt,Furniture,Vertex Distributors,Germany Warehouse,15-08-2023,20-08-2023,30-08-2023,Express,South America,133,28.32,55.41 USD,3766.56,596.48,588,15,Returned,On-Time
10332,P298,Headphones,Automotive ,Orion Manufacturing,China Hub,08-11-2023,10-11-2023,21-11-2023,Air,Europe,300,254.03,$441.36,76209,1762.31,100,17,Shipped,On-Time
10014,P414,Smartphone,apparel,Vertex Distributors,Brazil Hub,09-01-2023,13-01-2023,20-01-2023,Sea,South America,278,19.51,25.01 USD,5423.78,46,727,4,Shipped,On-Time
10201,P719,Engine Oil,Automotive ,NextGen Supplies,Brazil Hub,16-11-2023,22-11-2023,28-11-2023,Truck,EUROPE,10,431.92,715.07,4319.2,1086.77,64,-2,Cancelled,Late
10494,P359,Engine Oil,Automotive,NextGen Supplies,India DC,10-07-2024,12-07-2024,14-07-2024,Truck,North America,302,43.99,84.19,13284.98,1330.01,642,17,Shipped,On-Time
10105,P123,Engine Oil,Electronics,Delta Exporters,Brazil Hub,10-02-2023,15-02-2023,01-03-2023,Truck, north america,246,269.68,473.6,66341.28,106.58,311,10,Shipped,Late
10202,P691,T-shirt,Electronics ,Global Tech Ltd,India DC,11-06-2024,12-06-2024,15-06-2024,Sea,North America,434,246.02,343.2 USD,106772.68,1565.18,603,2,Returned,Late
10076,P704,Frozen Pizza,Apparel,Prime Wholesale,Brazil Hub,25-11-2023,29-11-2023,07-12-2023,Truck,South America,229,48.92,$65.0,11202.68,1263.39,36,10,Cancelled,Late
10432,P580,T-shirt,Automotive ,Delta Exporters,China Hub,08-07-2024,14-07-2024,18-07-2024,Truck,North America,359,410.12,476.52,147233.08,528,76,7,Returned,On-Time
10237,P697,Laptop,Automotive,Global Tech Ltd,USA warehouse,11-08-2023,15-08-2023,25-08-2023,Truck,South America,49,132.9,205.37,6512.1,200.45,445,16,Shipped,Late
10173,P373,Sneakers,Electronics,Global Tech Ltd,Brazil Hub,05-11-2023,11-11-2023,18-11-2023,Truck, north america,338,244.06,410.13,82492.28,1141.51,556,16,Shipped,Late
10171,P505,Laptop,Food,Delta Exporters,USA Warehouse,21-02-2023,22-02-2023,06-03-2023,Truck,EUROPE,85,185.41,254.86,15759.85,805.61,401,3,Shipped,Late
10029,P616,Car Battery,electronics,Orion Manufacturing,China Hub,27-09-2024,29-09-2024,11-10-2024,Express, north america,89,436.16,616.36 USD,38818.24,1131.39,37,16,Shipped,Late
10375,P660,Laptop,apparel,Global Tech Ltd,Brazil Hub,27-11-2024,28-11-2024,04-12-2024,Air,Asia,489,8.33,14.71 USD,4073.37,256.39,354,-2,Delayed,Late
10151,P211,Jacket,Furniture,NextGen Supplies,Brazil Hub,22-06-2023,26-06-2023,05-07-2023,Sea,North America,439,399.65,519.58,175446.35,523.02,165,16,Returned,On-Time
10180,P811,Frozen Pizza,Apparel,Vertex Distributors,USA Warehouse,01-06-2023,09-01-2023,20-01-2023,Express,South America,193,89.84,123.87 USD,17339.12,161.86,415,6,Returned,On-Time
10280,P580,LED TV,electronics,Orion Manufacturing, China Hub,07-07-2023,11-07-2023,23-07-2023,Express,North America,291,221.84,$343.74,64555.44,1551.52,513,3,Shipped,On-Time
10107,P719,Engine Oil,apparel,Global Tech Ltd,Brazil Hub,04-01-2023,10-01-2023,20-01-2023,Air,EUROPE,498,214.11,$307.47,106626.78,1815.55,727,14,Cancelled,Late
10052,P903,Dining Table,Electronics,Global Tech Ltd,Germany Warehouse,04-09-2023,09-09-2023,21-09-2023,Sea,South America,497,20.85,24.39 USD,10362.45,410.33,853,18,Shipped,On-Time
10427,P831,Car Battery,Apparel,Vertex Distributors,India DC,11-06-2023,12-06-2023,26-06-2023,Sea,North America,8,314.28,502.45 USD,2514.24,916.82,508,1,Shipped,Late
10025,P928,Car Battery,Furniture,Global Tech Ltd,USA warehouse,12-09-2024,15-09-2024,23-09-2024,Truck,Europe,223,459.9,572.46,102557.7,1278.75,814,17,Cancelled,Late
10200,P541,Car Battery,Automotive ,Prime Wholesale,USA warehouse,09-06-2023,16-06-2023,22-06-2023,Sea,EUROPE,183,213.97,414.12 USD,39156.51,1604.17,360,-3,Shipped,Late
10094,P791,Office Chair,Automotive,Prime Wholesale, China Hub,02-12-2024,19-02-2024,24-02-2024,Sea,Europe,68,30.61,$60.65,2081.48,1155.57,260,2,Delayed,On-Time
10479,P863,Brake Pads,Automotive ,Alpha Traders,Brazil Hub,28-07-2023,31-07-2023,09-08-2023,Express,South America,255,431.36,569.19,109996.8,408.69,775,6,Delayed,On-Time
10092,P620,Laptop,Automotive,Alpha Traders,India DC,27-03-2023,03-04-2023,09-04-2023,Sea,Asia,352,330.17,604.68,116219.84,1557.28,680,16,Delayed,On-Time
10145,P327,Frozen Pizza,Electronics ,Vertex Distributors,India DC,31-10-2023,07-11-2023,22-11-2023,Sea,Europe,165,394.3,710.63 USD,65059.5,545.66,740,10,Returned,On-Time
10095,P646,Office Chair,Automotive,Vertex Distributors,Brazil Hub,09-04-2023,08-09-2023,18-09-2023,Sea,South America,251,170.58,201.43,42815.58,574.24,91,18,Cancelled,On-Time
10170,P412,Jeans,Electronics ,NextGen Supplies,USA Warehouse,09-12-2024,19-09-2024,30-09-2024,Truck,Asia,314,220.22,$317.1,69149.08,402.07,996,0,Delayed,Late
10453,P674,Frozen Pizza,apparel,Vertex Distributors, China Hub,12-10-2023,17-10-2023,30-10-2023,Sea,North America,201,438.63,662.07,88164.63,576.8,331,-1,Returned,On-Time
10228,P279,Office Chair,electronics,Alpha Traders,China Hub,07-09-2023,09-09-2023,20-09-2023,Air,Europe,179,478.57,752.68,85664.03,678.34,379,15,Shipped,Late
10176,P263,Car Battery,Food,Global Tech Ltd,China Hub,20-10-2024,21-10-2024,29-10-2024,Air,South America,75,198.67,363.45 USD,14900.25,139.3,349,-1,Returned,On-Time
10091,P279,Sofa,Apparel,Vertex Distributors,USA Warehouse,11-19-2024,24-11-2024,09-12-2024,Express,Europe,421,311.97,517.72,131339.37,1732.83,962,19,Delayed,Late
10344,P922,Sofa,electronics,Global Tech Ltd,Germany Warehouse,18-08-2024,19-08-2024,03-09-2024,Air,South America,156,211.85,334.77,33048.6,962.86,898,1,Returned,On-Time
10264,P398,Dining Table,Furniture,Alpha Traders,India DC,30-01-2023,,,Sea,Europe,199,339.5,668.21,67560.5,556.92,785,19,Shipped,Late
10055,P874,LED TV,Food,Global Tech Ltd,USA Warehouse,13-05-2024,14-05-2024,25-05-2024,Air, north america,139,416.71,590.2 USD,57922.69,260.19,157,17,Cancelled,Late
10263,P181,Car Battery,apparel,Orion Manufacturing,China Hub,07-26-2023,28-07-2023,07-08-2023,Sea,South America,36,81.99,146.02,2951.64,507.22,766,5,Returned,Late
10300,P316,Dining Table,Food,Delta Exporters,USA warehouse,11-07-2024,14-07-2024,22-07-2024,Truck,Asia,307,106.94,177.25,32830.58,1409.53,955,2,Returned,Late
10454,P778,Sneakers,Automotive,Delta Exporters,China Hub,06-13-2024,17-06-2024,23-06-2024,Air, north america,247,233.79,318.43 USD,57746.13,913.51,45,19,Shipped,On-Time
10014,P689,T-shirt,Automotive ,Vertex Distributors, China Hub,29-05-2023,30-05-2023,13-06-2023,Express,Asia,90,330.55,429.09,29749.5,1042.06,280,5,Returned,On-Time
10290,P609,Smartphone,Food,Delta Exporters,China Hub,05-08-2024,,,Air,EUROPE,333,397.82,777.76,132474.06,1852.6,188,11,Delayed,On-Time
10168,P903,Tablet,Automotive,Orion Manufacturing,USA warehouse,16-03-2024,,,Express, north america,105,234.95,$357.28,24669.75,1010.21,405,2,Shipped,On-Time
10293,P905,Sneakers,Automotive,NextGen Supplies,India DC,10-10-2024,13-10-2024,16-10-2024,Express,EUROPE,128,119.55,$203.74,15302.4,1907.6,720,-3,Delayed,Late
10341,P667,Engine Oil,apparel,Prime Wholesale,Germany Warehouse,10-09-2024,13-09-2024,24-09-2024,Express,South America,232,295.05,346.45,68451.6,977.29,786,20,Returned,Late
10348,P218,Jacket,apparel,Vertex Distributors,China Hub,22-04-2023,24-04-2023,04-05-2023,Air,Europe,82,36.42,64.28 USD,2986.44,687.99,362,15,Cancelled,On-Time
10081,P957,Headphones,Automotive,Delta Exporters,USA Warehouse,11-05-2023,17-05-2023,24-05-2023,Truck,EUROPE,366,156.13,$212.71,57143.58,499.23,104,18,Cancelled,On-Time
10305,P777,Jeans,Automotive ,Vertex Distributors, China Hub,13-10-2024,19-10-2024,01-11-2024,Express,Europe,257,149.08,242.96,38313.56,1263.18,815,4,Returned,On-Time
10245,P486,Chocolate,Food,NextGen Supplies,China Hub,02-25-2024,01-03-2024,06-03-2024,Express,South America,265,439.83,854.86 USD,116554.95,505.85,568,-1,Returned,Late
10291,P881,Frozen Pizza,electronics,Delta Exporters,Germany Warehouse,13-08-2023,15-08-2023,27-08-2023,Sea,North America,415,489.9,723.76,203308.5,339.73,445,4,Cancelled,Late
10327,P917,Smartphone,electronics,Global Tech Ltd,USA warehouse,09-21-2024,23-09-2024,26-09-2024,Air, north america,245,327.52,629.42 USD,80242.4,1276.8,358,-3,Shipped,On-Time
10152,P955,Laptop,Automotive ,Delta Exporters,India DC,12-18-2023,23-12-2023,25-12-2023,Sea,Asia,298,293.83,376.43,87561.34,199.25,965,19,Shipped,On-Time
10007,P317,Jacket,electronics,Delta Exporters,Brazil Hub,12-01-2024,,,Truck,South America,492,418.33,561.2 USD,205818.36,1052.46,591,12,Shipped,On-Time
10432,P517,Sneakers,Automotive ,Global Tech Ltd, China Hub,12-04-2024,16-04-2024,26-04-2024,Air,Asia,281,154.41,$297.79,43389.21,1316.87,132,6,Returned,Late
10497,P640,LED TV,Electronics ,Prime Wholesale, China Hub,25-12-2023,27-12-2023,04-01-2024,Sea, north america,129,86.77,162.21,11193.33,1505.93,487,6,Shipped,Late
10458,P513,LED TV,apparel,Vertex Distributors,Germany Warehouse,10-03-2024,,,Sea,North America,357,361.87,$643.13,129187.59,271.64,392,4,Returned,Late
10141,P100,Tablet,Apparel,Global Tech Ltd,India DC,17-11-2023,18-11-2023,02-12-2023,Truck, north america,152,483.38,744.06 USD,73473.76,349.76,216,17,Delayed,On-Time
10418,P462,Brake Pads,Furniture,Prime Wholesale,USA Warehouse,07-15-2024,21-07-2024,29-07-2024,Express,North America,231,267.6,432.72,61815.6,1082.34,707,10,Cancelled,On-Time
10208,P894,Brake Pads,Electronics,Delta Exporters,Brazil Hub,03-21-2023,22-03-2023,03-04-2023,Truck,EUROPE,30,78.63,$115.15,2358.9,125.88,660,0,Returned,On-Time
10167,P278,Dining Table,Automotive,NextGen Supplies, China Hub,02-27-2023,02-03-2023,07-03-2023,Truck,South America,91,129.16,255.76 USD,11753.56,7369.6,333,15,Returned,On-Time
10373,P182,Frozen Pizza,Food,Global Tech Ltd,USA Warehouse,15-11-2024,21-11-2024,01-12-2024,Air,Europe,129,330.51,653.24,42635.79,1547.64,970,3,Shipped,Late
10272,P521,Headphones,Electronics ,Global Tech Ltd,USA Warehouse,30-09-2023,02-10-2023,08-10-2023,Truck,South America,383,227.9,448.88,87285.7,846.86,819,13,Shipped,On-Time
10230,P367,Engine Oil,Food,Alpha Traders,China Hub,28-09-2024,29-09-2024,02-10-2024,Sea,Europe,82,196.31,352.49,16097.42,1696.75,409,-1,Cancelled,Late
10209,P545,Car Battery,Electronics,Global Tech Ltd, China Hub,06-10-2024,16-06-2024,24-06-2024,Sea,EUROPE,318,434.34,739.88,138120.12,1157.12,67,8,Shipped,Late
10359,P785,Tablet,Food,NextGen Supplies,China Hub,09-24-2024,25-09-2024,27-09-2024,Air,Europe,289,195.77,$282.11,56577.53,1691.62,423,11,Returned,On-Time
10245,P643,Sofa,Food,Alpha Traders,India DC,04-16-2024,19-04-2024,22-04-2024,Express,Europe,383,348.85,$551.5,133609.55,1648.3,193,7,Cancelled,Late
10441,P573,Brake Pads,Furniture,Prime Wholesale, China Hub,20-04-2023,27-04-2023,09-05-2023,Air,EUROPE,276,66.75,85.21,18423,1887.61,-38,2,Returned,Late
10271,P728,Brake Pads,Electronics,Orion Manufacturing,USA warehouse,09-02-2024,14-02-2024,23-02-2024,Truck, north america,329,310.96,389.9 USD,102305.84,318.43,936,12,Returned,On-Time
10329,P347,Headphones,Furniture,Vertex Distributors,USA warehouse,08-13-2024,20-08-2024,02-09-2024,Express,South America,165,67,130.01 USD,11055,427.73,815,6,Cancelled,On-Time
10297,P543,Headphones,Apparel,Global Tech Ltd,Brazil Hub,01-18-2023,19-01-2023,23-01-2023,Air,North America,240,249.4,450.79,59856,1479.58,504,3,Delayed,Late
10405,P808,Headphones,Automotive,Orion Manufacturing, China Hub,16-06-2023,18-06-2023,20-06-2023,Truck,North America,16,380.86,$718.68,6093.76,1924.08,962,15,Shipped,Late
10252,P449,Car Battery,Apparel,Prime Wholesale,USA Warehouse,06-01-2024,09-01-2024,17-01-2024,Truck,Asia,171,469.5,540.26,80284.5,1438.25,565,2,Cancelled,On-Time
10165,P553,Engine Oil,Electronics ,Alpha Traders, China Hub,18-12-2023,21-12-2023,24-12-2023,Sea,Europe,215,152.68,$292.96,32826.2,1108.29,602,-2,Returned,On-Time
10297,P472,Frozen Pizza,Furniture,Global Tech Ltd, China Hub,21-07-2024,27-07-2024,06-08-2024,Sea,Asia,111,322.34,$428.33,35779.74,1022.94,630,0,Cancelled,Late
10029,P965,Frozen Pizza,electronics,Prime Wholesale,Brazil Hub,06-04-2024,09-04-2024,19-04-2024,Sea,EUROPE,222,148.07,202.09,32871.54,1539.13,15,8,Shipped,On-Time
10012,P591,Car Battery,Automotive,Global Tech Ltd,China Hub,12-03-2024,17-03-2024,28-03-2024,Sea,Europe,171,120.54,139.89,20612.34,1296.37,343,6,Returned,Late
10418,P516,Tablet,Food,Alpha Traders,USA Warehouse,06-04-2024,07-04-2024,19-04-2024,Express,Europe,409,361.3,526.41,147771.7,310.68,671,1,Delayed,Late
10327,P338,Jeans,Apparel,Vertex Distributors, China Hub,06-10-2024,08-10-2024,21-10-2024,Truck,EUROPE,307,250.5,365.29,76903.5,17.56,99,0,Shipped,Late
10428,P486,Dining Table,electronics,Delta Exporters,USA Warehouse,05-11-2024,11-11-2024,24-11-2024,Sea,EUROPE,276,461.82,$573.09,127462.32,1991.64,917,3,Delayed,Late
10109,P537,Brake Pads,Apparel,Vertex Distributors,Germany Warehouse,13-04-2023,15-04-2023,17-04-2023,Air,EUROPE,448,346.7,382.31,155321.6,1865.96,218,1,Cancelled,Late
10329,P127,Jacket,Electronics ,Global Tech Ltd,Germany Warehouse,13-11-2024,15-11-2024,22-11-2024,Air, north america,13,446.08,602.64,5799.04,1040.09,35,19,Cancelled,Late
10058,P431,Sofa,Electronics,Vertex Distributors,Brazil Hub,06-08-2023,10-08-2023,12-08-2023,Express,North America,107,274.95,394.36,29419.65,497.4,52,3,Cancelled,Late
10161,P341,Tablet,electronics,Vertex Distributors,China Hub,04-18-2024,23-04-2024,28-04-2024,Express,EUROPE,194,409.16,693.55,79377.04,1581.96,70,-3,Shipped,On-Time
10262,P268,Headphones,Apparel,Vertex Distributors,India DC,03-11-2023,18-03-2023,30-03-2023,Sea,EUROPE,80,352.7,464.62,28216,1022.44,212,6,Returned,Late
10451,P718,Headphones,Electronics ,Orion Manufacturing,USA warehouse,15-08-2024,22-08-2024,28-08-2024,Truck,South America,13,116.71,$203.45,1517.23,1771.31,958,1,Shipped,On-Time
10023,P657,Sofa,Apparel,Orion Manufacturing,USA warehouse,10-01-2024,11-01-2024,19-01-2024,Air,EUROPE,101,148.33,257.1 USD,14981.33,870.9,201,2,Cancelled,On-Time
10107,P770,Car Battery,Automotive ,Alpha Traders,China Hub,11-25-2023,30-11-2023,14-12-2023,Air,South America,138,87.31,113.03,12048.78,600.14,873,3,Shipped,Late
10116,P582,Dining Table,Food,Orion Manufacturing,China Hub,10-04-2024,09-10-2024,24-10-2024,Air,EUROPE,366,196.73,304.43 USD,72003.18,678.27,483,3,Delayed,On-Time
10483,P659,T-shirt,Electronics ,Alpha Traders,India DC,10-10-2024,12-10-2024,27-10-2024,Sea,EUROPE,106,231.69,423.52 USD,24559.14,283.78,45,19,Returned,Late
10405,P992,LED TV,Apparel,Alpha Traders,Germany Warehouse,04-05-2024,11-04-2024,20-04-2024,Express,EUROPE,78,287.09,$529.29,22393.02,1832.42,687,14,Cancelled,On-Time
10323,P957,Tablet,Furniture,Alpha Traders,Germany Warehouse,29-05-2023,,,Express,Asia,384,53.69,$71.02,20616.96,800.54,859,1,Shipped,Late
10308,P343,Smartphone,Food,Global Tech Ltd,USA warehouse,11-15-2024,21-11-2024,29-11-2024,Air, north america,460,243.4,351.17,111964,998.15,207,17,Shipped,On-Time
10120,P517,Jeans,electronics,Delta Exporters,Germany Warehouse,02-03-2023,,,Air,EUROPE,194,71.74,84.88,13917.56,1709.75,735,12,Returned,Late
10226,P857,Car Battery,Apparel,Orion Manufacturing,China Hub,28-12-2023,30-12-2023,06-01-2024,Truck,EUROPE,2,35.06,$65.27,70.12,576.26,611,-3,Delayed,On-Time
10269,P648,Dining Table,Apparel,Alpha Traders,Germany Warehouse,02-11-2024,14-02-2024,25-02-2024,Sea,Europe,38,466.94,518.51,17743.72,1599.09,139,17,Returned,Late
10428,P629,Car Battery,electronics,Global Tech Ltd,USA warehouse,06-01-2024,02-06-2024,17-06-2024,Sea, north america,196,429.14,497.75,84111.44,1272.68,175,-3,Shipped,On-Time
10303,P314,Brake Pads,Automotive,Global Tech Ltd,USA Warehouse,06-09-2024,12-09-2024,14-09-2024,Express,Europe,298,309.04,528.61,92093.92,998.15,999,5,Returned,On-Time
10143,P738,Sneakers,electronics,NextGen Supplies,USA Warehouse,04-08-2024,05-08-2024,19-08-2024,Air,South America,481,177.62,319.43,85435.22,572.98,202,9,Shipped,On-Time
10375,P520,Sneakers,electronics,Orion Manufacturing, China Hub,09-18-2024,24-09-2024,02-10-2024,Express,Europe,20,109.37,172.36,2187.4,1674.54,286,18,Delayed,On-Time
10417,P846,Tablet,Apparel,Vertex Distributors,China Hub,13-01-2024,,,Sea,Europe,175,457.21,871.87,80011.75,1710.27,774,4,Cancelled,Late
10382,P958,Smartphone,apparel,Global Tech Ltd,India DC,10-29-2024,05-11-2024,11-11-2024,Air, north america,336,288.29,$327.74,96865.44,1230.92,726,-2,Returned,On-Time
10026,P236,Chocolate,Furniture,Prime Wholesale,Germany Warehouse,19-09-2024,26-09-2024,09-10-2024,Sea,Asia,436,121.11,184.86 USD,52803.96,1336.67,789,9,Cancelled,On-Time
10358,P491,Dining Table,Food,Delta Exporters,USA warehouse,25-05-2024,28-05-2024,08-06-2024,Air,Asia,34,310.74,621.24,10565.16,1430.18,869,15,Shipped,Late
10028,P609,Brake Pads,Apparel,NextGen Supplies,Germany Warehouse,07-18-2024,20-07-2024,03-08-2024,Air,Asia,500,338.52,525.8 USD,169260,1721.21,519,16,Delayed,Late
10193,P886,Jeans,Food,NextGen Supplies,Brazil Hub,17-03-2023,24-03-2023,29-03-2023,Sea,EUROPE,292,217.74,310.72,63580.08,1913.06,578,11,Shipped,On-Time
10034,P394,Jeans,electronics,Vertex Distributors,USA warehouse,09-11-2024,16-11-2024,24-11-2024,Truck,South America,42,122.76,223.4,5155.92,1873.36,884,0,Shipped,Late
10419,P196,Car Battery,Electronics,NextGen Supplies,Brazil Hub,16-03-2024,23-03-2024,29-03-2024,Truck,Europe,93,409.81,671.9,38112.33,878.83,835,17,Cancelled,On-Time
10097,P823,Engine Oil,Automotive,Vertex Distributors,Germany Warehouse,11-05-2024,18-05-2024,20-05-2024,Express, north america,442,400.66,$636.35,177091.72,79.58,721,8,Shipped,On-Time
10073,P227,Laptop,Automotive,Prime Wholesale,USA Warehouse,08-02-2023,03-08-2023,16-08-2023,Express,South America,201,382.82,458.68,76946.82,1417.38,350,7,Returned,Late
10128,P464,Sneakers,Food,Delta Exporters,Brazil Hub,04-18-2023,24-04-2023,26-04-2023,Truck,EUROPE,194,308.27,$455.16,59804.38,468.75,265,6,Shipped,On-Time
10266,P759,Sneakers,Automotive,Global Tech Ltd,Germany Warehouse,30-03-2023,31-03-2023,12-04-2023,Air, north america,436,494.63,919.26,215658.68,1782.02,578,20,Shipped,On-Time
10239,P666,Sofa,electronics,Delta Exporters,Brazil Hub,26-04-2024,30-04-2024,06-05-2024,Truck,South America,75,204.8,384.45 USD,15360,1265.26,358,20,Returned,Late
10240,P564,Sneakers,Automotive ,Global Tech Ltd,China Hub,22-06-2023,29-06-2023,10-07-2023,Air,Europe,40,184.42,275.58,7376.8,1581.49,493,17,Shipped,Late
10408,P700,Headphones,Automotive,Alpha Traders, China Hub,23-08-2024,25-08-2024,30-08-2024,Truck,EUROPE,9,48.69,90.14,438.21,810.46,850,-3,Delayed,Late
10326,P803,LED TV,apparel,Orion Manufacturing,Brazil Hub,11-05-2023,13-05-2023,26-05-2023,Express,Europe,7,397.15,445.55,2780.05,310.58,935,6,Cancelled,On-Time
10265,P581,LED TV,Electronics ,Global Tech Ltd, China Hub,04-26-2023,28-04-2023,13-05-2023,Express,North America,343,402.6,469.52 USD,138091.8,846.49,758,20,Shipped,On-Time
10482,P187,Sneakers,Automotive ,Prime Wholesale,India DC,13-12-2023,,,Sea,South America,228,360.07,$473.75,82095.96,1281.17,304,17,Delayed,On-Time
10448,P690,Headphones,Automotive ,Vertex Distributors,India DC,10-07-2023,16-07-2023,21-07-2023,Truck,Asia,347,423.71,581.04,147027.37,1221.45,243,9,Shipped,On-Time
10331,P821,Engine Oil,apparel,Global Tech Ltd, China Hub,10-14-2023,21-10-2023,05-11-2023,Express,North America,495,339.68,635.81,168141.6,858.98,468,12,Delayed,On-Time
10485,P210,Frozen Pizza,Automotive,Orion Manufacturing,USA Warehouse,19-07-2024,24-07-2024,02-08-2024,Truck,North America,269,293.7,358.63,79005.3,10.4,228,5,Returned,Late
10168,P233,Office Chair,Furniture,NextGen Supplies,China Hub,13-08-2024,17-08-2024,21-08-2024,Truck,EUROPE,45,256.29,$460.37,11533.05,1550.12,185,4,Returned,Late
10326,P145,Laptop,Automotive ,Vertex Distributors,China Hub,11-04-2024,05-11-2024,13-11-2024,Sea,EUROPE,498,423.6,$645.31,210952.8,561.68,-32,11,Delayed,Late
10061,P556,Car Battery,Food,Vertex Distributors,India DC,14-02-2024,21-02-2024,29-02-2024,Express,North America,376,407.11,$784.08,153073.36,683.39,193,15,Delayed,On-Time
10265,P361,Chocolate,Automotive,Vertex Distributors,Germany Warehouse,03-06-2023,08-03-2023,15-03-2023,Air,North America,248,58.84,100.0 USD,14592.32,423.1,786,14,Shipped,Late
10255,P624,Frozen Pizza,Automotive,Global Tech Ltd,USA Warehouse,03-27-2023,01-04-2023,06-04-2023,Truck,Asia,386,432.28,545.36,166860.08,1794.35,913,9,Returned,On-Time
10314,P869,T-shirt,Electronics ,Global Tech Ltd,India DC,03-08-2024,06-08-2024,12-08-2024,Sea,Europe,377,299.02,487.64,112730.54,520.86,568,3,Returned,On-Time
10389,P296,Laptop,Food,Prime Wholesale,Brazil Hub,11-23-2023,30-11-2023,10-12-2023,Express,Europe,328,307.64,497.08,100905.92,1062.66,42,4,Cancelled,Late
10305,P106,Jeans,apparel,Alpha Traders,Brazil Hub,01-07-2023,03-07-2023,08-07-2023,Air, north america,278,161.6,215.37,44924.8,499.58,387,17,Shipped,Late
10155,P361,Office Chair,Electronics ,Global Tech Ltd,USA Warehouse,01-13-2023,,,Truck,EUROPE,417,195.59,316.23,81561.03,10424.3,279,11,Returned,On-Time
10184,P389,Sneakers,Electronics ,Global Tech Ltd,China Hub,19-02-2023,,,Sea,Europe,56,25.61,40.91 USD,1434.16,727.76,934,15,Cancelled,On-Time
10012,P716,Jeans,apparel,Alpha Traders,USA Warehouse,01-12-2023,15-01-2023,17-01-2023,Sea,Asia,458,282.71,428.38,129481.18,1584.47,171,14,Returned,On-Time
10447,P937,Chocolate,Furniture,NextGen Supplies,Germany Warehouse,21-02-2023,22-02-2023,26-02-2023,Sea,EUROPE,319,114.11,216.11,36401.09,1713.98,943,2,Cancelled,On-Time
10457,P470,Office Chair,Apparel,Delta Exporters,USA warehouse,05-18-2023,23-05-2023,30-05-2023,Express,North America,262,145.92,$244.72,38231.04,1542.84,230,-2,Returned,Late
10272,P381,Car Battery,electronics,Prime Wholesale,India DC,05-02-2024,07-02-2024,10-02-2024,Sea,EUROPE,234,12.08,20.05,2826.72,1892.44,876,4,Returned,On-Time
10220,P632,T-shirt,apparel,Prime Wholesale,China Hub,25-09-2024,27-09-2024,12-10-2024,Truck, north america,494,461.9,759.12 USD,228178.6,1451.87,828,15,Cancelled,On-Time
10475,P933,Laptop,electronics,NextGen Supplies,USA Warehouse,10-05-2023,11-05-2023,17-05-2023,Express,Europe,107,51.71,89.29,5532.97,1768.88,58,-3,Returned,On-Time
10488,P136,Sofa,Food,Alpha Traders,USA warehouse,17-05-2023,19-05-2023,24-05-2023,Express,North America,244,24.25,40.61,5917,1022.36,954,18,Delayed,Late
10239,P378,Sofa,electronics,Delta Exporters,China Hub,10-18-2024,23-10-2024,31-10-2024,Express,South America,175,340.95,403.42,59666.25,1062.97,355,15,Returned,Late
10295,P113,T-shirt,electronics,Orion Manufacturing,USA Warehouse,10-29-2024,30-10-2024,11-11-2024,Express,North America,133,453.24,832.39,60280.92,656.14,515,-1,Returned,On-Time
10116,P853,Laptop,Furniture,Orion Manufacturing,USA warehouse,23-11-2023,29-11-2023,07-12-2023,Air,Asia,221,403.72,554.84 USD,89222.12,1001.44,330,10,Cancelled,On-Time
10371,P867,Chocolate,Automotive ,Vertex Distributors,Germany Warehouse,05-16-2024,22-05-2024,29-05-2024,Express,Europe,270,487.13,619.33,131525.1,1919.91,591,13,Shipped,On-Time
10441,P194,Tablet,Automotive,NextGen Supplies,China Hub,10-03-2023,13-03-2023,27-03-2023,Sea,Europe,131,408.72,$505.78,53542.32,630.32,800,18,Shipped,On-Time
10058,P843,Sofa,Apparel,Orion Manufacturing, China Hub,05-03-2024,09-03-2024,18-03-2024,Express, north america,134,336.43,661.39,45081.62,386.4,540,3,Shipped,Late
10350,P574,Office Chair,Automotive,NextGen Supplies,Brazil Hub,22-02-2023,25-02-2023,10-03-2023,Air, north america,29,72.77,$135.28,2110.33,923.55,363,-3,Delayed,Late
10078,P743,Dining Table,electronics,Prime Wholesale,India DC,07-03-2023,13-03-2023,17-03-2023,Sea,North America,146,33.28,56.74,4858.88,267.85,522,15,Returned,On-Time
10330,P330,LED TV,Food,Vertex Distributors,USA Warehouse,06-02-2023,08-02-2023,21-02-2023,Truck,EUROPE,13,106.13,$139.37,1379.69,714.42,583,18,Shipped,On-Time
10221,P694,Jacket,Automotive,Alpha Traders,Germany Warehouse,04-26-2024,,,Express,North America,112,80.3,142.41,8993.6,1350.99,291,9,Shipped,On-Time
10418,P216,Jeans,apparel,Alpha Traders,Germany Warehouse,09-25-2023,28-09-2023,10-10-2023,Sea,South America,3,281.26,357.34,843.78,291.99,612,-2,Returned,On-Time
10467,P948,Chocolate,Automotive,Prime Wholesale, China Hub,29-01-2023,01-02-2023,11-02-2023,Sea,Europe,101,449.03,$769.88,45352.03,1084.85,816,-3,Delayed,On-Time
10261,P291,Headphones,Electronics,Delta Exporters, China Hub,18-09-2024,24-09-2024,27-09-2024,Truck,South America,244,177.13,213.1 USD,43219.72,1577.56,699,3,Returned,On-Time
10485,P196,Tablet,Automotive ,Vertex Distributors, China Hub,06-15-2024,21-06-2024,25-06-2024,Truck,Asia,425,402.72,$535.87,171156,1207.87,848,5,Delayed,Late
10286,P887,Jeans,Automotive,Global Tech Ltd,China Hub,02-06-2023,08-02-2023,16-02-2023,Truck,Europe,490,305.81,$531.11,149846.9,765.08,827,0,Delayed,Late
10169,P483,Jacket,Automotive ,Global Tech Ltd, China Hub,04-20-2024,25-04-2024,06-05-2024,Sea,EUROPE,298,422.58,490.34,125928.84,486.14,642,-2,Delayed,On-Time
10483,P465,Laptop,Furniture,Prime Wholesale,Germany Warehouse,23-07-2024,26-07-2024,31-07-2024,Truck,Asia,287,206.23,$237.53,59188.01,677.27,427,20,Returned,On-Time
10427,P755,Laptop,Furniture,Delta Exporters,Brazil Hub,12-07-2023,18-07-2023,20-07-2023,Express,EUROPE,185,247.4,422.21,45769,376.32,917,10,Returned,On-Time
10036,P766,Car Battery,Automotive ,Alpha Traders,Brazil Hub,28-10-2023,03-11-2023,11-11-2023,Express,EUROPE,98,144.22,218.06,14133.56,133.3,497,19,Shipped,On-Time
10212,P724,Brake Pads,Automotive ,Vertex Distributors,USA Warehouse,08-30-2023,03-09-2023,05-09-2023,Truck,South America,151,92.25,158.98,13929.75,1256.26,55,7,Delayed,On-Time
10063,P444,Chocolate,Automotive ,Vertex Distributors,USA warehouse,24-10-2024,30-10-2024,06-11-2024,Truck,Asia,213,227.24,$336.74,48402.12,166.47,683,17,Returned,Late
10484,P832,Office Chair,Food,Orion Manufacturing,Germany Warehouse,09-19-2023,21-09-2023,06-10-2023,Air,North America,213,74.92,93.57 USD,15957.96,1930.57,810,-2,Delayed,On-Time
10104,P249,Jeans,electronics,Delta Exporters,USA warehouse,25-04-2024,27-04-2024,30-04-2024,Sea, north america,469,491.85,889.46,230677.65,872.33,691,15,Returned,Late
10117,P318,LED TV,Electronics ,Orion Manufacturing,Brazil Hub,10-07-2023,11-07-2023,23-07-2023,Air,South America,432,447.01,620.36,193108.32,991.23,-47,19,Returned,On-Time
10227,P955,T-shirt,Apparel,Alpha Traders,USA Warehouse,20-06-2024,25-06-2024,05-07-2024,Air,Asia,121,242.54,298.37,29347.34,921.35,766,18,Shipped,On-Time
10260,P999,Sofa,apparel,Alpha Traders,China Hub,08-05-2024,06-08-2024,18-08-2024,Express,North America,230,417.69,518.12 USD,96068.7,383.3,663,7,Delayed,On-Time
10118,P152,Frozen Pizza,electronics,Orion Manufacturing, China Hub,22-11-2024,23-11-2024,06-12-2024,Sea,South America,215,269.9,316.91,58028.5,308.57,145,4,Shipped,Late
10184,P565,Car Battery,Electronics ,Orion Manufacturing,Brazil Hub,05-28-2024,31-05-2024,02-06-2024,Truck,South America,35,444.62,767.63,15561.7,1607.82,116,15,Cancelled,Late
10222,P266,Car Battery,Automotive ,Global Tech Ltd,USA Warehouse,06-28-2023,05-07-2023,12-07-2023,Express,North America,12,45.94,89.24 USD,551.28,754.31,931,12,Returned,On-Time
10478,P864,Smartphone,electronics,Delta Exporters,USA Warehouse,17-04-2023,20-04-2023,25-04-2023,Express,North America,146,39.48,66.35,5764.08,1584.54,762,0,Returned,Late
10050,P732,LED TV,Apparel,Delta Exporters,USA warehouse,04-12-2023,16-04-2023,20-04-2023,Sea,EUROPE,467,418.26,568.21,195327.42,1039.08,626,-3,Shipped,Late
10168,P910,Office Chair,Apparel,NextGen Supplies,India DC,31-05-2024,03-06-2024,13-06-2024,Truck, north america,107,449.83,$527.86,48131.81,1246.73,915,8,Returned,On-Time
10195,P366,Jeans,Electronics ,Delta Exporters,Brazil Hub,07-10-2024,08-10-2024,19-10-2024,Air,EUROPE,461,121.48,$241.9,56002.28,1786.29,781,6,Shipped,On-Time
10388,P926,Headphones,Automotive,Delta Exporters,USA Warehouse,01-04-2023,,,Truck,EUROPE,377,353.52,$525.35,133277.04,1797.93,543,7,Cancelled,Late
10305,P273,Brake Pads,apparel,Global Tech Ltd,USA Warehouse,09-15-2024,20-09-2024,30-09-2024,Sea,North America,43,228.81,$440.92,9838.83,302.92,323,18,Returned,Late
10220,P724,Tablet,Automotive ,NextGen Supplies,USA Warehouse,19-10-2023,25-10-2023,30-10-2023,Truck,North America,333,343.47,$436.67,114375.51,69.57,439,-2,Shipped,Late
10292,P246,Sofa,Automotive ,Vertex Distributors,China Hub,09-28-2024,29-09-2024,14-10-2024,Air,EUROPE,264,104.54,171.1 USD,27598.56,411.79,154,10,Delayed,On-Time
10233,P178,Headphones,Electronics,Prime Wholesale,China Hub,26-06-2024,02-07-2024,08-07-2024,Truck,North America,413,464.57,739,191867.41,3938.1,753,17,Cancelled,Late
10108,P301,T-shirt,Food,Orion Manufacturing,USA Warehouse,01-13-2024,15-01-2024,20-01-2024,Truck,South America,193,33.07,43.65 USD,6382.51,1491.47,947,2,Returned,Late
10470,P203,Headphones,apparel,Global Tech Ltd, China Hub,01-11-2023,13-01-2023,20-01-2023,Truck,Asia,128,330.39,$378.32,42289.92,336.3,238,7,Delayed,On-Time
10265,P315,Frozen Pizza,apparel,Alpha Traders,India DC,04-16-2023,23-04-2023,05-05-2023,Sea, north america,225,55.33,$80.71,12449.25,587.89,456,-2,Cancelled,On-Time
10320,P643,Car Battery,Food,Prime Wholesale,India DC,03-12-2023,04-12-2023,10-12-2023,Express,South America,100,301.22,$593.56,30122,1195.36,705,11,Delayed,On-Time
10238,P928,Engine Oil,Apparel,Prime Wholesale, China Hub,09-30-2024,02-10-2024,13-10-2024,Sea,North America,316,16.48,21.3,5207.68,743.26,561,15,Cancelled,Late
10476,P506,Headphones,Furniture,NextGen Supplies,USA warehouse,10-20-2024,23-10-2024,29-10-2024,Air,Europe,405,398.14,788.92,161246.7,1589.48,109,12,Returned,Late
10359,P424,Jeans,Automotive ,Vertex Distributors, China Hub,18-07-2023,24-07-2023,29-07-2023,Sea,Asia,112,37.51,$67.04,4201.12,552.76,26,-1,Cancelled,Late
10277,P198,LED TV,Automotive,Vertex Distributors,USA Warehouse,06-09-2024,12-06-2024,14-06-2024,Sea,North America,55,223.55,330.43,12295.25,1881.72,254,12,Delayed,On-Time
10302,P563,Sofa,Food,Delta Exporters,Germany Warehouse,29-04-2023,05-05-2023,17-05-2023,Air,EUROPE,291,465.47,816.17,135451.77,502.92,401,-2,Delayed,Late
10225,P229,Jacket,Electronics,Delta Exporters,Brazil Hub,16-11-2023,,,Truck,Europe,109,68.08,134.89 USD,7420.72,1033.1,479,12,Delayed,On-Time
10040,P966,Smartphone,Electronics,Delta Exporters,Brazil Hub,08-04-2023,10-04-2023,25-04-2023,Express,South America,135,345.09,407.55 USD,46587.15,1436.36,360,4,Cancelled,On-Time
10411,P540,Dining Table,Automotive ,NextGen Supplies,China Hub,12-05-2024,17-05-2024,19-05-2024,Air,EUROPE,45,439.38,$581.11,19772.1,649.07,783,16,Cancelled,On-Time
10290,P420,Dining Table,Food,Global Tech Ltd,Brazil Hub,19-11-2023,21-11-2023,28-11-2023,Sea,South America,12,30.87,38.5,370.44,619.49,215,12,Delayed,Late
10168,P580,Engine Oil,Electronics,Prime Wholesale,China Hub,20-03-2024,26-03-2024,09-04-2024,Truck,Europe,121,28.7,42.37 USD,3472.7,1207.52,810,18,Returned,On-Time
10233,P803,Car Battery,Food,Prime Wholesale,Brazil Hub,12-12-2023,14-12-2023,28-12-2023,Sea,South America,48,415.82,817.54,19959.36,960.94,60,13,Returned,Late
10282,P567,Dining Table,Automotive,Vertex Distributors,USA warehouse,02-03-2024,10-02-2024,19-02-2024,Truck,Europe,402,257.64,369.77 USD,103571.28,1071.51,651,7,Shipped,On-Time
10255,P244,Brake Pads,Automotive ,NextGen Supplies,Germany Warehouse,05-07-2023,08-05-2023,22-05-2023,Truck,North America,43,419.18,825.69,18024.74,1437.26,-43,19,Shipped,On-Time
10432,P366,Car Battery,Apparel,Prime Wholesale,China Hub,22-11-2023,28-11-2023,04-12-2023,Sea,Europe,191,405.01,463.01,77356.91,1798.92,316,11,Returned,On-Time
10473,P640,Engine Oil,Automotive,Delta Exporters,USA warehouse,06-05-2024,,,Truck,EUROPE,293,120.16,177.97,35206.88,528,633,-3,Delayed,Late
10399,P373,Car Battery,Electronics,Vertex Distributors,Germany Warehouse,07-24-2024,31-07-2024,06-08-2024,Express,Europe,135,218.81,297.3,29539.35,362.35,659,0,Returned,On-Time
10349,P894,Headphones,Food,Global Tech Ltd, China Hub,26-05-2024,30-05-2024,05-06-2024,Sea,EUROPE,41,228.89,329.43 USD,9384.49,939.2,809,-2,Returned,On-Time
10293,P492,Jeans,Apparel,Orion Manufacturing,China Hub,21-04-2023,23-04-2023,01-05-2023,Truck, north america,91,185.13,292.57 USD,16846.83,95.72,538,6,Shipped,Late
10404,P748,Jeans,Automotive ,Prime Wholesale,China Hub,08-09-2024,10-08-2024,23-08-2024,Truck,North America,283,488.53,775.82,138253.99,367.94,531,6,Shipped,Late
10226,P569,Smartphone,apparel,Prime Wholesale, China Hub,17-08-2024,19-08-2024,27-08-2024,Air, north america,399,49.12,$74.56,19598.88,473.52,423,18,Cancelled,Late
10164,P967,Jacket,Apparel,Vertex Distributors, China Hub,09-11-2024,,,Truck,EUROPE,61,220.86,$421.14,13472.46,298.79,884,7,Delayed,Late
10222,P186,Tablet,Electronics ,Orion Manufacturing, China Hub,10-06-2024,12-10-2024,14-10-2024,Sea,Europe,7,471.88,619.71 USD,3303.16,1336.8,738,14,Shipped,On-Time
10155,P474,Laptop,Apparel,NextGen Supplies,Germany Warehouse,02-11-2024,09-11-2024,16-11-2024,Air, north america,403,200.96,327.88 USD,80986.88,568,86,15,Shipped,On-Time
10043,P186,Laptop,Electronics,Alpha Traders,Germany Warehouse,01-27-2024,29-01-2024,03-02-2024,Express,Europe,173,283.43,$515.42,49033.39,206.23,732,12,Delayed,On-Time
10162,P390,Jeans,electronics,NextGen Supplies,USA warehouse,23-09-2023,29-09-2023,02-10-2023,Truck,Europe,363,346.57,633.17,125804.91,730.46,191,8,Delayed,On-Time
10168,P355,Jeans,Apparel,Orion Manufacturing,India DC,09-26-2023,30-09-2023,13-10-2023,Sea, north america,233,14.75,$25.13,3436.75,1004.67,-26,12,Returned,Late
10025,P521,LED TV,Electronics,Delta Exporters,USA warehouse,09-26-2023,02-10-2023,13-10-2023,Air,EUROPE,246,377.69,660.42,92911.74,116.64,513,1,Delayed,Late
10290,P214,Sofa,apparel,Orion Manufacturing,China Hub,09-12-2023,17-09-2023,26-09-2023,Truck,EUROPE,64,272.56,367.86,17443.84,341.3,631,1,Delayed,Late
10369,P688,Engine Oil,electronics,NextGen Supplies,USA Warehouse,19-01-2024,,,Air,Asia,480,95.6,150.63 USD,45888,787.23,207,9,Cancelled,On-Time
10379,P795,Office Chair,electronics,Global Tech Ltd,Germany Warehouse,03-04-2024,08-03-2024,15-03-2024,Air,Europe,76,60.27,99.44 USD,4580.52,1519.7,214,4,Shipped,Late
10317,P339,Tablet,Electronics,Delta Exporters, China Hub,30-01-2024,01-02-2024,07-02-2024,Express,EUROPE,197,155.48,$187.21,30629.56,903.95,664,11,Delayed,Late
10189,P138,Tablet,Food,NextGen Supplies,USA warehouse,04-11-2023,10-11-2023,13-11-2023,Air,North America,116,281.82,$505.38,32691.12,786.69,195,8,Delayed,Late
10219,P949,Laptop,Automotive ,Vertex Distributors,China Hub,09-07-2024,09-09-2024,20-09-2024,Sea,EUROPE,466,323.56,384.13,150778.96,17530,681,13,Cancelled,On-Time
10006,P715,Sofa,Automotive,Delta Exporters,Brazil Hub,12-04-2023,16-04-2023,21-04-2023,Truck,South America,491,264.91,422.92,130070.81,1670.76,604,17,Shipped,Late
10318,P647,Chocolate,Electronics,Alpha Traders,India DC,12-04-2023,13-04-2023,15-04-2023,Sea,Europe,413,13.1,22.41,5410.3,1499.08,144,13,Delayed,On-Time
10102,P660,Sneakers,electronics,Global Tech Ltd,USA Warehouse,06-13-2024,20-06-2024,03-07-2024,Express,North America,173,412.83,701.35,71419.59,131.67,264,11,Cancelled,Late
10489,P692,Jacket,Electronics,Delta Exporters,USA Warehouse,22-04-2024,24-04-2024,27-04-2024,Truck,Asia,135,200.9,305.39,27121.5,1574.08,458,15,Returned,Late
10247,P625,Sofa,apparel,Alpha Traders,China Hub,18-10-2024,25-10-2024,07-11-2024,Sea,Europe,343,295.48,392.75 USD,101349.64,1859.96,-29,10,Returned,Late
10291,P718,Brake Pads,Electronics ,Orion Manufacturing,India DC,04-10-2023,10-10-2023,22-10-2023,Truck,South America,490,86.94,$101.67,42600.6,771.98,225,3,Returned,On-Time
10312,P232,Jacket,Food,Global Tech Ltd,USA warehouse,06-02-2024,03-06-2024,09-06-2024,Express,South America,441,174.89,$232.19,77126.49,1175.29,502,16,Delayed,On-Time
10198,P653,Brake Pads,Automotive ,NextGen Supplies,China Hub,12-05-2023,,,Truck,South America,371,223.85,268.78,83048.35,1377.54,653,-2,Cancelled,On-Time
10221,P325,Sofa,Food,Delta Exporters,USA Warehouse,06-25-2024,29-06-2024,02-07-2024,Express, north america,335,204.49,397.91,68504.15,1706.5,725,13,Returned,Late
10076,P200,Jacket,Apparel,Global Tech Ltd,Brazil Hub,11-02-2023,08-11-2023,16-11-2023,Truck,Asia,450,287.39,$363.65,129325.5,52.29,537,0,Cancelled,On-Time
10253,P826,T-shirt,Electronics ,Delta Exporters,India DC,12-29-2023,,,Express,North America,483,162.76,250.16 USD,78613.08,1822.4,533,0,Delayed,Late
10112,P492,Car Battery,Furniture,Global Tech Ltd,USA warehouse,18-11-2024,25-11-2024,05-12-2024,Truck,Asia,310,96.04,113.27 USD,29772.4,412.77,32,12,Cancelled,On-Time
10272,P494,Car Battery,apparel,Delta Exporters,USA Warehouse,08-04-2024,15-04-2024,29-04-2024,Air, north america,133,307.78,358.8,40934.74,659.03,752,20,Returned,Late
10028,P255,Office Chair,Food,NextGen Supplies,USA warehouse,21-04-2023,28-04-2023,13-05-2023,Air,Asia,67,440.01,806.82,29480.67,619.49,823,2,Delayed,Late
10391,P316,Tablet,Apparel,Alpha Traders,Germany Warehouse,15-05-2023,20-05-2023,02-06-2023,Truck, north america,448,296.76,526.39,132948.48,529.94,464,10,Shipped,On-Time
10181,P153,T-shirt,electronics,Delta Exporters,USA warehouse,07-04-2023,11-04-2023,23-04-2023,Express,North America,413,326.5,368.86,134844.5,566.13,932,-3,Shipped,Late
10387,P328,Sofa,electronics,Global Tech Ltd,India DC,31-08-2024,01-09-2024,04-09-2024,Sea,Asia,239,203.79,$296.68,48705.81,1409.28,659,8,Cancelled,Late
10478,P150,Dining Table,electronics,Vertex Distributors,India DC,20-07-2023,23-07-2023,05-08-2023,Truck,South America,183,120.4,176.03,22033.2,1924.79,105,10,Shipped,Late
10205,P297,Sneakers,Furniture,Global Tech Ltd, China Hub,07-23-2024,29-07-2024,07-08-2024,Air,EUROPE,5,234.44,467.17 USD,1172.2,489.88,455,16,Returned,Late
10190,P395,Office Chair,Furniture,Prime Wholesale,India DC,06-03-2024,10-03-2024,19-03-2024,Express,North America,301,498.69,800.45,150105.69,1024.04,-46,5,Delayed,Late
10347,P402,Car Battery,Food,Delta Exporters,India DC,03-01-2024,02-03-2024,06-03-2024,Express, north america,40,200.22,333.83,8008.8,532.96,626,11,Shipped,Late
10173,P182,Jeans,Electronics,Prime Wholesale,USA warehouse,01-15-2024,19-01-2024,24-01-2024,Truck,North America,146,314.93,509.68,45979.78,1118.78,124,-2,Returned,Late
10467,P574,Chocolate,Automotive,NextGen Supplies,Brazil Hub,19-08-2023,24-08-2023,28-08-2023,Express,EUROPE,308,172.37,$299.25,53089.96,179.61,-41,8,Cancelled,Late
10429,P942,Headphones,Automotive ,Global Tech Ltd,Germany Warehouse,20-06-2024,23-06-2024,07-07-2024,Express,EUROPE,441,276.13,493.36,121773.33,1679.4,159,2,Returned,Late
10147,P193,Laptop,Electronics,Prime Wholesale,India DC,07-08-2023,10-08-2023,12-08-2023,Air,Europe,82,347.95,621.69,28531.9,960.9,69,16,Cancelled,Late
10067,P115,Sofa,Automotive ,Delta Exporters, China Hub,05-01-2024,06-01-2024,12-01-2024,Sea,Europe,30,330.5,450.88,9915,830.36,588,16,Shipped,Late
10110,P947,Office Chair,Automotive ,Global Tech Ltd,Brazil Hub,20-02-2023,27-02-2023,06-03-2023,Truck,Asia,42,353.06,591.21 USD,14828.52,1477.02,142,3,Delayed,Late
10263,P331,LED TV,Apparel,Orion Manufacturing,USA warehouse,09-08-2024,09-09-2024,24-09-2024,Sea,South America,453,75.19,87.89 USD,34061.07,959.03,102,0,Cancelled,On-Time
10246,P779,Sneakers,Electronics,Orion Manufacturing, China Hub,02-07-2024,07-07-2024,13-07-2024,Express,Europe,13,253.54,379.18,3296.02,160.08,110,3,Shipped,Late
10167,P527,Tablet,Food,Delta Exporters,USA Warehouse,20-02-2023,25-02-2023,04-03-2023,Truck,EUROPE,351,333.75,507.35 USD,117146.25,1821.87,741,18,Shipped,Late
10026,P275,Laptop,apparel,NextGen Supplies,Brazil Hub,02-04-2024,07-02-2024,17-02-2024,Express, north america,281,280.77,$385.01,78896.37,1178.55,384,18,Shipped,Late
10182,P568,Laptop,Food,Global Tech Ltd,India DC,02-03-2024,05-02-2024,20-02-2024,Truck,North America,219,155.84,$297.43,34128.96,1343.06,186,12,Shipped,Late
10478,P486,Jeans,Electronics ,Orion Manufacturing,Brazil Hub,03-18-2024,22-03-2024,04-04-2024,Express, north america,295,491.14,732.12,144886.3,1158.14,197,8,Returned,Late
10224,P551,Engine Oil,electronics,Delta Exporters,USA Warehouse,29-08-2024,03-09-2024,10-09-2024,Sea,Europe,181,200.63,392.55,36314.03,1471.43,577,3,Returned,Late
10425,P919,Engine Oil,Automotive,Prime Wholesale,India DC,04-01-2024,,,Air,Asia,74,398.11,745.6,29460.14,1650.49,256,13,Cancelled,On-Time
10286,P917,Smartphone,electronics,Delta Exporters, China Hub,20-11-2023,27-11-2023,08-12-2023,Air,Asia,83,94.99,$159.53,7884.17,87.43,608,0,Returned,On-Time
10366,P744,LED TV,Furniture,Orion Manufacturing,India DC,16-02-2024,19-02-2024,25-02-2024,Air, north america,499,382.01,$525.39,190622.99,1716.65,402,15,Returned,Late
10053,P546,Chocolate,Food,Delta Exporters,Germany Warehouse,11-21-2024,,,Air,South America,151,302.31,583.98 USD,45648.81,354.78,892,14,Shipped,Late
10288,P474,Engine Oil,electronics,NextGen Supplies,China Hub,31-10-2024,07-11-2024,13-11-2024,Express,Asia,253,67.18,$123.76,16996.54,893.32,971,17,Shipped,Late
10204,P884,Tablet,apparel,NextGen Supplies,China Hub,13-04-2024,19-04-2024,03-05-2024,Truck,North America,179,382.06,554.98 USD,68388.74,997.54,405,13,Returned,Late
10223,P129,Office Chair,electronics,Global Tech Ltd,USA warehouse,05-10-2024,15-05-2024,28-05-2024,Express,EUROPE,491,341.81,682.7,167828.71,1498.83,560,2,Cancelled,Late
10440,P918,Brake Pads,apparel,NextGen Supplies,China Hub,04-08-2023,10-08-2023,17-08-2023,Express,Asia,429,293.94,479.22 USD,126100.26,1263.56,281,17,Returned,Late
10119,P196,Office Chair,electronics,Global Tech Ltd,China Hub,11-04-2023,15-04-2023,20-04-2023,Air,South America,72,219.19,$367.95,15781.68,491.54,680,6,Returned,On-Time
10454,P956,Car Battery,apparel,Prime Wholesale,China Hub,24-07-2023,27-07-2023,06-08-2023,Express,Europe,8,474.29,898.1 USD,3794.32,1576.3,825,15,Returned,Late
10092,P404,Car Battery,Automotive ,NextGen Supplies,Brazil Hub,05-15-2024,16-05-2024,27-05-2024,Air,Europe,39,295.61,492.26 USD,11528.79,973.7,363,12,Cancelled,Late
10399,P664,Engine Oil,Automotive ,Alpha Traders,Brazil Hub,10-09-2024,10-10-2024,18-10-2024,Sea,EUROPE,403,35.38,42.62,14258.14,755.1,676,9,Shipped,On-Time
10170,P331,Dining Table,Automotive ,NextGen Supplies,Brazil Hub,17-10-2024,24-10-2024,31-10-2024,Air,Asia,269,304.18,578.21,81824.42,1990.75,39,8,Delayed,On-Time
10217,P919,Laptop,Electronics,NextGen Supplies,China Hub,18-07-2023,23-07-2023,04-08-2023,Sea,Asia,178,156.94,235.47 USD,27935.32,92.4,431,18,Shipped,On-Time
10238,P785,Office Chair,Electronics,Orion Manufacturing,Brazil Hub,05-01-2023,06-05-2023,15-05-2023,Truck, north america,444,294.55,$520.9,130780.2,188.78,-23,20,Returned,Late
10361,P697,Dining Table,Electronics ,Prime Wholesale,USA warehouse,08-22-2024,24-08-2024,29-08-2024,Air,North America,72,129.3,217.78,9309.6,1218.91,936,-1,Shipped,On-Time
10398,P880,Smartphone,Apparel,Global Tech Ltd,China Hub,18-09-2023,19-09-2023,25-09-2023,Sea,Europe,340,153.18,$264.24,52081.2,1197.45,260,1,Cancelled,Late
10468,P196,Engine Oil,electronics,Orion Manufacturing,Brazil Hub,27-07-2023,03-08-2023,17-08-2023,Air,EUROPE,105,388.03,$473.82,40743.15,1924.89,89,1,Cancelled,Late
10436,P832,Smartphone,Automotive ,Delta Exporters,India DC,01-29-2024,,,Express,North America,208,475.5,$544.58,98904,1527.08,396,19,Shipped,Late
10143,P121,Sofa,Electronics ,Vertex Distributors,Germany Warehouse,21-08-2023,23-08-2023,06-09-2023,Sea,EUROPE,465,192.18,$347.34,89363.7,58.84,454,18,Shipped,On-Time
10098,P290,T-shirt,apparel,Delta Exporters,USA Warehouse,20-08-2023,24-08-2023,06-09-2023,Truck,Europe,48,173.57,319.7,8331.36,1856.89,23,0,Cancelled,On-Time
10245,P891,T-shirt,electronics,Vertex Distributors,USA Warehouse,08-03-2023,14-03-2023,27-03-2023,Air,Europe,208,293.77,$559.28,61104.16,1944.48,366,7,Delayed,On-Time
10194,P128,Sofa,Electronics ,Prime Wholesale,USA Warehouse,09-01-2023,,,Truck,EUROPE,378,53.27,59.65,20136.06,926.74,434,8,Shipped,On-Time
10177,P664,Sneakers,Automotive ,Vertex Distributors,USA Warehouse,17-07-2023,19-07-2023,25-07-2023,Air,Asia,496,157.16,305.22 USD,77951.36,1200.89,165,11,Returned,On-Time
10279,P562,Jacket,Apparel,Orion Manufacturing,USA warehouse,07-10-2023,12-07-2023,16-07-2023,Express,South America,93,93.22,184.21,8669.46,100.13,613,7,Shipped,On-Time
10183,P308,Engine Oil,apparel,Orion Manufacturing,India DC,04-03-2023,09-03-2023,12-03-2023,Air, north america,272,418.28,789.99,113772.16,1306.2,581,16,Cancelled,On-Time
10439,P777,Frozen Pizza,Electronics ,Delta Exporters, China Hub,01-12-2024,08-12-2024,11-12-2024,Express,North America,465,430.1,685.19,199996.5,1892.15,106,1,Cancelled,On-Time
10372,P278,Car Battery,Electronics ,Alpha Traders,Germany Warehouse,04-13-2024,18-04-2024,21-04-2024,Express,Europe,353,41.9,69.1,14790.7,1169.67,953,20,Shipped,On-Time
10349,P791,Headphones,apparel,NextGen Supplies,USA warehouse,21-06-2024,28-06-2024,08-07-2024,Sea,Asia,297,85.84,167.04,25494.48,824.04,729,10,Returned,Late
10105,P270,Car Battery,Furniture,Prime Wholesale,Germany Warehouse,19-10-2024,24-10-2024,03-11-2024,Air,North America,61,369.12,592.31 USD,22516.32,522.66,-48,-2,Cancelled,Late
10310,P879,Headphones,Automotive,Delta Exporters,Germany Warehouse,16-05-2024,19-05-2024,03-06-2024,Express,EUROPE,103,290.28,373.77 USD,29898.84,1415.52,616,7,Shipped,On-Time
10073,P711,Jeans,Electronics,NextGen Supplies,USA Warehouse,22-06-2024,26-06-2024,03-07-2024,Truck,South America,72,439.47,496.78 USD,31641.84,690.05,888,5,Delayed,Late
10391,P945,Jeans,Electronics,NextGen Supplies,China Hub,16-02-2023,,,Truck, north america,350,247.02,321.14,86457,197.63,468,17,Delayed,On-Time
10081,P871,Frozen Pizza,Electronics,Prime Wholesale,India DC,05-09-2023,09-09-2023,23-09-2023,Truck,Asia,240,410.41,765.11 USD,98498.4,335.72,971,8,Returned,On-Time
10068,P193,Jeans,Automotive ,Global Tech Ltd, China Hub,11-16-2024,19-11-2024,25-11-2024,Air, north america,215,409.67,$791.21,88079.05,1721.51,661,10,Delayed,Late
10401,P613,Smartphone,Automotive ,Global Tech Ltd,USA warehouse,05-10-2023,10-10-2023,21-10-2023,Truck,Asia,500,214.41,$412.29,107205,1109.98,387,12,Returned,Late
10329,P107,Jacket,Automotive,Vertex Distributors,USA Warehouse,25-04-2023,26-04-2023,10-05-2023,Truck,EUROPE,457,457.56,626.79,209104.92,1817.76,214,0,Shipped,On-Time
10404,P255,Sneakers,Automotive ,Vertex Distributors,China Hub,07-31-2024,03-08-2024,13-08-2024,Truck,North America,489,146.08,$213.93,71433.12,627.48,0,0,Delayed,On-Time
10459,P118,Smartphone,Food,Vertex Distributors,USA Warehouse,07-07-2023,09-07-2023,13-07-2023,Truck,Asia,38,81.98,118.35,3115.24,1588.71,264,-1,Cancelled,Late
10414,P932,T-shirt,Furniture,Orion Manufacturing, China Hub,11-07-2023,18-07-2023,02-08-2023,Truck,South America,284,111.31,145.3 USD,31612.04,18899.4,695,3,Delayed,Late
10003,P813,Jacket,apparel,Prime Wholesale,Germany Warehouse,10-29-2023,04-11-2023,19-11-2023,Express,Europe,288,433.68,863.49 USD,124899.84,589.82,739,17,Shipped,On-Time
10362,P978,Sneakers,Electronics ,Prime Wholesale,Germany Warehouse,24-11-2023,25-11-2023,09-12-2023,Sea,South America,68,115.83,172.06 USD,7876.44,120.03,28,14,Shipped,Late
10263,P689,Office Chair,Automotive ,Global Tech Ltd,China Hub,03-05-2024,08-05-2024,20-05-2024,Air,EUROPE,458,459.91,870.17,210638.78,849.47,366,1,Delayed,On-Time
10169,P591,LED TV,apparel,Orion Manufacturing,Germany Warehouse,14-07-2023,20-07-2023,29-07-2023,Express,South America,290,98.81,140.41,28654.9,1663.54,13,-2,Delayed,Late
10370,P344,Dining Table,Automotive,Orion Manufacturing,Brazil Hub,05-19-2023,22-05-2023,29-05-2023,Sea,EUROPE,180,194.08,370.99,34934.4,19732.5,932,10,Cancelled,On-Time
10005,P306,Tablet,Apparel,Delta Exporters,USA Warehouse,02-04-2024,09-04-2024,20-04-2024,Express,Europe,332,286.21,533.08,95021.72,209.72,88,19,Delayed,On-Time
10361,P524,Smartphone,Automotive,Delta Exporters, China Hub,23-02-2024,29-02-2024,13-03-2024,Truck, north america,42,280.51,470.42,11781.42,958.73,971,12,Delayed,Late
10221,P341,Chocolate,Automotive,NextGen Supplies,Germany Warehouse,06-17-2023,21-06-2023,05-07-2023,Air,South America,356,84.37,105.42,30035.72,766.72,463,-2,Delayed,Late
10447,P104,Tablet,Automotive ,Delta Exporters,USA Warehouse,08-04-2024,11-04-2024,19-04-2024,Express,Europe,185,209.81,303.48 USD,38814.85,1396.13,344,4,Delayed,Late
10223,P250,LED TV,Apparel,Global Tech Ltd, China Hub,10-06-2024,13-06-2024,23-06-2024,Sea, north america,285,20.27,32.74,5776.95,530.52,415,4,Cancelled,On-Time
10043,P488,Brake Pads,Food,Orion Manufacturing,India DC,25-07-2024,,,Express,South America,290,261.53,$510.5,75843.7,155.13,705,11,Cancelled,Late
10315,P338,Laptop,Apparel,Orion Manufacturing,USA warehouse,29-11-2024,01-12-2024,04-12-2024,Express,North America,412,149.49,170.19 USD,61589.88,1873.67,184,19,Delayed,Late
10134,P286,Headphones,Apparel,NextGen Supplies,USA warehouse,05-21-2024,27-05-2024,10-06-2024,Air,North America,426,202.77,$271.17,86380.02,496.93,100,1,Cancelled,On-Time
10029,P912,Jeans,Apparel,Prime Wholesale, China Hub,01-14-2023,21-01-2023,29-01-2023,Sea,South America,441,33.75,50.78,14883.75,1356.97,993,9,Delayed,On-Time
10391,P239,Jacket,Apparel,Global Tech Ltd,India DC,28-05-2023,01-06-2023,05-06-2023,Sea,South America,389,92.67,127.85 USD,36048.63,288.66,-23,17,Returned,Late
10102,P161,Brake Pads,Automotive,Alpha Traders,USA warehouse,06-04-2024,12-04-2024,14-04-2024,Air,EUROPE,109,108.74,$144.4,11852.66,1390.39,742,16,Shipped,Late
10494,P799,Tablet,Apparel,Orion Manufacturing,India DC,07-11-2024,13-11-2024,20-11-2024,Sea, north america,95,100.85,155.39 USD,9580.75,84.95,947,20,Delayed,On-Time
10309,P849,Jacket,Automotive ,Global Tech Ltd,Germany Warehouse,08-29-2024,02-09-2024,15-09-2024,Sea,North America,3,410.29,671.85 USD,1230.87,1442.06,238,13,Shipped,On-Time
10157,P548,Jacket,Food,Delta Exporters,China Hub,02-08-2023,12-02-2023,15-02-2023,Sea,South America,486,271.77,$356.18,132080.22,25.72,281,15,Returned,On-Time
10418,P913,Office Chair,Apparel,Alpha Traders,USA warehouse,16-05-2024,17-05-2024,28-05-2024,Air,EUROPE,266,280.27,355.67,74551.82,424.5,633,8,Delayed,On-Time
10199,P868,Headphones,Electronics ,Delta Exporters, China Hub,26-05-2023,30-05-2023,04-06-2023,Sea,EUROPE,280,20.68,$35.91,5790.4,1788.43,337,-3,Delayed,Late
10468,P365,T-shirt,Electronics ,Global Tech Ltd,India DC,01-03-2024,10-01-2024,20-01-2024,Sea,Europe,260,410.63,$532.93,106763.8,1023.75,183,0,Returned,On-Time
10294,P926,LED TV,Furniture,NextGen Supplies,China Hub,05-18-2024,23-05-2024,01-06-2024,Sea,Asia,391,254.23,477,99403.93,1642.4,527,18,Cancelled,Late
10001,P534,Brake Pads,Automotive ,Prime Wholesale,India DC,24-09-2023,26-09-2023,01-10-2023,Truck,EUROPE,116,472.42,655.5,54800.72,450.5,177,15,Cancelled,On-Time
10183,P851,Chocolate,Food,NextGen Supplies,Germany Warehouse,12-12-2023,18-12-2023,27-12-2023,Express,South America,219,156.43,$298.42,34258.17,981.35,646,13,Returned,Late
10422,P711,T-shirt,Automotive ,NextGen Supplies,Germany Warehouse,05-30-2024,31-05-2024,15-06-2024,Air,Europe,404,55.53,$104.18,22434.12,911.39,859,13,Shipped,Late
10207,P437,T-shirt,Furniture,Global Tech Ltd,USA warehouse,30-01-2024,05-02-2024,12-02-2024,Air,Asia,296,206.03,333.78 USD,60984.88,329,970,-3,Delayed,Late
10299,P467,Laptop,electronics,Global Tech Ltd,USA Warehouse,28-05-2023,,,Sea,Europe,487,263.08,335.83 USD,128119.96,470.63,755,17,Shipped,On-Time
10114,P976,Dining Table,Electronics,Alpha Traders,China Hub,23-01-2024,25-01-2024,30-01-2024,Sea,Asia,236,246.99,$335.45,58289.64,1776.5,164,2,Delayed,On-Time
10302,P739,Laptop,Automotive ,NextGen Supplies,USA Warehouse,27-01-2024,29-01-2024,12-02-2024,Express,Asia,216,186.14,333.22,40206.24,1273.68,521,9,Shipped,Late
10068,P444,Laptop,Apparel,Global Tech Ltd, China Hub,08-09-2023,12-09-2023,20-09-2023,Truck,North America,436,85.86,171.72 USD,37434.96,1771.19,412,15,Returned,Late
10393,P931,Car Battery,apparel,Alpha Traders, China Hub,02-11-2024,04-11-2024,16-11-2024,Truck,South America,390,147.02,168.22 USD,57337.8,1633.84,-49,14,Delayed,Late
10240,P510,Laptop,Furniture,Global Tech Ltd,USA warehouse,20-06-2024,24-06-2024,27-06-2024,Truck,EUROPE,224,426.6,492.15,95558.4,608.13,26,0,Shipped,On-Time
10380,P756,Laptop,electronics,Global Tech Ltd,Brazil Hub,01-16-2023,22-01-2023,04-02-2023,Express,EUROPE,246,465.25,$590.12,114451.5,1166.81,-22,8,Shipped,Late
10079,P300,Sneakers,Automotive,NextGen Supplies,China Hub,28-06-2024,30-06-2024,09-07-2024,Truck,North America,317,251,$319.44,79567,1697.85,26,4,Delayed,Late
10383,P923,Chocolate,Automotive ,Vertex Distributors,India DC,07-01-2024,07-07-2024,19-07-2024,Sea,North America,385,418.81,$607.16,161241.85,238.14,175,3,Returned,Late
10208,P814,T-shirt,Automotive,Vertex Distributors,India DC,09-10-2023,15-10-2023,25-10-2023,Sea,Asia,326,387.57,$527.84,126347.82,754.24,369,2,Shipped,On-Time
10394,P579,Headphones,Apparel,Delta Exporters,USA Warehouse,06-18-2023,23-06-2023,27-06-2023,Truck,North America,179,472.62,824.07,84598.98,219.66,540,0,Delayed,Late
10367,P931,Chocolate,apparel,Orion Manufacturing,China Hub,29-11-2023,02-12-2023,16-12-2023,Truck,EUROPE,304,211.06,321.19,64162.24,584.42,796,10,Shipped,Late
10000,P447,Engine Oil,Apparel,Alpha Traders,Germany Warehouse,18-04-2023,,,Air, north america,375,468.62,890.28,175732.5,1048.42,912,1,Delayed,Late
10084,P195,Brake Pads,Electronics ,Vertex Distributors,India DC,07-23-2023,26-07-2023,31-07-2023,Sea,North America,408,466.44,$875.63,190307.52,815.31,663,8,Shipped,Late
10186,P872,Jacket,Electronics,Alpha Traders,Brazil Hub,07-04-2024,07-07-2024,14-07-2024,Sea,South America,284,295.77,543.12 USD,83998.68,370.78,-45,3,Shipped,Late
10041,P342,Sneakers,Electronics ,Delta Exporters,China Hub,28-04-2024,05-05-2024,09-05-2024,Truck, north america,25,369.13,709.19,9228.25,575.73,500,-1,Cancelled,Late
10430,P482,T-shirt,Electronics ,Alpha Traders,China Hub,25-05-2023,01-06-2023,11-06-2023,Express,North America,110,227.2,412.87,24992,49.94,382,18,Cancelled,On-Time
10162,P808,Brake Pads,apparel,Orion Manufacturing,USA warehouse,10-02-2024,,,Truck,EUROPE,67,431.55,627.26 USD,28913.85,1091.01,270,-3,Shipped,On-Time
10175,P731,Office Chair,Apparel,Delta Exporters,USA warehouse,25-07-2024,,,Air,Europe,7,288.44,482.41,2019.08,215.54,956,9,Cancelled,On-Time
10315,P680,Tablet,Automotive ,Alpha Traders,India DC,04-15-2023,20-04-2023,29-04-2023,Truck,North America,381,284.32,$331.12,108325.92,375.26,939,2,Delayed,On-Time
10396,P415,Office Chair,Food,Delta Exporters,USA warehouse,04-08-2023,08-08-2023,13-08-2023,Express, north america,334,56.85,$64.3,18987.9,1731.98,470,-1,Delayed,Late
10159,P357,Dining Table,Food,Prime Wholesale,USA warehouse,04-25-2023,27-04-2023,30-04-2023,Truck, north america,411,240.94,$301.47,99026.34,1319.78,945,15,Shipped,On-Time
10249,P382,Car Battery,Furniture,Vertex Distributors,USA Warehouse,19-10-2023,26-10-2023,10-11-2023,Express,North America,112,344.74,406.72 USD,38610.88,244.45,921,16,Cancelled,On-Time
10123,P592,Car Battery,apparel,Delta Exporters,Germany Warehouse,10-04-2023,12-04-2023,16-04-2023,Express,Europe,232,331.05,$537.04,76803.6,349.9,709,20,Returned,Late
10209,P305,Frozen Pizza,Electronics,Vertex Distributors, China Hub,12-09-2023,13-12-2023,23-12-2023,Truck,Asia,46,148.35,$231.24,6824.1,432.91,794,-2,Returned,On-Time
10086,P457,Smartphone,Apparel,Delta Exporters,Brazil Hub,07-06-2024,14-06-2024,26-06-2024,Truck, north america,101,98.97,194.41,9995.97,1510.05,850,-2,Delayed,Late
10046,P601,Tablet,Electronics ,Global Tech Ltd,Brazil Hub,03-04-2024,11-03-2024,18-03-2024,Sea,Asia,412,234.16,292.79 USD,96473.92,1919.46,783,5,Delayed,Late
10213,P687,T-shirt,Electronics ,Global Tech Ltd, China Hub,16-03-2024,,,Sea,Asia,245,39.37,$54.22,9645.65,1322.33,415,4,Shipped,On-Time
10430,P833,Sofa,Electronics,Global Tech Ltd,USA warehouse,31-05-2023,07-06-2023,16-06-2023,Truck,Europe,14,16.77,25.05,234.78,6.51,404,16,Returned,Late
10440,P902,Headphones,Furniture,Global Tech Ltd, China Hub,27-08-2024,31-08-2024,08-09-2024,Air,Asia,131,187.23,228.03 USD,24527.13,1332.9,461,4,Delayed,On-Time
10024,P432,Jacket,Electronics,Alpha Traders,Brazil Hub,17-12-2023,19-12-2023,23-12-2023,Air, north america,312,422.78,819.17 USD,131907.36,1206.34,-19,5,Shipped,Late
10495,P607,Laptop,Furniture,Prime Wholesale,Germany Warehouse,27-08-2023,28-08-2023,12-09-2023,Sea,EUROPE,5,417.23,654.88,2086.15,821.89,543,10,Shipped,Late
10418,P921,Tablet,Furniture,Prime Wholesale, China Hub,12-22-2023,24-12-2023,30-12-2023,Air,EUROPE,158,295.93,$328.09,46756.94,968.99,866,3,Cancelled,On-Time
10147,P476,LED TV,Food,Delta Exporters,Brazil Hub,31-05-2024,06-06-2024,19-06-2024,Truck,North America,156,162.02,253.51 USD,25275.12,968.03,959,12,Shipped,Late
10306,P334,Car Battery,electronics,NextGen Supplies,Brazil Hub,04-14-2024,19-04-2024,29-04-2024,Air,EUROPE,278,275.14,530.68,76488.92,1501.5,990,20,Returned,On-Time
10156,P412,Engine Oil,Apparel,Prime Wholesale, China Hub,05-28-2023,04-06-2023,14-06-2023,Air,Asia,413,271.89,472.32 USD,112290.57,1380.97,38,-1,Returned,Late
10093,P514,T-shirt,electronics,NextGen Supplies,China Hub,05-18-2023,21-05-2023,01-06-2023,Air,North America,422,434.95,579.6 USD,183548.9,1926.29,708,7,Cancelled,Late
10146,P488,Engine Oil,apparel,Delta Exporters, China Hub,07-05-2024,12-07-2024,21-07-2024,Express,North America,146,357.57,$621.25,52205.22,41.18,895,0,Delayed,Late
10422,P610,Office Chair,Automotive,Delta Exporters,Germany Warehouse,03-02-2023,05-03-2023,20-03-2023,Express,Asia,46,347.05,449.99 USD,15964.3,727.3,887,5,Cancelled,Late
10006,P709,Jeans,Electronics,Prime Wholesale,China Hub,11-09-2024,12-09-2024,23-09-2024,Air, north america,115,253.71,481.85,29176.65,1696.2,782,6,Returned,Late
10302,P383,LED TV,Apparel,Global Tech Ltd,China Hub,13-07-2023,17-07-2023,31-07-2023,Air, north america,327,89.31,145.74 USD,29204.37,1664.71,-7,14,Delayed,Late
10011,P496,Brake Pads,Automotive ,NextGen Supplies,India DC,18-05-2024,19-05-2024,29-05-2024,Air, north america,290,182.88,301.01,53035.2,1818.38,116,19,Delayed,Late
10089,P592,LED TV,Automotive,Delta Exporters,USA warehouse,16-04-2024,17-04-2024,27-04-2024,Sea,South America,372,404.31,628.92 USD,150403.32,698.41,941,19,Returned,On-Time
10251,P236,LED TV,Food,Prime Wholesale,India DC,24-02-2023,25-02-2023,03-03-2023,Truck, north america,239,430.1,504.06 USD,102793.9,512.96,8,7,Shipped,Late
10376,P451,Dining Table,electronics,Global Tech Ltd,Brazil Hub,01-29-2024,01-02-2024,06-02-2024,Sea,EUROPE,212,345.01,458.84 USD,73142.12,1690.51,571,18,Shipped,Late
10454,P134,Jacket,apparel,Global Tech Ltd,USA warehouse,29-04-2023,30-04-2023,13-05-2023,Sea,Asia,310,38.44,63.79,11916.4,309.73,136,2,Cancelled,Late
10130,P792,T-shirt,apparel,Orion Manufacturing, China Hub,08-11-2023,09-11-2023,18-11-2023,Sea,North America,115,190.35,215.33,21890.25,640.22,-45,0,Cancelled,Late
10080,P642,Laptop,apparel,Orion Manufacturing,USA Warehouse,24-03-2024,,,Air,EUROPE,461,108.2,194.45 USD,49880.2,626.02,999,-2,Returned,On-Time
10008,P951,Chocolate,Apparel,Alpha Traders, China Hub,28-09-2023,30-09-2023,03-10-2023,Sea,EUROPE,334,319.21,362.69 USD,106616.14,730.05,366,-2,Returned,On-Time
10408,P540,Dining Table,Automotive,Global Tech Ltd, China Hub,24-08-2023,28-08-2023,30-08-2023,Air,South America,76,199.95,302.95 USD,15196.2,1149.7,627,18,Cancelled,Late
10231,P517,Brake Pads,Automotive ,Vertex Distributors,USA warehouse,15-01-2023,17-01-2023,21-01-2023,Truck, north america,432,438.25,874.63 USD,189324,1066.36,304,18,Delayed,On-Time
10444,P936,Smartphone,electronics,Delta Exporters,Brazil Hub,10-12-2023,17-10-2023,28-10-2023,Express,EUROPE,235,274.65,$400.88,64542.75,1326.4,274,4,Cancelled,Late
10071,P761,Office Chair,apparel,Prime Wholesale,China Hub,07-16-2023,20-07-2023,22-07-2023,Truck, north america,20,479.42,807.74,9588.4,1969.09,83,19,Shipped,On-Time
10416,P939,Frozen Pizza,Food,Vertex Distributors, China Hub,14-04-2023,18-04-2023,30-04-2023,Air,EUROPE,479,465.18,527.56,222821.22,1946.15,-28,4,Cancelled,On-Time
10078,P369,Engine Oil,Electronics ,NextGen Supplies,Germany Warehouse,09-10-2024,,,Air,South America,108,387.56,$427.97,41856.48,1093.92,935,4,Cancelled,Late
10106,P721,Car Battery,Food,Global Tech Ltd,USA warehouse,11-25-2024,02-12-2024,07-12-2024,Sea,South America,54,157.4,284.33,8499.6,548.98,633,16,Delayed,On-Time
10077,P435,Headphones,Apparel,Delta Exporters,China Hub,04-05-2024,10-04-2024,25-04-2024,Express,Europe,253,395.23,570.04,99993.19,723.91,-9,-2,Delayed,On-Time
10033,P791,Smartphone,apparel,Prime Wholesale,Brazil Hub,17-06-2023,18-06-2023,30-06-2023,Express,South America,172,413.72,611.4,71159.84,865.94,405,-1,Delayed,On-Time
10048,P823,Sofa,Electronics ,NextGen Supplies,China Hub,09-14-2023,17-09-2023,25-09-2023,Air,Asia,452,416.87,543.97 USD,188425.24,1402.45,340,-1,Returned,Late
10376,P581,Frozen Pizza,Furniture,Global Tech Ltd,China Hub,03-25-2023,,,Sea,South America,282,124.26,215.41,35041.32,280.23,58,11,Shipped,On-Time
10176,P827,Frozen Pizza,apparel,NextGen Supplies,Germany Warehouse,08-02-2023,,,Sea,Asia,220,326.62,532.13,71856.4,1782.31,298,18,Returned,Late
10184,P664,Headphones,Electronics ,Delta Exporters,USA warehouse,09-12-2023,14-12-2023,25-12-2023,Sea,South America,433,341.88,670.67 USD,148034.04,786.28,273,1,Cancelled,Late
10415,P149,Office Chair,Furniture,Global Tech Ltd,Germany Warehouse,07-26-2024,01-08-2024,16-08-2024,Truck,North America,372,212.47,266.85,79038.84,255.72,871,11,Returned,Late
10040,P889,Frozen Pizza,electronics,Vertex Distributors,USA warehouse,03-04-2023,05-04-2023,10-04-2023,Truck,Asia,354,105.81,157.96,37456.74,1662.67,-3,14,Returned,Late
10428,P361,LED TV,Apparel,NextGen Supplies,Brazil Hub,18-02-2024,23-02-2024,06-03-2024,Air,EUROPE,275,136.47,218.84 USD,37529.25,1642.75,-26,-3,Shipped,On-Time
10453,P494,Tablet,Furniture,NextGen Supplies,Germany Warehouse,02-03-2023,07-03-2023,21-03-2023,Sea,Europe,299,476.78,693.99,142557.22,238.38,389,-2,Delayed,Late
10378,P493,Headphones,Automotive ,Global Tech Ltd, China Hub,27-01-2023,02-02-2023,07-02-2023,Express,EUROPE,190,289.17,$457.4,54942.3,1652.85,636,-2,Shipped,On-Time
10204,P291,Brake Pads,Electronics ,NextGen Supplies,Brazil Hub,08-02-2023,15-02-2023,24-02-2023,Air,Europe,421,76.51,109.02 USD,32210.71,1214.94,672,12,Cancelled,Late
10040,P824,Frozen Pizza,Apparel,NextGen Supplies,India DC,14-12-2023,16-12-2023,20-12-2023,Express,South America,21,205.03,$241.24,4305.63,702.03,301,9,Shipped,Late
10314,P505,Brake Pads,Electronics ,Orion Manufacturing,India DC,09-06-2024,12-06-2024,17-06-2024,Truck,Asia,348,123.29,$153.46,42904.92,1174.52,995,-3,Returned,On-Time
10414,P333,Sofa,Food,Prime Wholesale,USA warehouse,28-03-2023,30-03-2023,01-04-2023,Truck,EUROPE,349,176.41,206.18 USD,61567.09,1108.42,995,0,Returned,On-Time
10480,P582,Engine Oil,Food,Alpha Traders,USA warehouse,13-05-2024,,,Air,EUROPE,196,400.11,535.55,78421.56,467.26,759,6,Shipped,Late
10081,P114,Office Chair,Apparel,Global Tech Ltd,USA Warehouse,02-04-2024,06-02-2024,19-02-2024,Express,South America,139,135.34,159.47,18812.26,18.28,-31,-1,Cancelled,On-Time
10000,P435,Smartphone,Apparel,Vertex Distributors,India DC,31-07-2023,05-08-2023,20-08-2023,Express, north america,167,172.95,314.11,28882.65,35.36,131,6,Returned,On-Time
10063,P328,Dining Table,Electronics,Vertex Distributors,USA Warehouse,10-06-2024,15-06-2024,17-06-2024,Air,Europe,478,499.21,658.13,238622.38,1652.61,917,-3,Shipped,On-Time
10473,P418,Headphones,Automotive ,Delta Exporters,India DC,17-01-2023,21-01-2023,03-02-2023,Truck,Asia,47,476.89,618.77,22413.83,245.74,93,9,Shipped,On-Time
10047,P527,Jeans,Electronics,Alpha Traders,Germany Warehouse,01-09-2023,03-09-2023,13-09-2023,Truck,Europe,477,399.02,509.04,190332.54,689.83,825,10,Returned,On-Time
10162,P695,Jeans,Electronics ,Orion Manufacturing,Germany Warehouse,30-05-2024,,,Air,Europe,471,348.29,590.81,164044.59,1616.34,161,13,Shipped,On-Time
10368,P480,Headphones,Electronics,Prime Wholesale,Brazil Hub,15-04-2023,17-04-2023,20-04-2023,Air,South America,295,96.6,154.91,28497,1465.32,363,-3,Returned,Late
10215,P860,Engine Oil,apparel,Prime Wholesale,USA warehouse,09-14-2023,17-09-2023,01-10-2023,Express,South America,90,185.09,244.82,16658.1,479.54,399,3,Delayed,Late
10074,P715,Engine Oil,Automotive,Vertex Distributors,USA Warehouse,04-02-2023,06-02-2023,08-02-2023,Sea,North America,375,348.75,530.42 USD,130781.25,1031.25,873,7,Shipped,On-Time
10289,P286,Chocolate,Electronics,Delta Exporters,USA warehouse,30-06-2024,05-07-2024,18-07-2024,Truck, north america,166,30.91,43.37 USD,5131.06,1861.35,780,14,Cancelled,Late
10109,P987,Smartphone,Electronics,Global Tech Ltd,India DC,19-04-2024,25-04-2024,05-05-2024,Truck, north america,292,269.25,341.9,78621,588.13,430,15,Cancelled,On-Time
10112,P955,Office Chair,Automotive,Prime Wholesale,USA Warehouse,26-06-2024,02-07-2024,09-07-2024,Air,Asia,205,307.86,580.33,63111.3,692.86,230,10,Shipped,On-Time
10193,P162,Sneakers,Apparel,Global Tech Ltd, China Hub,07-07-2024,14-07-2024,25-07-2024,Truck,Europe,235,297.27,533.84,69858.45,1932.72,135,-3,Returned,Late
10227,P395,Brake Pads,Automotive ,NextGen Supplies,India DC,22-02-2023,23-02-2023,02-03-2023,Sea, north america,415,239.48,314.81 USD,99384.2,1550.34,119,7,Returned,On-Time
10135,P146,Headphones,Automotive ,NextGen Supplies,USA Warehouse,03-07-2024,10-07-2024,12-07-2024,Express, north america,24,79.22,126.38,1901.28,951.61,393,1,Returned,Late
10193,P670,Headphones,Automotive ,Alpha Traders, China Hub,14-08-2023,17-08-2023,28-08-2023,Air,EUROPE,406,105.71,180.92,42918.26,1504.19,-36,13,Delayed,Late
10218,P403,LED TV,Electronics,Vertex Distributors,USA Warehouse,12-06-2023,10-12-2023,23-12-2023,Express,Asia,432,147.04,288.31,63521.28,487.13,767,-2,Returned,Late
10324,P928,Dining Table,Furniture,Delta Exporters,USA Warehouse,20-06-2023,23-06-2023,26-06-2023,Air, north america,345,187.75,$244.28,64773.75,314.85,965,2,Returned,On-Time
10272,P412,Frozen Pizza,Electronics ,Alpha Traders,Brazil Hub,04-05-2024,,,Sea,Europe,314,271.25,508.26,85172.5,427.14,80,15,Shipped,On-Time
10002,P200,Chocolate,Automotive ,Global Tech Ltd,Germany Warehouse,10-05-2024,08-10-2024,14-10-2024,Air,Asia,363,185.88,$265.85,67474.44,1857.84,248,17,Returned,On-Time
10200,P211,Office Chair,Electronics ,Global Tech Ltd,USA warehouse,12-01-2023,19-01-2023,28-01-2023,Truck, north america,80,301.72,$555.6,24137.6,1251.47,370,-2,Shipped,On-Time
10253,P226,Engine Oil,Furniture,NextGen Supplies, China Hub,05-08-2023,,,Sea,North America,218,99.25,161.21,21636.5,1927.12,112,12,Shipped,On-Time
10362,P675,Smartphone,Automotive,Delta Exporters,India DC,27-08-2024,29-08-2024,31-08-2024,Sea, north america,487,443.24,835.41 USD,215857.88,398.89,902,-3,Returned,Late
10098,P833,Engine Oil,Electronics,Orion Manufacturing,China Hub,02-08-2024,06-08-2024,20-08-2024,Truck,South America,225,397.44,$560.12,89424,417.84,275,14,Cancelled,On-Time
10289,P708,Laptop,Electronics ,Prime Wholesale,Germany Warehouse,16-09-2024,19-09-2024,02-10-2024,Air,EUROPE,381,445.45,746.53,169716.45,1488.92,9,3,Shipped,Late
10221,P216,Jeans,apparel,Vertex Distributors,Germany Warehouse,03-20-2023,24-03-2023,06-04-2023,Express,North America,204,39.77,50.9,8113.08,1643.26,247,-3,Delayed,Late
10321,P375,Tablet,Electronics,Global Tech Ltd,China Hub,10-03-2023,05-10-2023,14-10-2023,Express,Europe,180,255.04,$495.36,45907.2,891.93,359,19,Delayed,Late
10294,P454,Car Battery,Furniture,Prime Wholesale, China Hub,05-17-2023,20-05-2023,31-05-2023,Truck,South America,105,497.95,$845.39,52284.75,1680.21,709,-2,Delayed,Late
10440,P512,LED TV,Automotive ,Global Tech Ltd,India DC,26-02-2023,01-03-2023,14-03-2023,Sea,Europe,54,442.02,552.55,23869.08,439.02,97,2,Returned,Late
10334,P459,Office Chair,Electronics ,NextGen Supplies,Brazil Hub,09-08-2024,13-08-2024,26-08-2024,Express,Europe,394,495.59,724.81 USD,195262.46,1963.58,765,-3,Shipped,On-Time
10239,P462,LED TV,Food,Delta Exporters,China Hub,05-02-2024,07-05-2024,16-05-2024,Sea,North America,378,426.6,792.94,161254.8,746.87,393,2,Cancelled,On-Time
10203,P532,Car Battery,Apparel,Prime Wholesale,USA Warehouse,15-06-2023,16-06-2023,18-06-2023,Sea,North America,198,253.63,299.35 USD,50218.74,1765.62,977,9,Cancelled,On-Time
10210,P848,Sofa,apparel,Vertex Distributors, China Hub,11-03-2023,13-03-2023,28-03-2023,Express,South America,190,385.95,767.6,73330.5,33.4,131,13,Shipped,Late
10201,P301,Jeans,Furniture,Vertex Distributors,USA warehouse,17-07-2023,21-07-2023,28-07-2023,Truck,Asia,48,271.03,$385.59,13009.44,1755.94,318,2,Shipped,On-Time
10236,P924,Chocolate,Apparel,Prime Wholesale,USA warehouse,10-06-2024,15-06-2024,23-06-2024,Express,Asia,429,462.27,743.19 USD,198313.83,882.85,593,3,Cancelled,Late
10222,P760,LED TV,Food,Delta Exporters,USA Warehouse,09-12-2024,14-09-2024,24-09-2024,Air, north america,303,27.01,31.65,8184.03,239.12,735,3,Delayed,On-Time
10131,P695,Engine Oil,Apparel,Alpha Traders,USA warehouse,11-30-2024,07-12-2024,13-12-2024,Express,South America,26,432.32,827.12,11240.32,1238.31,586,18,Cancelled,Late
10462,P167,Engine Oil,Food,Global Tech Ltd,China Hub,13-12-2023,15-12-2023,19-12-2023,Express,Europe,283,227.28,$298.74,64320.24,900.01,973,19,Returned,Late
10010,P929,Smartphone,electronics,Delta Exporters,USA Warehouse,23-07-2023,29-07-2023,02-08-2023,Truck,South America,330,323.92,369.31 USD,106893.6,1304.1,589,1,Cancelled,On-Time
10112,P788,LED TV,Automotive,Alpha Traders,Germany Warehouse,29-10-2023,30-10-2023,02-11-2023,Air,Asia,465,76.82,130.29,35721.3,1762.52,428,0,Shipped,On-Time
10076,P588,Dining Table,apparel,Orion Manufacturing,Germany Warehouse,25-01-2024,01-02-2024,03-02-2024,Truck,North America,388,254.84,466.36,98877.92,1288.37,804,10,Delayed,On-Time
10125,P217,Laptop,Electronics ,Delta Exporters,India DC,05-07-2023,06-07-2023,10-07-2023,Truck,Asia,82,437.8,612.53,35899.6,1634.27,725,16,Shipped,On-Time
10005,P800,Tablet,electronics,Global Tech Ltd, China Hub,13-01-2023,20-01-2023,01-02-2023,Express, north america,339,78.67,145.4 USD,26669.13,115.73,27,15,Delayed,Late
10024,P174,Tablet,Apparel,Delta Exporters,USA Warehouse,06-11-2024,08-11-2024,17-11-2024,Sea, north america,73,492.87,$707.93,35979.51,95.2,975,20,Shipped,On-Time
10445,P239,Jeans,Apparel,Delta Exporters,USA warehouse,15-10-2023,18-10-2023,27-10-2023,Truck,South America,126,447.31,861.13,56361.06,183.76,780,-2,Shipped,Late
10417,P380,Tablet,Automotive,Alpha Traders,India DC,14-11-2024,15-11-2024,17-11-2024,Express,South America,349,138.29,245.4,48263.21,741.91,174,6,Delayed,On-Time
10094,P820,Office Chair,Apparel,Delta Exporters,USA Warehouse,03-26-2023,27-03-2023,03-04-2023,Express,Europe,309,493.04,671.03 USD,152349.36,878.71,767,2,Cancelled,Late
10312,P635,Tablet,apparel,Delta Exporters,Germany Warehouse,05-19-2024,20-05-2024,25-05-2024,Express,Asia,271,331.19,583.27,89752.49,1910.47,252,19,Delayed,On-Time
10329,P766,Headphones,Electronics ,Vertex Distributors,Brazil Hub,03-01-2023,06-01-2023,08-01-2023,Truck,South America,299,195.44,355.55 USD,58436.56,289.05,268,11,Shipped,On-Time
10052,P943,Car Battery,electronics,Orion Manufacturing,Brazil Hub,18-08-2024,25-08-2024,02-09-2024,Air,South America,400,377.76,$456.64,151104,1124.13,163,14,Returned,On-Time
10021,P720,T-shirt,electronics,Global Tech Ltd,China Hub,03-07-2024,04-07-2024,15-07-2024,Truck,EUROPE,406,127.32,216.08 USD,51691.92,754.32,166,8,Returned,On-Time
10477,P268,T-shirt,Electronics,Orion Manufacturing,Germany Warehouse,05-16-2023,22-05-2023,26-05-2023,Sea,North America,232,217.91,$349.05,50555.12,227.15,300,3,Shipped,Late
10492,P387,Sneakers,Automotive,NextGen Supplies,USA Warehouse,19-08-2024,,,Sea,Europe,89,445.51,773.34,39650.39,1559.21,320,9,Returned,On-Time
10120,P456,Car Battery,Food,NextGen Supplies,USA warehouse,11-13-2023,14-11-2023,28-11-2023,Express,Asia,370,331.14,529.96 USD,122521.8,1404.62,418,4,Cancelled,Late
10045,P671,Jacket,apparel,Alpha Traders,USA warehouse,25-09-2024,26-09-2024,05-10-2024,Express,Asia,406,436.94,704.56,177397.64,62.97,121,19,Delayed,Late
10012,P511,LED TV,Apparel,Delta Exporters,Brazil Hub,04-06-2024,07-06-2024,14-06-2024,Sea,North America,476,300.06,592.24 USD,142828.56,301.46,867,4,Shipped,On-Time
10438,P809,Dining Table,electronics,Delta Exporters,USA warehouse,12-08-2024,19-08-2024,21-08-2024,Air, north america,263,408.99,$545.82,107564.37,792.18,354,10,Delayed,On-Time
10308,P728,Sofa,Apparel,Alpha Traders,USA Warehouse,05-16-2023,,,Express,North America,306,141.82,263.92 USD,43396.92,858.79,651,4,Shipped,Late
10235,P151,Frozen Pizza,Electronics,NextGen Supplies,India DC,29-04-2024,05-05-2024,14-05-2024,Air,South America,318,266.39,517.22,84712.02,1006.32,573,-3,Cancelled,On-Time
10382,P297,Tablet,Electronics ,Vertex Distributors,Brazil Hub,19-11-2024,26-11-2024,02-12-2024,Express,South America,354,488.63,740.07,172975.02,802.65,630,-3,Delayed,On-Time
10234,P349,Dining Table,Automotive ,NextGen Supplies,Germany Warehouse,18-03-2023,19-03-2023,26-03-2023,Truck,Asia,129,413.1,493.92 USD,53289.9,1805.63,537,15,Shipped,On-Time
10209,P108,Engine Oil,Food,Alpha Traders,Germany Warehouse,03-01-2023,07-01-2023,19-01-2023,Truck,EUROPE,454,454.82,677.73 USD,206488.28,854.36,361,3,Returned,Late
10199,P908,Engine Oil,Apparel,Delta Exporters,China Hub,25-07-2023,29-07-2023,10-08-2023,Sea,South America,166,90.38,152.69,15003.08,772.82,948,13,Returned,Late
10082,P634,Brake Pads,Electronics ,NextGen Supplies,China Hub,01-29-2023,05-02-2023,17-02-2023,Sea,Europe,216,352.82,651.3 USD,76209.12,205.75,597,0,Delayed,Late
10234,P542,Dining Table,Automotive ,Global Tech Ltd,Germany Warehouse,26-02-2024,01-03-2024,11-03-2024,Truck,Asia,366,177.57,$303.97,64990.62,1451.77,-21,1,Shipped,On-Time
10382,P544,Dining Table,Automotive,NextGen Supplies,USA Warehouse,06-10-2024,08-10-2024,18-10-2024,Truck,EUROPE,223,30.74,34.55,6855.02,1763.7,408,6,Shipped,On-Time
10193,P789,Dining Table,Food,Prime Wholesale,USA Warehouse,22-03-2023,24-03-2023,04-04-2023,Sea, north america,249,324.76,458.11,80865.24,1131.08,348,9,Shipped,Late
10446,P512,Sofa,Furniture,Prime Wholesale,USA Warehouse,01-11-2024,08-11-2024,18-11-2024,Truck,Asia,282,100.82,184.99 USD,28431.24,469.77,872,10,Delayed,Late
10434,P902,Headphones,Food,Delta Exporters, China Hub,06-05-2023,09-06-2023,12-06-2023,Air,Europe,88,271.98,519.27,23934.24,1027,359,20,Shipped,On-Time
10086,P717,Frozen Pizza,Automotive ,NextGen Supplies,Germany Warehouse,09-05-2023,13-05-2023,18-05-2023,Truck,North America,91,411.32,$718.76,37430.12,1644.43,682,-1,Delayed,Late
10431,P269,Frozen Pizza,Food,Global Tech Ltd,India DC,15-06-2023,19-06-2023,24-06-2023,Express,North America,296,260.09,334.66 USD,76986.64,1600.63,110,4,Shipped,On-Time
10242,P244,Car Battery,Food,Orion Manufacturing,USA warehouse,18-02-2023,19-02-2023,22-02-2023,Truck,EUROPE,231,72.06,131.94 USD,16645.86,1539.4,36,-3,Cancelled,On-Time
10060,P534,Engine Oil,Apparel,Vertex Distributors,USA warehouse,09-01-2023,10-01-2023,24-01-2023,Truck,Europe,74,260.12,$469.57,19248.88,1275.54,737,2,Returned,Late
10388,P721,T-shirt,electronics,Vertex Distributors,China Hub,13-05-2023,,,Express,South America,6,351.99,431.37,2111.94,1244.55,604,19,Returned,On-Time
10388,P382,Jeans,electronics,NextGen Supplies, China Hub,09-05-2023,,,Sea,Asia,475,149.34,169.29,70936.5,115.23,628,2,Delayed,Late
10462,P137,Jeans,Automotive ,Alpha Traders,USA warehouse,28-05-2023,04-06-2023,12-06-2023,Sea,North America,182,226.27,$407.11,41181.14,495.02,-48,-1,Cancelled,On-Time
10249,P235,T-shirt,Automotive,Prime Wholesale,Brazil Hub,02-12-2023,14-02-2023,25-02-2023,Truck,North America,272,17.28,$31.69,4700.16,6200.9,-46,3,Returned,Late
10238,P192,Engine Oil,Electronics,NextGen Supplies,USA warehouse,12-12-2023,19-12-2023,01-01-2024,Sea,South America,193,404.66,748.01,78099.38,1407.39,11,16,Delayed,On-Time
10264,P381,Tablet,Electronics,Global Tech Ltd, China Hub,21-06-2023,23-06-2023,26-06-2023,Sea,North America,213,260.09,429.47 USD,55399.17,211.73,700,16,Cancelled,On-Time
10127,P608,Sneakers,Automotive ,Vertex Distributors,USA warehouse,08-31-2024,05-09-2024,16-09-2024,Truck,North America,230,255.42,312.54 USD,58746.6,1651.68,130,7,Returned,Late
10081,P573,Jacket,Automotive ,Vertex Distributors,USA Warehouse,08-10-2023,11-10-2023,17-10-2023,Truck,South America,473,8.8,$9.69,4162.4,640.69,181,12,Delayed,Late
10248,P146,Dining Table,Furniture,Vertex Distributors,Germany Warehouse,05-29-2024,01-06-2024,15-06-2024,Express,North America,183,147.99,$291.28,27082.17,477.7,57,17,Cancelled,On-Time
10303,P628,Office Chair,Automotive,Prime Wholesale,Germany Warehouse,07-02-2024,12-02-2024,24-02-2024,Air,EUROPE,494,327.22,$632.23,161646.68,958.71,431,10,Delayed,On-Time
10382,P963,Laptop,Food,Vertex Distributors,USA Warehouse,06-12-2023,15-06-2023,25-06-2023,Air,Asia,464,381.99,455.66,177243.36,1538.16,234,-1,Delayed,On-Time
10105,P497,LED TV,electronics,Orion Manufacturing,USA warehouse,18-10-2024,25-10-2024,01-11-2024,Air,EUROPE,276,148.55,239.41,40999.8,460.8,524,16,Delayed,On-Time
10275,P789,LED TV,apparel,Vertex Distributors,India DC,17-07-2024,,,Truck,Europe,84,76.97,$87.59,6465.48,1838.2,486,5,Returned,Late
10049,P608,T-shirt,electronics,Delta Exporters,China Hub,14-09-2023,15-09-2023,17-09-2023,Truck,North America,364,60.13,$96.91,21887.32,1579.49,68,0,Delayed,Late
10236,P765,Headphones,Apparel,Global Tech Ltd,India DC,08-27-2023,01-09-2023,14-09-2023,Express,South America,440,140.52,272.82,61828.8,536.59,296,10,Cancelled,Late
10277,P230,Engine Oil,Automotive ,Alpha Traders,India DC,09-29-2024,04-10-2024,17-10-2024,Express,Asia,140,249.29,$284.36,34900.6,1505.1,118,17,Cancelled,Late
10066,P796,Engine Oil,Electronics ,Orion Manufacturing,China Hub,29-01-2023,02-02-2023,09-02-2023,Express,Europe,296,357.02,695.62,105677.92,1300.86,299,10,Delayed,Late
10439,P680,Laptop,Apparel,Orion Manufacturing, China Hub,30-10-2023,02-11-2023,09-11-2023,Sea,North America,454,127.11,224.55 USD,57707.94,748.1,927,3,Returned,Late
10474,P620,Frozen Pizza,Automotive ,Vertex Distributors,Brazil Hub,03-01-2024,05-01-2024,09-01-2024,Air,Asia,224,444.48,616.11 USD,99563.52,368.02,8,2,Cancelled,On-Time
10111,P219,Tablet,Electronics,NextGen Supplies,USA Warehouse,23-08-2024,24-08-2024,05-09-2024,Air, north america,84,314.38,$530.43,26407.92,1354.54,838,13,Cancelled,Late
10099,P214,Dining Table,Apparel,Vertex Distributors,China Hub,06-10-2023,11-10-2023,17-10-2023,Express,Europe,324,193.97,313.4,62846.28,956.64,6,5,Delayed,On-Time
10219,P234,T-shirt,apparel,Global Tech Ltd,USA warehouse,01-15-2023,16-01-2023,19-01-2023,Air,North America,499,492.87,572.45,245942.13,1955.86,900,15,Shipped,On-Time
10353,P184,Engine Oil,Automotive,Orion Manufacturing,Germany Warehouse,22-11-2024,,,Express,North America,189,361.98,446.47,68414.22,1529.85,18,6,Returned,On-Time
10322,P868,Smartphone,apparel,Prime Wholesale,India DC,31-10-2023,05-11-2023,20-11-2023,Sea,Europe,460,435.36,688.83,200265.6,1316.73,148,16,Cancelled,On-Time
10149,P225,Brake Pads,Automotive,Orion Manufacturing,India DC,01-16-2024,20-01-2024,26-01-2024,Sea,North America,146,94.43,154.25,13786.78,219.13,153,6,Returned,On-Time
10338,P981,Car Battery,Electronics ,Orion Manufacturing,India DC,30-03-2024,01-04-2024,11-04-2024,Air, north america,50,31.69,51.78,1584.5,1598.27,289,15,Shipped,On-Time
10081,P802,Sneakers,Apparel,Orion Manufacturing,India DC,27-01-2023,29-01-2023,11-02-2023,Air,North America,229,230,430.72 USD,52670,1275.95,-5,11,Delayed,On-Time
10464,P708,Laptop,Apparel,Prime Wholesale,India DC,03-13-2023,,,Express,South America,51,207.75,384.46,10595.25,127.96,769,10,Returned,On-Time
10410,P939,Tablet,Automotive,Global Tech Ltd,China Hub,10-06-2024,12-10-2024,19-10-2024,Truck,Asia,301,293.19,$585.82,88250.19,1694.24,417,18,Delayed,Late
10469,P548,Sneakers,Electronics ,Delta Exporters,India DC,02-12-2023,,,Air,Asia,149,317.01,591.01 USD,47234.49,880.47,760,8,Shipped,Late
10185,P303,Jacket,Electronics,NextGen Supplies,Brazil Hub,27-11-2024,02-12-2024,07-12-2024,Sea,North America,462,492.71,825.23 USD,227632.02,1284.56,-5,12,Cancelled,On-Time
10382,P942,Tablet,Food,Prime Wholesale,Brazil Hub,02-10-2023,03-10-2023,18-10-2023,Air,EUROPE,377,172.53,242.85,65043.81,3495.8,-29,10,Shipped,On-Time
10372,P684,Headphones,Electronics,NextGen Supplies,China Hub,10-05-2023,09-10-2023,23-10-2023,Air,Europe,452,379.1,607.63,171353.2,763.56,995,4,Returned,On-Time
10301,P841,Engine Oil,Electronics ,Orion Manufacturing,USA Warehouse,10-03-2024,13-03-2024,21-03-2024,Air,Asia,55,197.76,273.52 USD,10876.8,1434.13,677,14,Cancelled,On-Time
10159,P873,Engine Oil,Electronics ,Alpha Traders,USA warehouse,26-06-2024,02-07-2024,09-07-2024,Air,EUROPE,418,188.89,366.69,78956.02,448.04,189,3,Returned,On-Time
10218,P395,Frozen Pizza,Apparel,Prime Wholesale,USA Warehouse,03-25-2023,31-03-2023,06-04-2023,Express, north america,77,42.66,47.38,3284.82,1845.21,993,20,Delayed,On-Time
10348,P196,Chocolate,Furniture,Alpha Traders,USA warehouse,02-06-2023,08-06-2023,20-06-2023,Air, north america,114,23.36,31.13 USD,2663.04,297.91,133,0,Shipped,On-Time
10389,P928,Smartphone,electronics,Prime Wholesale,China Hub,09-20-2024,24-09-2024,29-09-2024,Truck,South America,202,47.92,65.84 USD,9679.84,1383.57,252,10,Returned,Late
10407,P901,Jeans,Food,Alpha Traders,Brazil Hub,10-10-2023,,,Sea,South America,91,83.54,124.31,7602.14,809.28,64,12,Shipped,Late
10271,P906,Laptop,Apparel,Global Tech Ltd,Germany Warehouse,07-06-2024,08-07-2024,21-07-2024,Express,Europe,37,33.86,40.5,1252.82,699.93,600,16,Delayed,On-Time
10259,P134,Tablet,Food,Alpha Traders,Brazil Hub,27-04-2023,02-05-2023,15-05-2023,Air,North America,331,212.67,292.61,70393.77,1771.46,212,13,Returned,Late
10472,P873,Smartphone,Electronics,Alpha Traders,Brazil Hub,02-15-2023,17-02-2023,25-02-2023,Express,South America,89,85,99.96 USD,7565,614.61,418,13,Returned,On-Time
10004,P129,Laptop,Automotive,NextGen Supplies,Brazil Hub,04-05-2023,10-05-2023,24-05-2023,Express,EUROPE,146,393.29,703.93,57420.34,1848.07,81,19,Returned,On-Time
10224,P414,Jeans,Furniture,Vertex Distributors, China Hub,11-06-2024,12-06-2024,17-06-2024,Express,North America,204,488.64,$695.44,99682.56,416.9,328,14,Shipped,Late
10386,P268,Car Battery,Food,Delta Exporters,Brazil Hub,28-10-2024,02-11-2024,04-11-2024,Air,Europe,218,197.24,$370.53,42998.32,1078.27,810,14,Returned,On-Time
10260,P534,Dining Table,Electronics,Vertex Distributors,India DC,02-16-2023,19-02-2023,26-02-2023,Air,Asia,463,472.17,$889.41,218614.71,1253.94,876,5,Returned,On-Time
10202,P997,Jacket,Automotive ,Orion Manufacturing,USA Warehouse,14-05-2023,20-05-2023,24-05-2023,Sea,Europe,143,475.37,$597.13,67977.91,728.04,325,20,Cancelled,On-Time
10145,P610,Frozen Pizza,Furniture,Global Tech Ltd, China Hub,03-31-2023,07-04-2023,15-04-2023,Air, north america,237,64.17,86.01 USD,15208.29,474.55,178,2,Delayed,On-Time
10313,P289,T-shirt,Electronics ,Vertex Distributors,China Hub,29-07-2024,01-08-2024,15-08-2024,Sea,North America,3,282.57,498.32,847.71,292.7,740,3,Returned,On-Time
10073,P353,Brake Pads,Electronics ,Vertex Distributors,Brazil Hub,01-23-2024,27-01-2024,08-02-2024,Truck, north america,214,92.73,175.26 USD,19844.22,340.72,754,11,Delayed,Late
10421,P339,Brake Pads,Electronics ,Delta Exporters,Germany Warehouse,06-12-2023,08-12-2023,16-12-2023,Sea,Europe,179,173.18,238.55,30999.22,1168.32,473,1,Cancelled,Late
10432,P799,Dining Table,Electronics ,Prime Wholesale,China Hub,04-09-2023,07-09-2023,11-09-2023,Truck,Asia,132,93.37,148.62 USD,12324.84,491.92,218,10,Delayed,Late
10432,P580,Sneakers,Automotive,Global Tech Ltd,Germany Warehouse,07-04-2024,09-07-2024,14-07-2024,Truck,North America,91,145.02,252.62 USD,13196.82,697.03,759,5,Cancelled,On-Time
10159,P370,T-shirt,apparel,Prime Wholesale,USA warehouse,24-12-2023,26-12-2023,02-01-2024,Air, north america,474,476.79,540.38,225998.46,251.3,477,3,Cancelled,Late
10007,P924,Smartphone,Automotive ,NextGen Supplies, China Hub,06-09-2024,15-06-2024,17-06-2024,Express,Europe,409,151.73,269.06,62057.57,1797.77,793,18,Shipped,On-Time
10494,P949,Dining Table,Automotive,Orion Manufacturing,Brazil Hub,10-09-2024,11-09-2024,16-09-2024,Air,EUROPE,46,316.23,423.46,14546.58,1140.75,470,18,Returned,Late
10013,P207,Frozen Pizza,Electronics ,Prime Wholesale,USA Warehouse,27-01-2023,03-02-2023,13-02-2023,Truck,South America,111,45.93,65.08,5098.23,1378.67,597,20,Shipped,On-Time
10201,P652,Brake Pads,Food,Delta Exporters,India DC,28-04-2023,04-05-2023,15-05-2023,Express,Europe,375,280.96,397.37,105360,1173.96,572,17,Returned,On-Time
10318,P126,Sneakers,Food,Orion Manufacturing,China Hub,20-04-2023,22-04-2023,05-05-2023,Air,Asia,455,273.19,511.11,124301.45,925.27,284,1,Delayed,On-Time
10161,P348,Brake Pads,Electronics,Orion Manufacturing,USA warehouse,02-07-2024,05-07-2024,20-07-2024,Sea,EUROPE,248,379.17,753.49 USD,94034.16,1937.79,765,15,Shipped,Late
10471,P580,Brake Pads,Apparel,NextGen Supplies,USA warehouse,28-11-2023,03-12-2023,05-12-2023,Sea,EUROPE,446,186.52,$317.41,83187.92,46.7,988,20,Delayed,On-Time
10271,P383,Dining Table,Food,Delta Exporters,Brazil Hub,09-19-2024,21-09-2024,06-10-2024,Truck,EUROPE,222,444.02,664.23 USD,98572.44,1109.16,72,12,Shipped,On-Time
10374,P967,Office Chair,Automotive,Orion Manufacturing,Germany Warehouse,13-05-2023,17-05-2023,22-05-2023,Air,South America,74,112,183.92 USD,8288,940.11,91,2,Cancelled,On-Time
10035,P648,Headphones,Electronics,Alpha Traders,Brazil Hub,16-02-2023,21-02-2023,05-03-2023,Express,EUROPE,497,301.67,445.61,149929.99,901.19,449,-1,Returned,On-Time
10129,P323,Brake Pads,Furniture,NextGen Supplies,India DC,07-04-2024,12-04-2024,23-04-2024,Truck,Europe,490,290.65,472.08 USD,142418.5,482.42,613,16,Returned,On-Time
10499,P949,Sofa,apparel,Alpha Traders,Brazil Hub,18-09-2024,,,Express,Europe,175,298.63,431.04,52260.25,338.3,576,18,Returned,On-Time
10093,P868,Office Chair,Electronics,Delta Exporters,USA warehouse,11-11-2024,17-11-2024,25-11-2024,Sea, north america,231,218,391.24,50358,1144.57,859,5,Returned,On-Time
10372,P539,Tablet,Furniture,Global Tech Ltd, China Hub,11-05-2023,14-05-2023,19-05-2023,Air,EUROPE,445,429.71,$509.79,191220.95,1753.43,647,8,Returned,Late
10205,P335,Engine Oil,electronics,Delta Exporters,China Hub,02-23-2024,26-02-2024,28-02-2024,Express,EUROPE,199,419.14,$567.0,83408.86,1400.39,108,3,Shipped,On-Time
10170,P252,T-shirt,Automotive,Delta Exporters,USA Warehouse,02-25-2024,29-02-2024,10-03-2024,Air,Europe,395,84.99,104.27,33571.05,545.2,750,10,Returned,On-Time
10088,P243,Tablet,apparel,Delta Exporters,Germany Warehouse,12-06-2024,19-06-2024,26-06-2024,Express,Asia,482,181.84,$256.76,87646.88,9126.2,766,14,Delayed,Late
10050,P794,Office Chair,Furniture,NextGen Supplies,Brazil Hub,23-08-2023,28-08-2023,03-09-2023,Air,EUROPE,414,352.23,464.09 USD,145823.22,1132.72,325,5,Returned,Late
10027,P236,Engine Oil,Food,Prime Wholesale,USA Warehouse,08-04-2024,11-04-2024,20-04-2024,Truck, north america,367,232.33,420.32,85265.11,838.04,187,14,Returned,On-Time
10115,P990,LED TV,electronics,Orion Manufacturing, China Hub,21-12-2023,22-12-2023,30-12-2023,Truck,Europe,140,138.37,211,19371.8,1486.99,268,13,Cancelled,Late
10360,P719,Jacket,Automotive ,Orion Manufacturing,Germany Warehouse,08-22-2024,25-08-2024,07-09-2024,Truck, north america,242,452.27,815.31,109449.34,1677.1,993,8,Returned,Late
10341,P671,Sneakers,apparel,Alpha Traders,Brazil Hub,11-23-2023,30-11-2023,09-12-2023,Sea,Europe,194,69.54,79.27,13490.76,1695.72,898,5,Shipped,On-Time
10183,P372,Chocolate,Food,Delta Exporters,Germany Warehouse,11-14-2023,,,Truck,South America,311,268.01,$315.78,83351.11,318.59,963,6,Delayed,Late
10069,P463,T-shirt,apparel,NextGen Supplies, China Hub,02-04-2023,11-02-2023,13-02-2023,Truck,Europe,181,182.39,275.12 USD,33012.59,1226.99,718,-3,Cancelled,Late
10008,P253,Laptop,Food,Global Tech Ltd,India DC,06-11-2023,12-11-2023,17-11-2023,Air, north america,222,466.64,597.16,103594.08,1285.16,870,20,Returned,Late
10440,P705,Chocolate,Automotive ,NextGen Supplies,China Hub,19-03-2024,21-03-2024,29-03-2024,Sea, north america,90,469.55,882.67,42259.5,216.92,712,-2,Delayed,Late
10325,P655,Dining Table,Apparel,Global Tech Ltd,USA warehouse,09-01-2023,,,Sea,North America,78,497.15,987.64 USD,38777.7,1929.37,377,2,Delayed,Late
10358,P975,Sneakers,Electronics,Alpha Traders, China Hub,31-03-2023,06-04-2023,11-04-2023,Truck,South America,66,297.92,$542.45,19662.72,568.12,140,17,Delayed,Late
10068,P636,Laptop,apparel,NextGen Supplies,USA warehouse,21-07-2024,25-07-2024,31-07-2024,Sea,South America,216,263.54,456.31,56924.64,491.72,657,19,Shipped,On-Time
10260,P339,Smartphone,apparel,NextGen Supplies,USA Warehouse,26-12-2023,30-12-2023,07-01-2024,Truck, north america,174,286.39,$447.27,49831.86,1100.8,660,2,Shipped,Late
10439,P877,Frozen Pizza,Automotive ,Orion Manufacturing,Germany Warehouse,14-03-2023,16-03-2023,26-03-2023,Truck,EUROPE,119,291.6,447.35,34700.4,5.61,633,1,Returned,On-Time
10057,P118,Sneakers,Furniture,Delta Exporters,India DC,15-07-2023,18-07-2023,02-08-2023,Express,EUROPE,265,395.55,489.11,104820.75,362.76,133,20,Cancelled,Late
10312,P505,Office Chair,Apparel,Alpha Traders,USA Warehouse,05-03-2024,07-03-2024,12-03-2024,Air,South America,485,162.83,$280.28,78972.55,494.3,16,6,Shipped,Late
10050,P123,Jacket,Furniture,Vertex Distributors,USA warehouse,25-02-2024,26-02-2024,04-03-2024,Truck, north america,284,119.46,195.05 USD,33926.64,795.12,443,-1,Cancelled,On-Time
10425,P594,Car Battery,Apparel,Orion Manufacturing, China Hub,08-27-2023,29-08-2023,08-09-2023,Express,North America,225,94.11,$105.47,21174.75,78.05,335,7,Shipped,On-Time
10279,P722,Brake Pads,Electronics,Global Tech Ltd,USA warehouse,06-02-2023,09-06-2023,23-06-2023,Sea,Asia,282,297.71,463.1,83954.22,193.06,935,20,Returned,On-Time
10299,P274,Jacket,Electronics,NextGen Supplies,India DC,01-05-2024,12-01-2024,14-01-2024,Express, north america,194,46.22,58.65 USD,8966.68,1697.64,995,2,Shipped,Late
10010,P145,Engine Oil,Apparel,Delta Exporters,Germany Warehouse,07-16-2023,23-07-2023,25-07-2023,Sea, north america,467,399.9,$668.27,186753.3,275.75,553,16,Delayed,On-Time
10441,P452,Car Battery,Electronics ,Alpha Traders,USA warehouse,31-03-2024,01-04-2024,11-04-2024,Air,Europe,300,337.02,608.8,101106,727.54,583,15,Cancelled,On-Time
10354,P813,Laptop,apparel,Vertex Distributors, China Hub,24-01-2023,,,Air,South America,281,85.51,163.74 USD,24028.31,205.25,604,7,Delayed,Late
10061,P780,Headphones,Electronics ,NextGen Supplies,Germany Warehouse,08-07-2024,09-08-2024,15-08-2024,Express,EUROPE,294,337.29,664.23,99163.26,1333.61,735,3,Cancelled,Late
10324,P611,Headphones,Electronics,Alpha Traders,India DC,08-07-2023,10-07-2023,14-07-2023,Sea, north america,338,37.9,42.1 USD,12810.2,240.94,231,14,Shipped,Late
10493,P774,Frozen Pizza,Electronics,Global Tech Ltd, China Hub,10-29-2024,30-10-2024,07-11-2024,Air,Asia,450,284.37,$338.59,127966.5,1960.94,887,-2,Returned,Late
10466,P945,T-shirt,Electronics ,Vertex Distributors,China Hub,01-30-2024,06-02-2024,20-02-2024,Sea,Europe,295,413.11,758.89 USD,121867.45,1966.01,90,17,Returned,Late
10073,P964,Jacket,Electronics,Global Tech Ltd,Brazil Hub,30-05-2023,02-06-2023,14-06-2023,Sea,EUROPE,39,88.72,101.7,3460.08,924.47,499,5,Returned,On-Time
10182,P500,Headphones,Apparel,Prime Wholesale,USA warehouse,06-12-2023,13-12-2023,25-12-2023,Air,Asia,80,191.84,219.2 USD,15347.2,110.07,994,7,Cancelled,On-Time
10398,P938,Chocolate,Electronics ,Delta Exporters,Brazil Hub,04-28-2024,04-05-2024,08-05-2024,Sea, north america,228,188.24,316.62 USD,42918.72,1983.4,603,18,Delayed,Late
10210,P187,Car Battery,electronics,Prime Wholesale,USA warehouse,23-04-2023,28-04-2023,06-05-2023,Truck, north america,79,376.52,666.19 USD,29745.08,711.57,524,8,Delayed,Late
10283,P602,LED TV,Food,Orion Manufacturing,China Hub,11-01-2023,14-01-2023,25-01-2023,Sea,South America,78,343.76,$642.96,26813.28,1990.17,26,2,Shipped,Late
10157,P325,Jeans,Electronics ,Alpha Traders, China Hub,22-09-2023,,,Air,North America,371,430.83,$762.0,159837.93,80.17,619,13,Cancelled,On-Time
10064,P615,LED TV,Automotive,Prime Wholesale,Germany Warehouse,02-04-2024,09-04-2024,21-04-2024,Truck,South America,189,55.34,81.3 USD,10459.26,1030.72,841,0,Delayed,Late
10188,P443,Car Battery,Furniture,Alpha Traders,Brazil Hub,08-10-2023,10-10-2023,13-10-2023,Express,Asia,308,379.01,$659.22,116735.08,921.62,915,2,Delayed,Late
10152,P141,LED TV,Electronics,Global Tech Ltd,USA Warehouse,24-04-2024,01-05-2024,06-05-2024,Air,South America,193,375.65,$624.42,72500.45,1770.79,155,12,Returned,On-Time
10177,P802,Headphones,Automotive,Global Tech Ltd,India DC,20-04-2024,21-04-2024,30-04-2024,Express,Europe,171,166.25,294.87,28428.75,1589.4,870,11,Delayed,On-Time
10202,P530,Headphones,Electronics ,Global Tech Ltd,India DC,02-08-2024,05-08-2024,13-08-2024,Sea,North America,12,11.48,$20.35,137.76,1905.35,-3,10,Shipped,On-Time
10460,P884,Car Battery,Automotive ,NextGen Supplies, China Hub,30-03-2024,31-03-2024,13-04-2024,Express,Europe,153,50.72,$56.24,7760.16,1475.57,313,19,Returned,Late
10442,P783,Jacket,Furniture,Prime Wholesale,India DC,14-05-2024,,,Express,South America,130,415.34,$589.34,53994.2,1091.33,301,1,Cancelled,On-Time
10145,P653,Engine Oil,Electronics,Orion Manufacturing,USA warehouse,12-04-2024,13-04-2024,26-04-2024,Express,South America,405,67.61,130.62 USD,27382.05,1533.09,949,3,Shipped,On-Time
10253,P430,Brake Pads,Apparel,Global Tech Ltd,India DC,26-08-2024,28-08-2024,07-09-2024,Truck,North America,321,225.75,386.75,72465.75,1649.11,921,7,Delayed,Late
10410,P838,Headphones,Food,Alpha Traders,India DC,06-27-2023,01-07-2023,11-07-2023,Sea, north america,129,75.56,$118.52,9747.24,803.6,202,2,Shipped,On-Time
10021,P628,Headphones,apparel,Delta Exporters, China Hub,26-01-2023,30-01-2023,12-02-2023,Air,Asia,109,458.09,$746.02,49931.81,1567.2,735,1,Returned,On-Time
10366,P976,Dining Table,apparel,Prime Wholesale,China Hub,04-20-2024,,,Sea,South America,115,496.05,764.74,57045.75,1229.16,915,5,Shipped,Late
10247,P912,Dining Table,Apparel,Global Tech Ltd,USA warehouse,02-04-2023,05-04-2023,12-04-2023,Express,Europe,441,450.06,768.2 USD,198476.46,601.62,572,19,Cancelled,Late
10377,P724,Engine Oil,Furniture,Delta Exporters,USA warehouse,03-05-2023,09-05-2023,21-05-2023,Air,North America,293,415.95,653.32,121873.35,407.58,365,8,Cancelled,Late
10381,P401,Laptop,Automotive ,Vertex Distributors,China Hub,10-11-2023,17-10-2023,30-10-2023,Express, north america,288,433.07,715.78,124724.16,117.17,-34,7,Cancelled,On-Time
10332,P852,Engine Oil,Electronics ,Delta Exporters,USA Warehouse,06-28-2023,03-07-2023,18-07-2023,Truck,Asia,127,205.89,372.81,26148.03,1099.43,740,3,Delayed,Late
10199,P348,Headphones,Electronics ,Alpha Traders,India DC,16-02-2023,22-02-2023,26-02-2023,Air, north america,86,203.11,366.9,17467.46,513.62,512,6,Returned,Late
10336,P653,Dining Table,Food,Alpha Traders,USA warehouse,07-01-2023,,,Truck, north america,430,238.89,434.2,102722.7,270.84,253,3,Delayed,Late
10054,P945,Office Chair,Automotive ,Alpha Traders, China Hub,20-04-2023,25-04-2023,27-04-2023,Truck,EUROPE,250,22.9,32.03 USD,5725,626.03,106,16,Cancelled,Late
10313,P805,T-shirt,Furniture,Alpha Traders,India DC,16-05-2024,19-05-2024,31-05-2024,Truck,Europe,366,70.18,98.24,25685.88,277.7,243,13,Delayed,Late
10308,P962,Tablet,Automotive ,Alpha Traders,China Hub,10-12-2023,17-12-2023,21-12-2023,Air,North America,491,71.52,139.23,35116.32,205.88,175,19,Cancelled,Late
10135,P592,Sofa,Electronics ,Alpha Traders,USA Warehouse,10-18-2024,23-10-2024,29-10-2024,Truck,North America,427,353.39,688.39,150897.53,471.03,773,11,Cancelled,On-Time
10331,P304,Car Battery,Automotive,Prime Wholesale, China Hub,12-07-2024,18-07-2024,02-08-2024,Express,EUROPE,450,273.94,$510.35,123273,1865.08,42,9,Cancelled,On-Time
10440,P460,Engine Oil,Automotive,Orion Manufacturing, China Hub,09-02-2023,14-02-2023,19-02-2023,Truck, north america,208,458.41,906.27 USD,95349.28,1046.61,323,-2,Delayed,Late
10406,P431,Dining Table,Furniture,Vertex Distributors,India DC,08-03-2024,10-03-2024,18-03-2024,Truck, north america,468,479.2,708.93,224265.6,1376.58,759,2,Returned,On-Time
10043,P796,Sofa,Furniture,Orion Manufacturing,USA Warehouse,04-29-2024,06-05-2024,12-05-2024,Air,EUROPE,25,21.42,$37.19,535.5,313.8,542,14,Delayed,On-Time
10494,P368,Frozen Pizza,apparel,Vertex Distributors,China Hub,05-04-2024,10-04-2024,13-04-2024,Sea,Europe,325,119.77,150.34 USD,38925.25,490.75,730,14,Cancelled,Late
10180,P511,Smartphone,Furniture,Alpha Traders,India DC,07-26-2023,02-08-2023,11-08-2023,Truck, north america,221,65.98,96.63,14581.58,1616.87,293,3,Delayed,On-Time
10489,P978,Car Battery,Furniture,NextGen Supplies,Brazil Hub,27-04-2023,29-04-2023,05-05-2023,Truck,South America,16,271.61,$403.21,4345.76,1891.93,546,3,Shipped,On-Time
10067,P877,LED TV,Electronics ,Vertex Distributors,USA warehouse,02-04-2024,,,Air,North America,100,373.43,559.95 USD,37343,118.86,681,16,Delayed,Late
10349,P948,Jeans,apparel,Vertex Distributors,China Hub,04-11-2023,13-04-2023,26-04-2023,Air,North America,282,280.73,476.47,79165.86,1981.53,500,3,Shipped,On-Time
10054,P626,Chocolate,Apparel,Delta Exporters,India DC,04-03-2023,05-03-2023,12-03-2023,Truck,Asia,359,132.34,$177.38,47510.06,586.69,679,6,Delayed,On-Time
10027,P307,Jacket,apparel,Global Tech Ltd,China Hub,07-12-2023,12-12-2023,24-12-2023,Express,North America,282,189.7,328.8,53495.4,103.16,388,11,Returned,Late
10284,P730,Laptop,electronics,Alpha Traders,Brazil Hub,08-08-2024,14-08-2024,21-08-2024,Express,Asia,109,90.67,142.9,9883.03,722.26,-18,5,Returned,Late
10227,P551,Sneakers,Electronics ,NextGen Supplies,Brazil Hub,23-10-2023,27-10-2023,02-11-2023,Express,EUROPE,135,15.12,20.51,2041.2,288.5,878,16,Delayed,Late
10375,P873,Engine Oil,Electronics,Prime Wholesale,Germany Warehouse,12-01-2024,19-01-2024,02-02-2024,Truck,Asia,54,68.78,$131.24,3714.12,301.9,277,2,Shipped,Late
10332,P999,Laptop,apparel,Global Tech Ltd,Brazil Hub,16-05-2024,,,Express,EUROPE,267,172.27,$210.34,45996.09,1738.88,811,-1,Returned,Late
10296,P646,Jeans,Food,NextGen Supplies,China Hub,10-10-2023,17-10-2023,20-10-2023,Express,Europe,323,444.77,770.1 USD,143660.71,396.5,861,16,Shipped,On-Time
10481,P608,Jeans,Apparel,Vertex Distributors,India DC,22-11-2024,24-11-2024,01-12-2024,Air,Asia,115,295.89,436.07,34027.35,1252.67,273,2,Delayed,On-Time
10434,P124,Smartphone,Food,Orion Manufacturing,USA Warehouse,19-05-2024,25-05-2024,01-06-2024,Sea, north america,289,245.47,$421.04,70940.83,1127.48,502,9,Shipped,Late
10240,P724,Chocolate,Electronics,Alpha Traders,USA Warehouse,04-08-2024,11-04-2024,19-04-2024,Truck,South America,263,240.2,470.17,63172.6,1174.83,797,-1,Cancelled,Late
10139,P500,Jacket,electronics,Vertex Distributors,Brazil Hub,17-08-2023,,,Air,EUROPE,396,300.4,344.58 USD,118958.4,485.19,44,5,Delayed,Late
10130,P818,Office Chair,Food,Global Tech Ltd,USA warehouse,05-01-2024,06-05-2024,10-05-2024,Sea,Asia,314,415.89,620.29,130589.46,1186.99,694,18,Returned,Late
10169,P317,Laptop,Apparel,Prime Wholesale,Brazil Hub,19-01-2023,20-01-2023,28-01-2023,Sea,EUROPE,447,341.63,634.07 USD,152708.61,1655.83,481,-2,Shipped,Late
10073,P604,Tablet,Food,Global Tech Ltd,USA warehouse,07-12-2023,,,Sea,North America,396,347.65,602.45 USD,137669.4,749.14,747,19,Delayed,On-Time
10263,P522,Headphones,apparel,Alpha Traders,Germany Warehouse,14-02-2024,19-02-2024,29-02-2024,Air,North America,40,138.9,241.78 USD,5556,198.26,-12,16,Shipped,Late
10184,P291,Office Chair,Food,Vertex Distributors, China Hub,31-08-2024,07-09-2024,11-09-2024,Air,Asia,344,260.41,384.45,89581.04,5.28,84,0,Shipped,On-Time
10340,P478,Jeans,apparel,Vertex Distributors,India DC,07-04-2024,12-04-2024,20-04-2024,Air,EUROPE,468,438.71,$784.54,205316.28,1743.83,964,-3,Returned,Late
10010,P904,T-shirt,Automotive ,Global Tech Ltd,Brazil Hub,31-01-2023,06-02-2023,13-02-2023,Sea, north america,174,17.38,33.06,3024.12,103.37,309,1,Delayed,Late
10211,P910,Smartphone,Electronics ,Global Tech Ltd,Germany Warehouse,28-11-2024,01-12-2024,03-12-2024,Air,Asia,207,279.86,377.77,57931.02,374.4,304,11,Returned,On-Time
10414,P337,Headphones,Food,Prime Wholesale, China Hub,18-09-2023,21-09-2023,04-10-2023,Sea, north america,32,446.69,620.83,14294.08,1547.67,750,15,Cancelled,Late
10103,P250,Sneakers,Apparel,Delta Exporters,Brazil Hub,23-03-2023,29-03-2023,04-04-2023,Express,North America,462,58.21,81.19,26893.02,1837.15,777,17,Shipped,Late
10036,P867,T-shirt,apparel,Global Tech Ltd,Brazil Hub,15-11-2024,18-11-2024,22-11-2024,Sea,Asia,142,416.27,513.89 USD,59110.34,218.07,235,13,Cancelled,Late
10359,P496,Brake Pads,Furniture,Global Tech Ltd, China Hub,08-03-2023,12-03-2023,27-03-2023,Express,North America,110,384.96,694.17,42345.6,1662.74,261,19,Cancelled,Late
10464,P705,Sofa,Automotive,Alpha Traders,USA Warehouse,05-03-2023,,,Sea,Asia,125,386.75,530.63 USD,48343.75,1807.33,476,5,Delayed,Late
10007,P907,Engine Oil,electronics,NextGen Supplies,China Hub,09-09-2024,12-09-2024,14-09-2024,Truck, north america,41,484.57,$966.48,19867.37,1730.89,932,2,Cancelled,Late
10028,P787,Jeans,Furniture,Delta Exporters,USA warehouse,22-02-2024,23-02-2024,26-02-2024,Express,South America,71,430.15,$533.06,30540.65,603.92,386,19,Cancelled,Late
10278,P972,Jacket,Automotive ,Alpha Traders,China Hub,04-09-2024,07-09-2024,09-09-2024,Express,South America,70,51.91,66.31,3633.7,404.86,33,18,Returned,Late
10480,P912,Dining Table,electronics,Global Tech Ltd,China Hub,03-04-2023,,,Air,North America,102,36.96,66.64 USD,3769.92,1123.85,917,0,Returned,Late
10374,P475,Office Chair,Automotive,Global Tech Ltd,Brazil Hub,18-06-2024,22-06-2024,24-06-2024,Air,South America,440,282.32,507.61 USD,124220.8,1430.04,311,-1,Delayed,Late
10371,P509,Dining Table,electronics,Vertex Distributors,USA Warehouse,20-01-2023,27-01-2023,29-01-2023,Sea,North America,118,67.75,$133.77,7994.5,833.72,28,6,Delayed,Late
10355,P201,Chocolate,electronics,Orion Manufacturing,USA warehouse,28-11-2024,01-12-2024,09-12-2024,Air, north america,112,304.58,$399.86,34112.96,355.37,340,4,Delayed,On-Time
10203,P171,Sofa,Food,Vertex Distributors, China Hub,06-11-2024,15-06-2024,18-06-2024,Sea,EUROPE,460,489.66,806.74,225243.6,1955.58,794,8,Delayed,On-Time
10029,P530,Sneakers,electronics,NextGen Supplies,Germany Warehouse,04-04-2023,05-04-2023,16-04-2023,Sea,Asia,78,193.72,215.35,15110.16,1015.14,97,1,Returned,Late
10450,P438,Smartphone,Apparel,Vertex Distributors,Germany Warehouse,29-01-2023,03-02-2023,16-02-2023,Express,South America,126,211.72,391.19 USD,26676.72,18921.1,46,5,Cancelled,On-Time
10094,P255,Sneakers,Electronics ,Vertex Distributors,China Hub,28-10-2023,04-11-2023,12-11-2023,Air,South America,232,370.08,$624.69,85858.56,1850.04,233,8,Delayed,On-Time
10260,P853,Tablet,Apparel,Orion Manufacturing, China Hub,12-11-2023,16-12-2023,31-12-2023,Truck, north america,97,203.89,$367.07,19777.33,1378.52,399,3,Returned,On-Time
10483,P595,Jeans,Food,Orion Manufacturing,China Hub,18-05-2023,21-05-2023,27-05-2023,Air,Asia,185,421.99,590.04,78068.15,70.48,713,1,Shipped,On-Time
10313,P156,Jacket,Automotive ,NextGen Supplies,Germany Warehouse,04-08-2024,09-08-2024,21-08-2024,Truck,South America,39,323.63,357.84 USD,12621.57,761.16,244,3,Shipped,Late
10089,P239,T-shirt,Apparel,Delta Exporters,Germany Warehouse,02-04-2024,10-02-2024,19-02-2024,Truck,South America,158,66.48,$101.65,10503.84,1867.94,-14,12,Shipped,On-Time
10398,P955,Laptop,Automotive,Orion Manufacturing,China Hub,05-11-2023,07-11-2023,15-11-2023,Truck,South America,44,414.41,735.09,18234.04,1447.13,123,2,Cancelled,Late
10166,P886,Laptop,Apparel,Delta Exporters, China Hub,02-14-2023,19-02-2023,21-02-2023,Express,Asia,297,118.77,161.62,35274.69,304.8,823,17,Delayed,Late
10130,P535,T-shirt,Automotive,Global Tech Ltd,Germany Warehouse,27-09-2023,01-10-2023,04-10-2023,Sea,South America,155,404.92,555.21,62762.6,1733.12,309,10,Delayed,On-Time
10286,P904,Brake Pads,Apparel,Orion Manufacturing,Brazil Hub,25-06-2024,27-06-2024,12-07-2024,Sea,Asia,291,126.93,251.79,36936.63,247.02,54,15,Returned,Late
10005,P579,Laptop,apparel,Global Tech Ltd,Germany Warehouse,23-01-2024,,,Air,North America,230,49.4,54.99,11362,993.46,887,6,Shipped,On-Time
10384,P588,Smartphone,Automotive,NextGen Supplies,USA Warehouse,18-09-2023,25-09-2023,30-09-2023,Express,Asia,454,92.37,149.1,41935.98,1384.01,531,15,Cancelled,Late
10147,P396,Dining Table,electronics,Alpha Traders,China Hub,06-07-2023,10-07-2023,17-07-2023,Sea,North America,265,348.11,669.62,92249.15,1175.55,539,12,Cancelled,On-Time
10376,P690,Laptop,Electronics,Vertex Distributors,Brazil Hub,02-05-2024,05-05-2024,08-05-2024,Air,Asia,61,59.58,$96.55,3634.38,959.33,452,8,Cancelled,Late
10489,P200,Frozen Pizza,electronics,Alpha Traders,China Hub,10-12-2024,15-10-2024,18-10-2024,Sea,Asia,183,364.31,641.36,66668.73,595.51,296,3,Delayed,Late
10344,P558,Frozen Pizza,Automotive,Delta Exporters,China Hub,15-11-2024,,,Express,Asia,199,321.59,$528.82,63996.41,375.42,528,3,Cancelled,On-Time
10295,P250,Jeans,Apparel,Orion Manufacturing,USA Warehouse,14-03-2024,18-03-2024,23-03-2024,Truck,South America,254,378.83,571.78,96222.82,653.96,896,-3,Returned,On-Time
10016,P193,Sofa,Apparel,NextGen Supplies,Brazil Hub,03-15-2024,17-03-2024,19-03-2024,Truck,Europe,102,140.16,240.24 USD,14296.32,312.13,276,12,Shipped,On-Time
10297,P892,Chocolate,Food,Alpha Traders,USA warehouse,12-12-2023,16-12-2023,31-12-2023,Sea,North America,56,158.48,$279.69,8874.88,1871.25,917,4,Shipped,On-Time
10464,P214,Brake Pads,electronics,Alpha Traders,USA warehouse,05-24-2023,26-05-2023,04-06-2023,Sea, north america,227,91.57,163.92 USD,20786.39,1585.13,293,18,Shipped,Late
10241,P771,Tablet,electronics,Orion Manufacturing,USA warehouse,15-04-2023,18-04-2023,30-04-2023,Truck,North America,149,53.48,86.24,7968.52,1539.76,444,0,Delayed,Late
10250,P515,Headphones,Furniture,Alpha Traders,Germany Warehouse,14-06-2024,21-06-2024,05-07-2024,Sea, north america,167,473.73,876.52,79112.91,356.24,902,-2,Returned,On-Time
10267,P530,Dining Table,electronics,NextGen Supplies,Germany Warehouse,23-05-2024,29-05-2024,08-06-2024,Sea,Asia,364,401.22,461.31,146044.08,1281.54,591,14,Shipped,On-Time
10272,P578,Headphones,Automotive ,Orion Manufacturing, China Hub,24-03-2023,30-03-2023,08-04-2023,Sea,EUROPE,303,29.29,41.38,8874.87,1272.3,133,2,Returned,On-Time
10140,P335,Laptop,Automotive ,Prime Wholesale,China Hub,12-09-2023,18-09-2023,30-09-2023,Express, north america,216,485.83,$609.31,104939.28,357.7,-37,4,Returned,Late
10069,P173,Engine Oil,Apparel,Vertex Distributors,India DC,06-08-2024,12-08-2024,26-08-2024,Truck,South America,380,67.2,83.86,25536,1954.7,665,8,Delayed,Late
10306,P529,Dining Table,Electronics ,Vertex Distributors,India DC,06-17-2023,18-06-2023,28-06-2023,Sea, north america,153,336.48,593.1,51481.44,1228.63,267,-3,Cancelled,On-Time
10039,P133,Engine Oil,apparel,Vertex Distributors,China Hub,11-06-2023,15-06-2023,23-06-2023,Express,Asia,444,336.63,391.51 USD,149463.72,1654.49,857,20,Cancelled,On-Time
10032,P638,Tablet,Automotive,Orion Manufacturing,USA Warehouse,02-02-2023,06-02-2023,20-02-2023,Truck,Asia,416,229.88,275.08,95630.08,1368.78,523,17,Cancelled,Late
10499,P609,Jacket,Furniture,Vertex Distributors,Germany Warehouse,30-07-2024,05-08-2024,15-08-2024,Express,North America,495,160.51,297.78 USD,79452.45,108.58,92,13,Shipped,Late
10130,P325,Car Battery,Apparel,Alpha Traders,USA Warehouse,03-04-2023,09-04-2023,21-04-2023,Truck,Asia,216,119.67,162.39 USD,25848.72,11.23,919,16,Returned,Late
10003,P932,Sneakers,electronics,Vertex Distributors,USA warehouse,12-11-2023,15-12-2023,23-12-2023,Express,Asia,99,473.67,$851.87,46893.33,120.17,417,8,Returned,Late
10029,P732,Headphones,Furniture,Global Tech Ltd,India DC,15-06-2023,19-06-2023,24-06-2023,Sea,Asia,270,59.59,73.71,16089.3,908.78,740,20,Delayed,On-Time
10445,P974,LED TV,Apparel,NextGen Supplies,Germany Warehouse,12-04-2024,18-04-2024,24-04-2024,Air,South America,140,359.83,534.14,50376.2,1375.66,131,13,Cancelled,On-Time
10373,P121,Chocolate,Automotive ,Orion Manufacturing,USA Warehouse,11-19-2024,23-11-2024,28-11-2024,Truck, north america,375,477.12,547.63,178920,1112.72,767,2,Returned,Late
10073,P270,Jacket,Electronics,Vertex Distributors,India DC,04-01-2023,,,Sea,Asia,351,496.11,$777.28,174134.61,512.77,415,9,Delayed,Late
10083,P367,Brake Pads,Furniture,Alpha Traders,USA warehouse,11-01-2023,07-11-2023,17-11-2023,Express,Europe,204,103.06,143.65,21024.24,1349,417,19,Shipped,Late
10261,P984,Dining Table,Furniture,Alpha Traders, China Hub,06-05-2024,07-05-2024,14-05-2024,Truck,South America,22,406.23,568.45 USD,8937.06,96.79,132,3,Shipped,Late
10022,P369,Tablet,Electronics ,Global Tech Ltd,Brazil Hub,07-17-2023,20-07-2023,28-07-2023,Air,North America,290,473.97,571.29,137451.3,14686,863,19,Cancelled,Late
10467,P976,LED TV,electronics,Prime Wholesale, China Hub,05-06-2023,12-05-2023,14-05-2023,Truck,North America,214,135.48,220.71,28992.72,1457.83,394,-2,Delayed,Late
10224,P264,Sofa,Apparel,Alpha Traders,Brazil Hub,07-12-2023,12-12-2023,14-12-2023,Sea,Asia,110,448.4,779.12,49324,175.55,-33,-1,Returned,On-Time
10033,P129,Dining Table,Food,Prime Wholesale,India DC,14-04-2024,21-04-2024,06-05-2024,Sea, north america,323,486.06,950.21,156997.38,1832.48,473,3,Delayed,On-Time
10236,P354,Sneakers,Electronics,Global Tech Ltd, China Hub,05-19-2023,22-05-2023,31-05-2023,Air,Europe,40,468.44,714.58,18737.6,553,464,4,Shipped,Late
10091,P971,Brake Pads,Electronics,Vertex Distributors,India DC,07-08-2024,13-08-2024,25-08-2024,Air,North America,496,46.65,54.52 USD,23138.4,1647.84,-46,6,Shipped,Late
10369,P632,Tablet,Food,Alpha Traders,China Hub,07-05-2024,10-05-2024,20-05-2024,Express,South America,393,303.64,$544.72,119330.52,560.19,811,4,Cancelled,On-Time
10452,P299,Office Chair,electronics,Orion Manufacturing,Brazil Hub,16-04-2023,20-04-2023,30-04-2023,Sea,Europe,35,496.4,$919.65,17374,1475.23,145,6,Cancelled,Late
10383,P174,Laptop,Apparel,NextGen Supplies, China Hub,12-07-2023,,,Air,Asia,492,426.4,819.93,209788.8,1961.1,350,3,Shipped,Late
10382,P931,LED TV,Electronics ,Prime Wholesale, China Hub,02-14-2023,15-02-2023,27-02-2023,Sea,Europe,388,286.97,414.3 USD,111344.36,384.6,905,-2,Cancelled,On-Time
10225,P898,Dining Table,Furniture,Prime Wholesale,India DC,15-08-2023,20-08-2023,30-08-2023,Air,Europe,466,133.04,166.14,61996.64,875.41,947,3,Returned,On-Time
10072,P220,Jeans,Electronics,Delta Exporters, China Hub,07-02-2023,09-02-2023,17-02-2023,Air,South America,466,150.71,$185.03,70230.86,82.81,980,18,Returned,Late
10106,P828,Chocolate,Furniture,Delta Exporters,Brazil Hub,02-08-2023,09-08-2023,12-08-2023,Truck,North America,332,215.28,302.2,71472.96,443.54,491,0,Returned,On-Time
10499,P154,Sneakers,apparel,Prime Wholesale, China Hub,18-03-2023,23-03-2023,31-03-2023,Air,Europe,367,94.18,106.8 USD,34564.06,1037.32,26,4,Cancelled,Late
10227,P572,Brake Pads,Food,Vertex Distributors,China Hub,02-13-2024,14-02-2024,27-02-2024,Air, north america,254,285.81,455.37,72595.74,739.87,144,4,Returned,On-Time
10304,P475,Engine Oil,electronics,Alpha Traders,Brazil Hub,29-11-2023,05-12-2023,12-12-2023,Sea,South America,302,258.96,302.09,78205.92,1200.74,442,5,Shipped,Late
10458,P936,Jeans,Automotive ,Delta Exporters,Germany Warehouse,28-07-2023,,,Express,South America,313,47.95,78.91,15008.35,718.62,323,-1,Delayed,On-Time
10010,P432,Sneakers,apparel,Orion Manufacturing,India DC,15-01-2024,19-01-2024,24-01-2024,Express,Europe,462,461.62,916.95 USD,213268.44,408.65,223,13,Shipped,On-Time
10430,P491,T-shirt,Electronics,NextGen Supplies,USA warehouse,11-03-2023,,,Air,Asia,478,357.9,$577.41,171076.2,1286.52,976,16,Delayed,On-Time
10109,P890,Jeans,electronics,Alpha Traders,USA Warehouse,06-07-2024,09-06-2024,20-06-2024,Air,Europe,85,238.44,345.85,20267.4,1025,639,3,Returned,Late
10110,P597,LED TV,electronics,Global Tech Ltd,China Hub,30-01-2023,31-01-2023,03-02-2023,Air,Asia,172,345.82,555.99,59481.04,341.3,-28,8,Delayed,On-Time
10008,P637,Sofa,Automotive ,Global Tech Ltd, China Hub,19-06-2023,23-06-2023,03-07-2023,Express,Europe,379,68.34,$122.09,25900.86,484.69,671,14,Returned,On-Time
10010,P666,Office Chair,Food,Prime Wholesale,USA warehouse,17-01-2023,23-01-2023,04-02-2023,Express,South America,17,462.39,879.37,7860.63,971.13,486,18,Shipped,On-Time
10385,P497,Brake Pads,apparel,Delta Exporters,Germany Warehouse,11-17-2024,22-11-2024,25-11-2024,Sea,Asia,60,371.53,689.09,22291.8,834.34,461,20,Returned,Late
10155,P317,Office Chair,Automotive ,NextGen Supplies,Germany Warehouse,11-21-2024,28-11-2024,12-12-2024,Truck,South America,19,70.78,90.65,1344.82,1316.54,323,10,Returned,Late
10190,P234,Headphones,Apparel,NextGen Supplies,USA warehouse,02-06-2023,05-06-2023,20-06-2023,Air,Asia,44,455.94,666.04,20061.36,910.81,577,12,Delayed,Late
10385,P993,Chocolate,Furniture,Prime Wholesale,Germany Warehouse,12-10-2024,14-10-2024,28-10-2024,Sea,South America,101,139,242.8,14039,340.76,258,7,Returned,Late
10374,P999,Sofa,Food,Prime Wholesale,Brazil Hub,01-08-2024,07-08-2024,22-08-2024,Sea, north america,162,458.43,$849.75,74265.66,609.7,618,5,Shipped,Late
10063,P775,Frozen Pizza,Automotive ,Delta Exporters,USA warehouse,26-02-2024,01-03-2024,10-03-2024,Express,Europe,145,115.67,195.69,16772.15,1065.54,534,15,Shipped,Late
10357,P140,Dining Table,Food,Prime Wholesale,USA warehouse,11-29-2023,,,Truck,Asia,380,255.18,313.37 USD,96968.4,482.44,190,18,Returned,Late
10078,P828,Sofa,Furniture,Global Tech Ltd,USA warehouse,04-23-2023,28-04-2023,06-05-2023,Sea,North America,36,10.14,$18.63,365.04,353.12,725,13,Returned,On-Time
10483,P837,Sneakers,apparel,NextGen Supplies,Germany Warehouse,01-30-2023,04-02-2023,06-02-2023,Air, north america,71,302.15,561.43 USD,21452.65,1000.85,343,11,Cancelled,Late
10323,P780,Engine Oil,Automotive ,Alpha Traders,USA warehouse,08-12-2023,15-12-2023,28-12-2023,Sea,Europe,234,222.33,252.45 USD,52025.22,1818.68,340,2,Shipped,On-Time
10325,P332,Headphones,electronics,Vertex Distributors,USA warehouse,07-10-2024,17-07-2024,23-07-2024,Truck, north america,295,49.93,90.54,14729.35,60.41,288,-1,Shipped,Late
10037,P468,Frozen Pizza,Furniture,Delta Exporters,USA Warehouse,18-07-2024,22-07-2024,02-08-2024,Truck,EUROPE,238,403.88,$588.04,96123.44,986.76,169,12,Cancelled,Late
10084,P185,Dining Table,Food,Delta Exporters,Brazil Hub,17-04-2024,21-04-2024,03-05-2024,Air,Europe,361,61.89,76.3,22342.29,1656.91,706,1,Shipped,Late
10223,P851,Brake Pads,Automotive,Delta Exporters,USA Warehouse,29-01-2024,04-02-2024,07-02-2024,Express,Europe,190,197.23,$300.5,37473.7,342.86,19,8,Returned,On-Time
10148,P439,Sneakers,Furniture,Delta Exporters,China Hub,09-10-2023,12-10-2023,20-10-2023,Sea,North America,361,61.69,92.44,22270.09,975.34,608,-1,Shipped,Late
10002,P675,Jacket,Automotive,Vertex Distributors,Germany Warehouse,10-06-2024,,,Express,South America,178,440.24,$729.6,78362.72,1008.24,300,16,Delayed,On-Time
10127,P740,Office Chair,Automotive,Vertex Distributors,China Hub,03-03-2024,07-03-2024,12-03-2024,Sea,Europe,251,35.23,70.19,8842.73,1688.41,82,10,Delayed,On-Time
10432,P239,Dining Table,Electronics,Delta Exporters,India DC,10-11-2024,18-10-2024,28-10-2024,Sea,South America,23,398.68,489.6,9169.64,992.26,88,17,Cancelled,On-Time
10265,P444,Office Chair,Electronics,Vertex Distributors,Germany Warehouse,11-03-2023,18-03-2023,02-04-2023,Air, north america,290,213.44,249.91,61897.6,1669.79,486,-2,Delayed,On-Time
10495,P153,T-shirt,Electronics,Delta Exporters,China Hub,09-14-2024,16-09-2024,19-09-2024,Air, north america,462,360.6,592.75,166597.2,901.04,-48,2,Cancelled,Late
10451,P149,Frozen Pizza,apparel,Orion Manufacturing,India DC,20-10-2024,23-10-2024,07-11-2024,Express, north america,101,39.53,65.27,3992.53,116.98,350,14,Returned,On-Time
10351,P121,Frozen Pizza,Automotive,Orion Manufacturing,India DC,05-31-2023,04-06-2023,15-06-2023,Air, north america,242,439.51,$843.1,106361.42,1229.3,772,15,Returned,Late
10484,P990,LED TV,Automotive ,Vertex Distributors, China Hub,11-02-2023,17-02-2023,25-02-2023,Express,EUROPE,136,97.4,185.54 USD,13246.4,147.93,461,14,Returned,Late
10197,P547,Engine Oil,Food,Global Tech Ltd, China Hub,13-05-2024,14-05-2024,21-05-2024,Sea,Asia,257,22.45,31.4 USD,5769.65,1323.81,259,3,Returned,On-Time
10295,P235,Chocolate,Automotive ,NextGen Supplies, China Hub,10-04-2024,,,Express,North America,279,63.29,$77.4,17657.91,1478.34,437,0,Shipped,Late
10305,P108,Sofa,Food,Orion Manufacturing,USA Warehouse,05-17-2024,21-05-2024,23-05-2024,Truck, north america,252,123.1,237.78,31021.2,101.17,459,-3,Cancelled,On-Time
10070,P719,Smartphone,Food,NextGen Supplies,USA Warehouse,18-02-2024,25-02-2024,07-03-2024,Express,EUROPE,453,162.08,261.35,73422.24,897.17,386,2,Returned,Late
10025,P374,Jacket,Automotive,Global Tech Ltd,India DC,12-03-2023,13-03-2023,16-03-2023,Sea,North America,372,57.36,95.43,21337.92,53.52,544,15,Delayed,Late
10091,P117,Dining Table,Electronics ,Delta Exporters,USA Warehouse,09-03-2024,15-03-2024,24-03-2024,Sea,North America,20,205.64,383.97,4112.8,1503.79,96,18,Cancelled,Late
10034,P813,T-shirt,Apparel,Global Tech Ltd,USA warehouse,30-12-2023,31-12-2023,03-01-2024,Express,North America,333,337.97,551.02,112544.01,110.54,921,12,Shipped,On-Time
10290,P697,Brake Pads,Apparel,Alpha Traders,USA Warehouse,08-08-2024,09-08-2024,21-08-2024,Air, north america,135,300.96,485.86,40629.6,349.11,700,11,Delayed,On-Time
10354,P211,Laptop,apparel,Vertex Distributors, China Hub,01-12-2023,16-01-2023,20-01-2023,Express,South America,157,32.14,$62.7,5045.98,17774.9,719,4,Returned,Late
10184,P941,Jeans,Automotive ,Alpha Traders,India DC,02-10-2024,09-10-2024,16-10-2024,Sea,North America,61,134.6,$242.92,8210.6,1900.6,712,1,Cancelled,On-Time
10042,P433,Jeans,electronics,Orion Manufacturing,China Hub,09-06-2023,12-09-2023,23-09-2023,Air,North America,445,450.61,$799.48,200521.45,1301.87,150,6,Returned,Late
10294,P356,Headphones,Furniture,Vertex Distributors,India DC,09-02-2024,11-02-2024,18-02-2024,Sea,North America,22,118.33,218.13,2603.26,466.36,382,3,Shipped,Late
10252,P656,Engine Oil,Furniture,NextGen Supplies,Germany Warehouse,11-22-2023,,,Truck, north america,468,83.59,$102.15,39120.12,85.23,563,10,Returned,On-Time
10479,P193,Tablet,Electronics,Delta Exporters, China Hub,06-01-2023,13-01-2023,27-01-2023,Truck,Europe,236,468.99,732.72,110681.64,590.56,478,9,Returned,Late
10349,P343,Engine Oil,Automotive ,Orion Manufacturing,India DC,10-03-2023,04-10-2023,16-10-2023,Express,EUROPE,296,462.55,570.7,136914.8,281.15,46,19,Shipped,On-Time
10348,P417,Tablet,apparel,NextGen Supplies,India DC,15-02-2023,16-02-2023,18-02-2023,Express, north america,119,499.86,735.71,59483.34,19567.5,915,13,Returned,On-Time
10424,P783,Laptop,apparel,Prime Wholesale, China Hub,26-03-2023,02-04-2023,08-04-2023,Express,North America,37,453.1,682.42,16764.7,1377.79,665,2,Cancelled,On-Time
10213,P963,Headphones,Automotive,Global Tech Ltd,USA warehouse,19-07-2023,23-07-2023,30-07-2023,Air,EUROPE,208,445.68,$686.12,92701.44,1959.92,541,15,Cancelled,On-Time
10298,P171,Frozen Pizza,Electronics,Vertex Distributors,USA Warehouse,15-04-2023,18-04-2023,22-04-2023,Express,EUROPE,257,285.95,$488.99,73489.15,856.61,16,-3,Shipped,On-Time
10098,P371,Headphones,Automotive ,Delta Exporters,Brazil Hub,20-09-2024,24-09-2024,26-09-2024,Sea,North America,162,274.53,$471.24,44473.86,1511.69,8,6,Shipped,Late
10238,P766,Tablet,Electronics,Delta Exporters, China Hub,16-07-2024,23-07-2024,26-07-2024,Air,Asia,345,301.89,550.46 USD,104152.05,1872.34,378,1,Delayed,Late
10340,P929,Office Chair,Furniture,Global Tech Ltd,USA warehouse,31-01-2023,03-02-2023,18-02-2023,Express, north america,15,372.38,429.27,5585.7,1555.3,485,20,Cancelled,On-Time
10235,P572,Car Battery,apparel,Alpha Traders,USA Warehouse,04-10-2023,14-04-2023,29-04-2023,Express,EUROPE,88,140.06,178.81 USD,12325.28,1671.94,537,3,Delayed,Late
10139,P442,Sneakers,Electronics ,Delta Exporters,Brazil Hub,26-04-2023,29-04-2023,01-05-2023,Sea, north america,449,330.53,534.62,148407.97,1848.69,659,5,Cancelled,Late
10049,P953,Engine Oil,Automotive ,Prime Wholesale,China Hub,21-04-2023,23-04-2023,04-05-2023,Truck,EUROPE,305,246.67,369.78,75234.35,1641.79,13,16,Shipped,On-Time
10491,P276,Headphones,Automotive,NextGen Supplies,USA Warehouse,17-09-2024,22-09-2024,24-09-2024,Sea,South America,176,240.46,336.12,42320.96,1321.28,232,19,Shipped,Late
10431,P164,Jeans,Electronics ,Vertex Distributors,China Hub,15-12-2023,22-12-2023,30-12-2023,Air,Europe,297,29.8,36.66,8850.6,57.08,950,9,Cancelled,Late
10458,P382,Brake Pads,Food,Prime Wholesale,Brazil Hub,04-11-2024,,,Truck,EUROPE,119,329.91,628.14 USD,39259.29,761.13,437,3,Cancelled,On-Time
10430,P558,Sofa,Electronics ,Global Tech Ltd,China Hub,10-18-2023,23-10-2023,06-11-2023,Truck,North America,188,488.98,681.64 USD,91928.24,1809.15,798,1,Returned,On-Time
10321,P578,Frozen Pizza,Food,Prime Wholesale, China Hub,21-06-2024,24-06-2024,29-06-2024,Truck,North America,312,449.8,$833.62,140337.6,1492.77,260,-3,Cancelled,Late
10272,P105,Sneakers,Automotive,Alpha Traders,Brazil Hub,12-02-2024,13-02-2024,24-02-2024,Sea,North America,178,155.03,259.21,27595.34,1451.26,427,15,Delayed,Late
10177,P726,Jacket,Apparel,NextGen Supplies, China Hub,07-04-2024,,,Air, north america,215,355.37,646.17,76404.55,171.17,429,2,Delayed,On-Time
10285,P902,Car Battery,Electronics,Vertex Distributors,India DC,06-02-2023,,,Truck, north america,420,242.36,336.49,101791.2,133.75,774,17,Cancelled,Late
10289,P533,Dining Table,Furniture,Global Tech Ltd,Germany Warehouse,13-05-2024,,,Truck,South America,33,70.33,101.69,2320.89,1156.98,804,0,Cancelled,On-Time
10449,P135,Car Battery,electronics,Alpha Traders,USA warehouse,17-10-2024,24-10-2024,31-10-2024,Sea,EUROPE,266,38.52,66.13 USD,10246.32,1561.87,38,18,Cancelled,Late
10460,P223,Car Battery,Automotive ,Alpha Traders, China Hub,01-25-2024,31-01-2024,14-02-2024,Truck, north america,333,76.09,114.51 USD,25337.97,709.25,509,3,Returned,Late
10219,P624,Headphones,Electronics,Global Tech Ltd,China Hub,05-08-2024,12-05-2024,24-05-2024,Truck,Europe,426,266.95,431.22 USD,113720.7,156.94,403,16,Delayed,On-Time
10384,P686,Sneakers,Furniture,Vertex Distributors,USA Warehouse,27-05-2023,03-06-2023,16-06-2023,Air,Europe,190,179.69,337.49,34141.1,1126.39,304,2,Delayed,On-Time
10327,P460,Jeans,Apparel,Alpha Traders,India DC,30-08-2023,06-09-2023,16-09-2023,Truck,EUROPE,266,208.45,261.26,55447.7,290.71,55,16,Delayed,Late
10346,P474,Dining Table,Electronics,Prime Wholesale,USA Warehouse,20-06-2023,27-06-2023,02-07-2023,Truck, north america,230,444.29,$874.81,102186.7,1663.88,604,0,Returned,Late
10456,P406,Sofa,Apparel,Vertex Distributors,Germany Warehouse,20-07-2024,,,Express,Europe,179,63.9,70.71,11438.1,1651.71,751,-2,Delayed,Late
10409,P665,LED TV,Automotive,NextGen Supplies,Brazil Hub,07-12-2024,16-07-2024,22-07-2024,Sea,Asia,82,125.01,$238.71,10250.82,223.72,721,9,Cancelled,Late
10350,P113,Jacket,apparel,Orion Manufacturing, China Hub,07-07-2024,11-07-2024,16-07-2024,Truck,Europe,79,30.03,38.93,2372.37,152.84,-35,-3,Shipped,Late
10331,P747,Jeans,Furniture,NextGen Supplies, China Hub,04-04-2024,08-04-2024,12-04-2024,Air, north america,265,162.91,$274.23,43171.15,1915.22,694,20,Shipped,Late
10014,P341,Car Battery,Food,NextGen Supplies,Germany Warehouse,04-23-2024,27-04-2024,30-04-2024,Express,South America,466,104.45,131.39,48673.7,1329.92,716,-3,Cancelled,On-Time
10237,P618,Headphones,Apparel,Vertex Distributors,USA warehouse,20-07-2023,24-07-2023,07-08-2023,Air,Asia,410,497.22,761.31,203860.2,1633.83,592,13,Delayed,Late
10176,P684,Sofa,Food,Prime Wholesale,USA Warehouse,01-04-2024,,,Air,Europe,319,129.07,197.04 USD,41173.33,1949.25,838,5,Shipped,Late
10020,P892,Jacket,Furniture,Vertex Distributors,Germany Warehouse,06-26-2023,27-06-2023,01-07-2023,Air,EUROPE,133,237.2,357.17 USD,31547.6,1996.63,311,10,Returned,On-Time
10438,P176,Sneakers,Electronics,NextGen Supplies,Brazil Hub,12-06-2023,09-12-2023,14-12-2023,Sea,South America,44,334.1,620.24 USD,14700.4,1134.53,-9,16,Shipped,Late
10193,P945,Smartphone,Furniture,NextGen Supplies,Brazil Hub,10-12-2024,14-10-2024,27-10-2024,Sea,North America,466,182.35,293.95,84975.1,1431.58,623,-2,Shipped,On-Time
10106,P690,Car Battery,apparel,Prime Wholesale,Germany Warehouse,20-12-2023,21-12-2023,26-12-2023,Truck,Asia,340,460.1,$791.45,156434,332.6,764,8,Cancelled,Late
10016,P244,Jeans,Automotive,Global Tech Ltd,Germany Warehouse,06-11-2024,09-11-2024,20-11-2024,Express,EUROPE,114,97.23,156.57,11084.22,599.74,434,5,Shipped,On-Time
10121,P338,Tablet,Electronics,Global Tech Ltd,USA warehouse,07-02-2024,10-02-2024,23-02-2024,Truck,Asia,49,12.71,18.03,622.79,1214.79,153,10,Delayed,On-Time
10195,P581,Chocolate,Electronics ,Global Tech Ltd,USA Warehouse,20-06-2024,27-06-2024,30-06-2024,Air,EUROPE,186,276.07,$456.56,51349.02,1129.64,35,19,Delayed,Late
10464,P987,Brake Pads,Electronics ,Global Tech Ltd,China Hub,07-03-2023,14-03-2023,28-03-2023,Air, north america,296,272.06,$429.04,80529.76,439.98,128,15,Shipped,On-Time
10306,P151,Car Battery,Automotive,Orion Manufacturing,Germany Warehouse,21-04-2023,25-04-2023,01-05-2023,Express, north america,24,440.51,778.55 USD,10572.24,61.03,964,-3,Delayed,On-Time
10474,P112,Office Chair,Automotive ,Orion Manufacturing,USA warehouse,02-17-2024,19-02-2024,01-03-2024,Express,Europe,193,345,563.25,66585,1118.55,976,20,Returned,Late
10168,P684,Smartphone,Food,Delta Exporters,USA Warehouse,10-12-2023,17-12-2023,29-12-2023,Express,EUROPE,165,262.61,502.47 USD,43330.65,893.26,674,1,Cancelled,On-Time
10322,P580,Jeans,Electronics ,Delta Exporters,Germany Warehouse,25-11-2024,01-12-2024,05-12-2024,Truck,Asia,334,194.23,379.2 USD,64872.82,1293.24,716,-2,Cancelled,Late
10239,P515,Laptop,electronics,Orion Manufacturing,Brazil Hub,06-15-2023,17-06-2023,23-06-2023,Truck, north america,468,316.07,470.26,147920.76,207.65,816,9,Returned,Late
10202,P114,Laptop,Automotive ,Alpha Traders,USA warehouse,28-10-2024,29-10-2024,13-11-2024,Air,EUROPE,162,398.72,$750.76,64592.64,6.22,923,2,Shipped,Late
10409,P995,Frozen Pizza,electronics,Prime Wholesale,India DC,22-05-2023,29-05-2023,11-06-2023,Express,South America,106,488.33,591.99,51762.98,738.77,253,4,Shipped,On-Time
10264,P385,Headphones,Automotive ,Vertex Distributors,Germany Warehouse,22-02-2023,26-02-2023,08-03-2023,Sea, north america,418,497.07,718.44 USD,207775.26,1126.53,39,1,Delayed,On-Time
10276,P724,LED TV,electronics,Prime Wholesale, China Hub,15-04-2023,17-04-2023,25-04-2023,Sea,Europe,165,65.13,$78.88,10746.45,1553.04,710,16,Delayed,Late
10158,P394,Tablet,Apparel,Vertex Distributors,China Hub,02-13-2024,17-02-2024,27-02-2024,Express,Asia,213,410.87,527.98 USD,87515.31,1057.51,662,2,Delayed,Late
10477,P733,Jeans,Apparel,NextGen Supplies,USA Warehouse,11-03-2024,,,Express,Europe,234,313.57,$358.41,73375.38,1160.48,587,1,Cancelled,On-Time
10167,P292,Sofa,Electronics ,NextGen Supplies,USA Warehouse,03-10-2024,08-10-2024,23-10-2024,Sea,Asia,199,138.29,190.22 USD,27519.71,364,-44,16,Shipped,Late
10283,P499,Headphones,Apparel,Orion Manufacturing,USA warehouse,02-17-2024,19-02-2024,25-02-2024,Sea,Asia,482,243.83,428.12 USD,117526.06,32.73,584,1,Delayed,On-Time
10414,P343,Sofa,Automotive ,NextGen Supplies,Germany Warehouse,01-04-2023,06-04-2023,16-04-2023,Sea, north america,37,472.83,544.11,17494.71,280.09,844,-3,Returned,Late
10390,P356,Laptop,Furniture,Alpha Traders,India DC,12-09-2024,18-09-2024,23-09-2024,Express, north america,353,466.98,$549.73,164843.94,687.43,330,14,Delayed,On-Time
10387,P826,Frozen Pizza,Automotive ,Alpha Traders,China Hub,03-24-2024,29-03-2024,05-04-2024,Sea,EUROPE,337,474.7,732.3,159973.9,1349.57,336,7,Returned,On-Time
10489,P375,Jacket,Food,Alpha Traders,China Hub,05-07-2024,08-07-2024,15-07-2024,Sea,Europe,114,406.67,734.58,46360.38,393.93,-10,-1,Delayed,Late
10458,P684,LED TV,Food,Vertex Distributors,USA Warehouse,09-10-2023,13-10-2023,21-10-2023,Express,EUROPE,373,191.69,$242.11,71500.37,1052.96,-16,14,Cancelled,On-Time
10202,P737,T-shirt,apparel,Vertex Distributors,China Hub,14-12-2023,16-12-2023,19-12-2023,Air,Europe,395,426.13,$698.56,168321.35,1550.88,111,-2,Shipped,On-Time
10379,P153,Smartphone,Furniture,Prime Wholesale,India DC,12-03-2023,15-03-2023,23-03-2023,Express,North America,404,181.16,$305.19,73188.64,1390.59,625,15,Cancelled,Late
10196,P249,Dining Table,Food,Delta Exporters,Brazil Hub,26-03-2023,30-03-2023,12-04-2023,Truck,EUROPE,2,33.81,38.91,67.62,118.49,251,8,Returned,On-Time
10107,P840,Smartphone,apparel,NextGen Supplies, China Hub,09-11-2024,15-09-2024,20-09-2024,Sea,EUROPE,494,205,$329.99,101270,722.3,804,20,Returned,On-Time
10250,P341,Headphones,Electronics,Alpha Traders, China Hub,15-03-2024,21-03-2024,31-03-2024,Truck,North America,437,302.36,426.52,132131.32,668.83,783,3,Shipped,Late
10238,P906,Chocolate,Electronics,NextGen Supplies,Brazil Hub,09-16-2023,23-09-2023,01-10-2023,Express,EUROPE,357,374.48,$458.25,133689.36,1617.61,102,20,Returned,Late
10141,P733,Headphones,Furniture,Delta Exporters,USA Warehouse,01-11-2024,,,Sea,EUROPE,159,147.41,283.13 USD,23438.19,1041.55,-27,5,Cancelled,Late
10023,P353,Engine Oil,Electronics,Delta Exporters,India DC,24-05-2023,,,Express,South America,438,435.46,625.69,190731.48,370.16,563,-3,Shipped,On-Time
10127,P715,Dining Table,Electronics ,Delta Exporters,USA warehouse,15-09-2023,18-09-2023,28-09-2023,Truck, north america,41,71.12,$103.92,2915.92,108.52,931,20,Shipped,On-Time
10272,P543,Dining Table,apparel,Global Tech Ltd,Germany Warehouse,20-01-2024,27-01-2024,11-02-2024,Truck,Europe,422,385.09,$444.55,162507.98,1505.52,779,1,Shipped,On-Time
10069,P453,Smartphone,Automotive,NextGen Supplies,USA Warehouse,25-10-2024,26-10-2024,29-10-2024,Air,Asia,361,478.74,725.1 USD,172825.14,1748.08,-10,4,Shipped,On-Time
10433,P336,Sneakers,Electronics,NextGen Supplies, China Hub,02-03-2024,,,Air,South America,183,89.58,$178.03,16393.14,1396.28,934,20,Cancelled,Late
10351,P678,Engine Oil,Apparel,Prime Wholesale,Germany Warehouse,21-10-2023,28-10-2023,02-11-2023,Air,Asia,392,70.82,131.02,27761.44,1042.11,700,2,Delayed,Late
10325,P859,Laptop,Electronics ,Vertex Distributors,USA warehouse,26-02-2023,04-03-2023,11-03-2023,Truck,Europe,282,393.8,554.53,111051.6,255.9,302,-2,Shipped,On-Time
10369,P820,Engine Oil,Electronics ,Prime Wholesale,China Hub,08-26-2024,30-08-2024,10-09-2024,Express,North America,75,304,$602.69,22800,669.96,-21,18,Cancelled,On-Time
10396,P755,Brake Pads,Apparel,Vertex Distributors,Brazil Hub,28-04-2024,03-05-2024,07-05-2024,Air,Europe,412,320.56,$504.12,132070.72,240.77,495,2,Cancelled,Late
10350,P552,Tablet,Electronics ,Global Tech Ltd,India DC,07-04-2024,,,Express, north america,153,178.17,289.11,27260.01,1497.92,270,18,Shipped,Late
10459,P547,Car Battery,Apparel,Prime Wholesale,India DC,11-03-2023,16-03-2023,30-03-2023,Sea,Europe,200,102.45,159.43 USD,20490,1510.82,207,4,Delayed,On-Time
10409,P773,Office Chair,Automotive,Orion Manufacturing,Brazil Hub,30-10-2024,04-11-2024,18-11-2024,Sea,EUROPE,86,39.01,72.27,3354.86,1689.24,149,7,Delayed,On-Time
10177,P605,Office Chair,electronics,Alpha Traders,India DC,18-09-2024,22-09-2024,02-10-2024,Air,South America,33,408.55,628.08,13482.15,1972.32,766,12,Shipped,On-Time
10095,P287,Office Chair,Food,Delta Exporters,India DC,11-27-2023,,,Air,North America,218,25.38,36.55 USD,5532.84,386.78,840,17,Cancelled,On-Time
10210,P986,Frozen Pizza,Electronics,Alpha Traders, China Hub,11-07-2023,13-07-2023,16-07-2023,Express,EUROPE,207,98.02,133.02 USD,20290.14,533.67,859,9,Delayed,On-Time
10007,P448,LED TV,Automotive ,Delta Exporters,China Hub,11-04-2023,,,Truck,North America,475,97.67,126.7,46393.25,1767.3,492,15,Cancelled,Late
10240,P352,Headphones,Electronics,Prime Wholesale,Germany Warehouse,30-04-2024,02-05-2024,15-05-2024,Air,North America,224,252.65,295.25,56593.6,1458.6,489,3,Returned,On-Time
10270,P539,Frozen Pizza,Automotive,Orion Manufacturing,USA warehouse,02-12-2023,03-12-2023,14-12-2023,Express,Asia,154,83.5,126.78 USD,12859,743.41,957,-1,Returned,Late
10395,P295,Laptop,Automotive ,NextGen Supplies,Brazil Hub,30-08-2023,06-09-2023,18-09-2023,Truck,EUROPE,342,228.75,$375.8,78232.5,306.15,220,-2,Cancelled,Late
10213,P819,Frozen Pizza,Electronics ,Alpha Traders, China Hub,04-10-2024,07-10-2024,21-10-2024,Truck, north america,496,428.52,525.55 USD,212545.92,1054,236,-1,Cancelled,On-Time
10361,P601,Brake Pads,Food,Global Tech Ltd,USA warehouse,07-11-2023,14-07-2023,29-07-2023,Sea,South America,85,316.02,515.01,26861.7,133.1,607,3,Returned,Late
10261,P692,T-shirt,Food,Global Tech Ltd,Brazil Hub,26-11-2023,02-12-2023,14-12-2023,Air,Europe,262,472.2,858.02 USD,123716.4,1985.25,738,20,Delayed,On-Time
10012,P557,T-shirt,electronics,Global Tech Ltd,Brazil Hub,08-10-2024,,,Express,Europe,271,343.96,379.01 USD,93213.16,212.16,548,13,Cancelled,On-Time
10011,P986,LED TV,Furniture,Orion Manufacturing,Germany Warehouse,10-04-2024,06-10-2024,12-10-2024,Sea,Asia,305,252.17,$469.94,76911.85,22.02,149,18,Shipped,On-Time
10408,P760,Tablet,electronics,Delta Exporters,China Hub,27-02-2024,05-03-2024,12-03-2024,Express,Europe,292,68.58,$114.02,20025.36,322.77,761,19,Shipped,Late
10218,P917,Dining Table,Food,Alpha Traders,USA warehouse,15-06-2023,21-06-2023,06-07-2023,Sea,North America,50,52.13,71.34 USD,2606.5,1713.1,428,2,Returned,Late
10218,P560,T-shirt,Automotive ,Alpha Traders,Brazil Hub,10-18-2023,19-10-2023,24-10-2023,Air,North America,207,252.94,306.85,52358.58,817.77,796,15,Cancelled,Late
10176,P943,Engine Oil,Electronics,NextGen Supplies,China Hub,04-06-2024,11-04-2024,20-04-2024,Sea,North America,272,493.06,832.85,134112.32,580.2,980,8,Cancelled,Late
10220,P303,Office Chair,Apparel,Global Tech Ltd,China Hub,05-23-2024,30-05-2024,02-06-2024,Sea,Europe,220,444.86,$689.69,97869.2,1891.44,666,0,Delayed,On-Time
10365,P727,T-shirt,Automotive ,Vertex Distributors,USA warehouse,01-14-2023,20-01-2023,25-01-2023,Sea,EUROPE,258,406.33,693.74,104833.14,275.3,785,18,Shipped,On-Time
10276,P795,Chocolate,Electronics ,Prime Wholesale,USA Warehouse,10-09-2024,13-10-2024,21-10-2024,Truck,EUROPE,315,467.98,645.3,147413.7,1113.32,404,10,Returned,On-Time
10179,P721,Car Battery,electronics,NextGen Supplies,USA Warehouse,06-04-2024,06-06-2024,09-06-2024,Express, north america,459,244.17,$414.58,112074.03,832.74,656,4,Cancelled,On-Time
10481,P875,Office Chair,Electronics,Vertex Distributors,China Hub,01-10-2023,02-10-2023,12-10-2023,Air,Europe,375,318.09,586.21,119283.75,43.54,99,1,Cancelled,On-Time
10380,P830,Chocolate,Food,NextGen Supplies,China Hub,07-30-2024,06-08-2024,11-08-2024,Express,South America,287,202.15,398.66 USD,58017.05,57.06,721,8,Returned,Late
10427,P868,Sneakers,Electronics ,Prime Wholesale,Germany Warehouse,10-06-2023,14-06-2023,21-06-2023,Sea,Europe,457,115.8,210.84,52920.6,289.47,-17,4,Delayed,On-Time
10230,P243,Jacket,Automotive,Global Tech Ltd,India DC,08-09-2023,12-08-2023,20-08-2023,Express,Asia,122,107.81,176.25,13152.82,1185.24,-21,6,Shipped,Late
10183,P515,T-shirt,Automotive,NextGen Supplies,USA Warehouse,12-29-2023,30-12-2023,10-01-2024,Express,Asia,364,210.12,244.54,76483.68,539.59,297,-1,Cancelled,On-Time
10283,P993,Dining Table,Electronics,NextGen Supplies,USA warehouse,11-04-2023,,,Air, north america,483,194.42,$287.37,93904.86,640.21,736,6,Cancelled,Late
10014,P304,Frozen Pizza,Automotive,Orion Manufacturing,Brazil Hub,23-01-2023,29-01-2023,31-01-2023,Sea,Asia,117,421.57,$767.62,49323.69,1136.91,709,6,Cancelled,Late
10096,P199,Chocolate,Food,Alpha Traders,China Hub,31-10-2024,02-11-2024,04-11-2024,Sea, north america,243,294.58,553.22,71582.94,1723.65,598,7,Returned,On-Time
10260,P847,T-shirt,electronics,Vertex Distributors,Germany Warehouse,12-07-2024,14-07-2024,29-07-2024,Express,Asia,227,349.88,589.42,79422.76,563.36,55,8,Shipped,Late
10125,P540,Dining Table,electronics,NextGen Supplies,Germany Warehouse,14-09-2024,18-09-2024,24-09-2024,Express,Asia,362,123.69,144.02 USD,44775.78,93.54,549,-1,Cancelled,On-Time
10323,P945,Dining Table,Furniture,NextGen Supplies,USA Warehouse,25-08-2024,,,Express,Europe,475,301.81,515.47,143359.75,1784.91,396,4,Shipped,On-Time
10098,P493,Jacket,Automotive ,Vertex Distributors,USA Warehouse,19-02-2023,23-02-2023,08-03-2023,Air, north america,134,34.12,52.72,4572.08,924.03,905,10,Returned,Late
10267,P647,Office Chair,Apparel,NextGen Supplies, China Hub,12-03-2023,17-03-2023,22-03-2023,Truck,Europe,385,309.58,549.9,119188.3,1264.02,715,19,Cancelled,On-Time
10011,P374,Laptop,Electronics ,Delta Exporters,USA Warehouse,17-09-2023,19-09-2023,22-09-2023,Sea, north america,236,449.42,$727.54,106063.12,1713.82,679,10,Cancelled,On-Time
10202,P293,Tablet,Furniture,Delta Exporters, China Hub,11-09-2024,11-11-2024,26-11-2024,Express,EUROPE,323,435.95,521.05 USD,140811.85,1653.6,109,-2,Returned,Late
10136,P933,Dining Table,electronics,Prime Wholesale,India DC,22-01-2023,,,Air,South America,298,178.64,353.75,53234.72,1119.14,531,13,Delayed,On-Time
10298,P503,Brake Pads,Furniture,Orion Manufacturing,USA Warehouse,11-06-2023,15-06-2023,19-06-2023,Sea, north america,340,18.24,25.69,6201.6,1029.55,981,0,Cancelled,On-Time
10297,P557,Jacket,apparel,Global Tech Ltd,USA Warehouse,18-02-2023,20-02-2023,24-02-2023,Air, north america,246,361.49,542.26 USD,88926.54,1717.6,749,5,Shipped,On-Time
10043,P364,Frozen Pizza,Food,Global Tech Ltd,USA Warehouse,08-16-2023,17-08-2023,26-08-2023,Sea,North America,58,10.89,19.68,631.62,1675.01,372,12,Returned,Late
10163,P411,Sneakers,Furniture,Orion Manufacturing, China Hub,06-10-2024,13-06-2024,28-06-2024,Sea, north america,464,409.42,618.33,189970.88,275.7,242,15,Returned,On-Time
10044,P473,Dining Table,Automotive ,Alpha Traders, China Hub,11-15-2024,21-11-2024,29-11-2024,Truck,North America,225,235.5,331.57,52987.5,1532.65,253,5,Cancelled,On-Time
10263,P338,Frozen Pizza,apparel,Delta Exporters,Brazil Hub,07-11-2024,10-11-2024,15-11-2024,Sea,North America,111,208.97,259.57 USD,23195.67,938.09,209,16,Returned,Late
10231,P740,Jacket,Automotive ,Global Tech Ltd, China Hub,11-03-2024,,,Express,Europe,320,418.71,718.66 USD,133987.2,800.88,112,18,Shipped,Late
10370,P615,Tablet,Electronics ,Delta Exporters,Germany Warehouse,16-04-2024,18-04-2024,20-04-2024,Truck, north america,438,364.16,510.68,159502.08,619.01,135,20,Cancelled,Late
10185,P144,LED TV,Furniture,Global Tech Ltd,Germany Warehouse,15-11-2023,16-11-2023,27-11-2023,Sea,Asia,437,443.97,714.6 USD,194014.89,1073.53,990,10,Returned,On-Time
10196,P559,Frozen Pizza,Furniture,Alpha Traders,Brazil Hub,27-03-2024,,,Sea,Europe,430,335,584.25,144050,281.64,729,1,Returned,Late
10332,P802,Frozen Pizza,Electronics ,Orion Manufacturing,USA Warehouse,09-29-2023,06-10-2023,10-10-2023,Sea,North America,486,365.27,596.74 USD,177521.22,1053.64,889,20,Delayed,On-Time
10438,P130,Brake Pads,Electronics,Vertex Distributors,USA Warehouse,29-10-2023,02-11-2023,09-11-2023,Truck,South America,50,109.28,155.05 USD,5464,961.71,532,5,Shipped,On-Time
10129,P563,Chocolate,Apparel,NextGen Supplies, China Hub,03-11-2024,06-11-2024,19-11-2024,Sea,EUROPE,498,416.2,736.76 USD,207267.6,472.26,175,11,Delayed,On-Time
10353,P258,Sneakers,Electronics,Alpha Traders,USA warehouse,13-07-2024,18-07-2024,29-07-2024,Air,EUROPE,213,270.04,$326.3,57518.52,645.86,796,2,Cancelled,On-Time
10430,P508,Office Chair,Apparel,Global Tech Ltd,India DC,07-17-2024,24-07-2024,31-07-2024,Express,EUROPE,37,419.64,$635.4,15526.68,961.5,232,1,Cancelled,On-Time
10346,P694,LED TV,Furniture,Prime Wholesale,USA warehouse,06-29-2024,30-06-2024,08-07-2024,Air,Asia,81,90.33,$114.44,7316.73,1507.63,383,19,Returned,On-Time
10372,P652,Car Battery,Electronics ,Global Tech Ltd,China Hub,26-07-2023,01-08-2023,03-08-2023,Sea, north america,331,49.87,57.5,16506.97,1457.09,950,10,Returned,Late
10093,P501,Chocolate,Apparel,Orion Manufacturing,Brazil Hub,09-11-2024,16-11-2024,23-11-2024,Air,Asia,321,274.78,368.5 USD,88204.38,78.34,486,20,Delayed,Late
10316,P377,Sofa,Furniture,Vertex Distributors,Germany Warehouse,19-06-2023,20-06-2023,25-06-2023,Sea,North America,14,77.01,$137.79,1078.14,1179.14,909,8,Cancelled,On-Time
10188,P965,Engine Oil,Automotive ,Alpha Traders,Brazil Hub,05-05-2024,09-05-2024,23-05-2024,Air,South America,212,222.69,294.41 USD,47210.28,662.95,915,-3,Delayed,Late
10227,P997,Brake Pads,Food,Delta Exporters, China Hub,02-11-2023,06-11-2023,21-11-2023,Air,Europe,326,321.7,$482.93,104874.2,527.29,941,19,Returned,On-Time
10066,P190,Sofa,electronics,NextGen Supplies,Brazil Hub,27-02-2023,,,Truck, north america,411,343.48,504.72,141170.28,59.7,274,3,Delayed,Late
10284,P430,Car Battery,Furniture,NextGen Supplies,China Hub,08-21-2024,24-08-2024,07-09-2024,Truck,North America,198,366.17,634.23,72501.66,132.44,132,14,Cancelled,Late
10114,P353,Frozen Pizza,electronics,Prime Wholesale,China Hub,07-10-2024,11-07-2024,13-07-2024,Truck,North America,476,113.77,$161.24,54154.52,1070.44,553,9,Shipped,On-Time
10251,P240,Office Chair,electronics,Prime Wholesale,USA warehouse,31-05-2023,,,Sea,EUROPE,234,200.94,304.74 USD,47019.96,1013.08,729,11,Shipped,Late
10390,P570,Smartphone,Food,NextGen Supplies,USA warehouse,08-07-2023,15-07-2023,18-07-2023,Air,EUROPE,44,160.51,$257.03,7062.44,1774.66,983,5,Returned,On-Time
10151,P718,Tablet,Electronics,NextGen Supplies, China Hub,11-13-2024,19-11-2024,26-11-2024,Air, north america,499,99.33,179.32 USD,49565.67,482.69,629,9,Returned,On-Time
10409,P775,Headphones,Food,Global Tech Ltd,China Hub,15-09-2023,17-09-2023,02-10-2023,Sea,South America,296,382.03,661.47 USD,113080.88,754.9,-44,5,Returned,Late
10167,P223,Office Chair,Automotive,Delta Exporters,USA warehouse,23-08-2023,29-08-2023,04-09-2023,Air,Europe,450,279.56,$537.37,125802,888.13,331,11,Shipped,Late
10359,P402,Car Battery,electronics,Global Tech Ltd,Germany Warehouse,16-10-2023,,,Air,Asia,108,196.59,$375.97,21231.72,617.85,687,16,Cancelled,Late
10348,P234,Sneakers,Furniture,Global Tech Ltd,USA warehouse,21-04-2024,26-04-2024,29-04-2024,Sea, north america,280,435,756.5,121800,1728.03,958,2,Returned,Late
10363,P456,Car Battery,Apparel,Global Tech Ltd,USA warehouse,04-09-2023,06-09-2023,14-09-2023,Express,Asia,394,103.09,125.74,40617.46,757.2,876,1,Delayed,On-Time
10021,P488,LED TV,Food,Alpha Traders,USA Warehouse,07-03-2024,05-07-2024,07-07-2024,Sea,Europe,328,168.21,289.56,55172.88,1087.64,421,-2,Cancelled,Late
10408,P474,Brake Pads,Automotive ,Orion Manufacturing,India DC,16-01-2024,18-01-2024,22-01-2024,Sea,South America,71,218.21,275.61 USD,15492.91,1878.01,686,9,Shipped,On-Time
10053,P938,Laptop,Electronics ,Alpha Traders,Brazil Hub,11-06-2023,12-06-2023,20-06-2023,Sea, north america,26,49.93,68.11,1298.18,1181.94,528,16,Cancelled,On-Time
10436,P734,Brake Pads,Furniture,Prime Wholesale,Germany Warehouse,04-01-2023,04-04-2023,16-04-2023,Air, north america,441,215.53,423.87,95048.73,1392.28,206,17,Shipped,Late
10446,P335,LED TV,Automotive ,Delta Exporters,Germany Warehouse,08-09-2023,11-08-2023,18-08-2023,Express,North America,314,391.61,481.12 USD,122965.54,1091.92,132,15,Cancelled,Late
10240,P244,Office Chair,Furniture,Vertex Distributors,India DC,19-01-2024,20-01-2024,02-02-2024,Sea,Europe,114,428.16,791.29,48810.24,217.27,722,-2,Delayed,Late
10350,P416,Car Battery,apparel,Prime Wholesale,China Hub,16-02-2024,19-02-2024,04-03-2024,Express,South America,79,385.37,648.81,30444.23,694.64,967,20,Shipped,On-Time
10291,P194,Chocolate,Automotive,Global Tech Ltd,India DC,20-11-2024,22-11-2024,02-12-2024,Truck,EUROPE,463,94.71,142.1 USD,43850.73,1930.75,-10,13,Cancelled,On-Time
10418,P998,Jeans,Food,Global Tech Ltd, China Hub,31-01-2024,01-02-2024,07-02-2024,Express,Europe,91,51.02,92.41 USD,4642.82,785.99,256,16,Returned,Late
10232,P474,Office Chair,Electronics,NextGen Supplies,Brazil Hub,29-08-2024,03-09-2024,17-09-2024,Sea,Europe,369,386.09,453.92,142467.21,147.07,51,8,Cancelled,On-Time
10197,P904,Chocolate,Apparel,Global Tech Ltd,Germany Warehouse,25-01-2024,31-01-2024,10-02-2024,Sea,EUROPE,62,21.55,37.0 USD,1336.1,1395.48,246,10,Returned,On-Time
10173,P287,Engine Oil,Automotive,Alpha Traders,Brazil Hub,06-23-2024,24-06-2024,08-07-2024,Express,South America,276,122.57,196.79,33829.32,1093.15,926,-1,Returned,Late
10435,P265,Sofa,Automotive ,NextGen Supplies,Brazil Hub,13-01-2023,19-01-2023,30-01-2023,Air,North America,316,279.76,391.88,88404.16,318.37,448,15,Delayed,Late
10437,P467,Headphones,electronics,Orion Manufacturing,China Hub,29-09-2023,06-10-2023,11-10-2023,Sea,Europe,103,7.8,10.54,803.4,1372.94,516,10,Shipped,On-Time
10225,P315,Chocolate,Food,NextGen Supplies,USA warehouse,13-08-2024,,,Sea,Europe,436,56.07,96.94,24446.52,1613.92,902,18,Shipped,On-Time
10418,P363,Sofa,Automotive,NextGen Supplies,China Hub,06-12-2023,13-12-2023,27-12-2023,Express, north america,85,55.23,$89.11,4694.55,1402.9,271,-2,Delayed,Late
10273,P298,Sofa,Electronics ,Delta Exporters, China Hub,04-01-2024,10-01-2024,17-01-2024,Sea,North America,402,30.94,50.96,12437.88,1492.88,896,4,Cancelled,On-Time
10073,P262,Jacket,Automotive,Vertex Distributors,China Hub,22-02-2024,28-02-2024,01-03-2024,Sea,South America,277,414.31,$688.27,114763.87,832.08,3,11,Shipped,On-Time
10326,P613,Laptop,Food,Alpha Traders,China Hub,05-05-2023,11-05-2023,22-05-2023,Truck,North America,267,57.18,$73.87,15267.06,1636.51,926,14,Shipped,Late
10272,P108,Dining Table,Electronics,Prime Wholesale,Germany Warehouse,15-07-2024,21-07-2024,28-07-2024,Truck, north america,456,129.53,215.12,59065.68,351.83,433,5,Delayed,Late
10487,P409,Tablet,Automotive ,Delta Exporters,Brazil Hub,09-19-2023,21-09-2023,06-10-2023,Express,South America,193,37.52,51.41 USD,7241.36,350.9,989,17,Returned,On-Time
10057,P211,Smartphone,Electronics ,Orion Manufacturing,USA Warehouse,09-14-2023,20-09-2023,23-09-2023,Express,South America,389,268.97,354.38 USD,104629.33,1467.15,-2,11,Delayed,Late
10350,P338,Smartphone,Automotive ,NextGen Supplies,USA warehouse,16-05-2023,19-05-2023,25-05-2023,Air,EUROPE,377,95.25,125.62,35909.25,406.54,652,12,Returned,On-Time
10391,P857,T-shirt,Food,Alpha Traders,India DC,12-06-2023,19-06-2023,03-07-2023,Sea,Asia,326,326.33,550.65 USD,106383.58,88.31,761,17,Delayed,On-Time
10061,P295,Laptop,Electronics,Delta Exporters,China Hub,10-13-2024,16-10-2024,23-10-2024,Sea,Europe,475,227.72,260.38 USD,108167,402.08,282,-2,Returned,On-Time
10491,P175,Dining Table,apparel,Prime Wholesale,India DC,29-04-2024,05-05-2024,17-05-2024,Truck,EUROPE,494,192.91,361.67,95297.54,1884.02,440,6,Shipped,On-Time
10458,P562,Jacket,Electronics ,NextGen Supplies, China Hub,20-09-2024,21-09-2024,26-09-2024,Air,Europe,467,438.01,$623.39,204550.67,429.29,946,5,Returned,Late
10216,P416,Sneakers,Electronics,NextGen Supplies,USA Warehouse,01-07-2024,02-07-2024,05-07-2024,Truck, north america,330,170.31,$319.08,56202.3,476.45,44,10,Delayed,On-Time
10292,P756,Tablet,Automotive,Delta Exporters,USA warehouse,14-12-2023,,,Air,North America,459,406.23,558.8,186459.57,577.84,472,12,Returned,On-Time
10425,P140,Brake Pads,Electronics,NextGen Supplies,USA Warehouse,10-06-2024,14-06-2024,21-06-2024,Sea,South America,369,196.07,$385.15,72349.83,576.9,968,13,Delayed,Late
10292,P342,Car Battery,electronics,Global Tech Ltd,India DC,23-12-2023,24-12-2023,29-12-2023,Truck, north america,395,212.52,350.11,83945.4,484.03,683,-2,Delayed,On-Time
10258,P355,Brake Pads,electronics,Alpha Traders,China Hub,03-11-2023,16-03-2023,29-03-2023,Air,South America,394,201.88,$299.96,79540.72,1245.93,400,10,Returned,Late
10330,P649,Jeans,Automotive,Orion Manufacturing,China Hub,17-09-2023,24-09-2023,07-10-2023,Sea,South America,365,187,300.31,68255,953.64,824,3,Delayed,On-Time
10173,P911,LED TV,Automotive ,Delta Exporters,China Hub,02-20-2024,24-02-2024,28-02-2024,Truck, north america,378,320.99,545.67,121334.22,1348.8,922,9,Cancelled,On-Time
10274,P984,LED TV,electronics,Delta Exporters,Germany Warehouse,18-05-2024,22-05-2024,01-06-2024,Truck,North America,383,111.78,143.47,42811.74,1908.52,616,1,Cancelled,On-Time
10261,P953,Office Chair,Apparel,Orion Manufacturing, China Hub,17-01-2023,20-01-2023,26-01-2023,Air,EUROPE,247,459.72,818.22,113550.84,147.07,852,0,Returned,On-Time
10106,P961,Headphones,Food,Prime Wholesale,China Hub,28-03-2024,02-04-2024,12-04-2024,Sea,North America,252,107.21,$138.54,27016.92,1797.46,270,7,Delayed,On-Time
10089,P220,Office Chair,electronics,Orion Manufacturing,USA warehouse,11-03-2024,08-11-2024,15-11-2024,Air,EUROPE,463,437.86,815.02,202729.18,1201.52,525,-2,Shipped,Late
10047,P139,Tablet,Furniture,Delta Exporters,Brazil Hub,10-05-2024,10-10-2024,15-10-2024,Sea,North America,209,167.03,312.13,34909.27,108.6,547,15,Returned,On-Time
10032,P767,Chocolate,Automotive,NextGen Supplies,China Hub,09-10-2023,11-10-2023,22-10-2023,Express, north america,57,468.36,749.29 USD,26696.52,980.96,901,20,Delayed,On-Time
10207,P691,Frozen Pizza,Furniture,Global Tech Ltd,USA warehouse,07-10-2023,08-10-2023,18-10-2023,Sea,Asia,478,456.49,848.83,218202.22,1694.12,850,19,Cancelled,On-Time
10161,P428,Sneakers,apparel,Alpha Traders,Germany Warehouse,13-12-2023,,,Air, north america,249,50.59,94.57,12596.91,1492.86,585,9,Returned,Late
10461,P845,LED TV,Automotive ,Delta Exporters,India DC,10-17-2024,24-10-2024,02-11-2024,Sea,North America,446,498.04,712.61,222125.84,1641.56,679,16,Shipped,Late
10242,P956,Sneakers,Apparel,Global Tech Ltd,India DC,16-07-2023,20-07-2023,03-08-2023,Truck,South America,65,427.56,832.07,27791.4,394.66,782,14,Returned,On-Time
10036,P287,Tablet,Apparel,Vertex Distributors,India DC,03-18-2024,25-03-2024,28-03-2024,Air,South America,214,442.35,824.82 USD,94662.9,1525.34,226,16,Returned,On-Time
10230,P140,Sneakers,Automotive,NextGen Supplies,USA Warehouse,05-05-2023,09-05-2023,24-05-2023,Truck, north america,142,424.76,809.66,60315.92,784.59,852,3,Shipped,Late
10014,P132,Jacket,apparel,Alpha Traders,USA warehouse,11-07-2024,18-07-2024,28-07-2024,Express,Europe,434,97.21,$109.49,42189.14,1731.19,772,6,Delayed,On-Time
10447,P698,LED TV,Electronics ,Global Tech Ltd,USA warehouse,18-03-2023,21-03-2023,02-04-2023,Express,Asia,226,422.13,583.64,95401.38,696.16,675,18,Cancelled,Late
10114,P261,Smartphone,apparel,Orion Manufacturing,USA warehouse,07-07-2024,09-07-2024,11-07-2024,Express, north america,172,286.44,523.64 USD,49267.68,1529.77,363,10,Delayed,On-Time
10002,P654,Chocolate,Furniture,Alpha Traders,India DC,06-07-2023,10-07-2023,22-07-2023,Truck, north america,439,383.49,$738.51,168352.11,276.57,607,13,Shipped,Late
10310,P849,Office Chair,Apparel,Orion Manufacturing, China Hub,24-06-2023,26-06-2023,06-07-2023,Express,South America,141,413.39,$672.4,58287.99,1384.97,368,18,Shipped,Late
10499,P933,LED TV,Apparel,Orion Manufacturing,USA Warehouse,01-05-2024,02-05-2024,07-05-2024,Truck,South America,479,363.3,458.62,174020.7,1864.73,767,7,Shipped,Late
10294,P495,LED TV,Apparel,Prime Wholesale,Brazil Hub,10-12-2023,16-12-2023,25-12-2023,Express,South America,5,33.73,58.74,168.65,961.99,448,6,Shipped,On-Time
10274,P643,Car Battery,Furniture,NextGen Supplies,India DC,03-08-2023,15-03-2023,26-03-2023,Air,South America,458,335.19,$373.37,153517.02,528.68,137,-1,Returned,On-Time
10159,P328,Car Battery,Electronics ,Orion Manufacturing,China Hub,04-24-2024,29-04-2024,08-05-2024,Truck,South America,144,140.4,$181.3,20217.6,517.57,506,17,Shipped,Late
10210,P987,Office Chair,Automotive,Delta Exporters,India DC,25-07-2023,,,Express,North America,320,318.08,601.98 USD,101785.6,1557.81,939,20,Cancelled,Late
10396,P866,LED TV,Furniture,Orion Manufacturing,India DC,29-11-2024,01-12-2024,04-12-2024,Air,EUROPE,126,27.11,$41.51,3415.86,775.47,16,19,Cancelled,Late
10316,P274,Jeans,Automotive ,NextGen Supplies,India DC,26-08-2024,31-08-2024,02-09-2024,Sea,EUROPE,331,355.09,642.36,117534.79,1209.58,519,9,Delayed,On-Time
10132,P979,Frozen Pizza,Electronics,Alpha Traders,Germany Warehouse,23-08-2024,27-08-2024,11-09-2024,Sea,Europe,235,252.46,439.64,59328.1,593.49,698,15,Shipped,On-Time
10155,P224,Brake Pads,Furniture,Alpha Traders,USA Warehouse,24-11-2024,01-12-2024,07-12-2024,Express,South America,113,254.44,280.49,28751.72,1020.42,617,-3,Returned,Late
10042,P628,Office Chair,Electronics ,Global Tech Ltd,Germany Warehouse,10-30-2024,01-11-2024,09-11-2024,Air, north america,96,248.53,320.01,23858.88,731.09,832,2,Cancelled,On-Time
10001,P370,T-shirt,Automotive,Alpha Traders,USA warehouse,15-05-2023,20-05-2023,30-05-2023,Air, north america,131,422.97,609.4,55409.07,1696.32,240,20,Cancelled,Late
10014,P980,Brake Pads,Automotive,Vertex Distributors,USA Warehouse,07-04-2024,,,Air,North America,465,91.9,137.1 USD,42733.5,1563.69,912,12,Shipped,Late
10153,P365,Frozen Pizza,Automotive,Alpha Traders, China Hub,25-03-2023,29-03-2023,03-04-2023,Air,EUROPE,370,468.45,$529.0,173326.5,253.19,269,7,Delayed,On-Time
10335,P144,Office Chair,apparel,Global Tech Ltd,India DC,28-09-2024,04-10-2024,13-10-2024,Express, north america,33,211.53,374.59 USD,6980.49,360.94,53,3,Cancelled,On-Time
10018,P489,Sneakers,Automotive,Delta Exporters,China Hub,28-02-2023,04-03-2023,14-03-2023,Sea, north america,175,277.45,$504.94,48553.75,1082.97,133,8,Shipped,On-Time
10103,P689,Smartphone,Apparel,NextGen Supplies,Brazil Hub,28-06-2023,04-07-2023,06-07-2023,Truck,South America,99,229.71,326.65,22741.29,740.27,789,4,Shipped,Late
10204,P464,Chocolate,Automotive,Delta Exporters,Brazil Hub,09-10-2023,15-10-2023,24-10-2023,Express,Asia,266,303.84,500.59,80821.44,1608.05,102,15,Shipped,Late
10228,P161,Office Chair,Food,Vertex Distributors, China Hub,01-18-2023,22-01-2023,31-01-2023,Express,South America,231,494.59,968.82,114250.29,1933.87,794,10,Shipped,Late
10319,P287,Tablet,Electronics ,Delta Exporters,Germany Warehouse,27-11-2024,29-11-2024,06-12-2024,Air,North America,347,95.11,164.71,33003.17,1125.99,754,8,Delayed,On-Time
10281,P458,Frozen Pizza,Electronics ,Orion Manufacturing,Brazil Hub,27-03-2024,30-03-2024,04-04-2024,Truck,South America,487,496.16,864.78,241629.92,1407.34,134,9,Returned,Late
10160,P198,Tablet,Electronics ,Alpha Traders,Brazil Hub,12-18-2023,21-12-2023,24-12-2023,Express,North America,43,56.79,102.66 USD,2441.97,989.38,441,19,Returned,Late
10210,P555,Frozen Pizza,Electronics,Alpha Traders,USA warehouse,19-01-2023,22-01-2023,04-02-2023,Truck,Asia,341,399.52,$695.73,136236.32,1744.99,476,9,Shipped,Late
10137,P710,T-shirt,Automotive ,Orion Manufacturing,Brazil Hub,17-02-2023,20-02-2023,07-03-2023,Truck,EUROPE,17,330.77,407.44,5623.09,1308.12,460,4,Delayed,Late
10162,P977,Headphones,Apparel,Global Tech Ltd,Brazil Hub,10-09-2023,14-10-2023,17-10-2023,Truck,North America,218,470.58,703.02,102586.44,230.46,811,15,Cancelled,Late
10459,P965,LED TV,Automotive,Orion Manufacturing,India DC,07-05-2023,10-05-2023,21-05-2023,Express,South America,161,77.27,153.34 USD,12440.47,1820.28,993,6,Returned,Late
10107,P223,Jeans,Furniture,NextGen Supplies,Brazil Hub,25-11-2023,02-12-2023,07-12-2023,Truck,North America,432,376.27,476.17,162548.64,187.36,231,20,Cancelled,On-Time
10463,P929,Office Chair,electronics,Vertex Distributors,China Hub,18-05-2024,24-05-2024,07-06-2024,Truck, north america,341,302.86,549.03,103275.26,702.65,252,3,Returned,Late
10276,P753,Jeans,Furniture,Global Tech Ltd,USA warehouse,18-08-2024,19-08-2024,01-09-2024,Express,EUROPE,259,247.5,$480.93,64102.5,1146.32,615,14,Returned,On-Time
10150,P964,Brake Pads,Food,NextGen Supplies,USA warehouse,14-08-2024,18-08-2024,01-09-2024,Air,North America,47,14.3,16,672.1,1629.84,696,18,Delayed,Late
10316,P308,Laptop,electronics,Vertex Distributors,USA Warehouse,09-01-2024,,,Sea,North America,89,316.71,487.08,28187.19,108.51,290,14,Shipped,On-Time
10324,P823,Car Battery,apparel,Prime Wholesale,India DC,06-12-2023,10-12-2023,12-12-2023,Sea, north america,406,391.21,$769.77,158831.26,832.14,191,18,Returned,Late
10483,P900,Sofa,Automotive ,Orion Manufacturing,Brazil Hub,03-19-2024,23-03-2024,01-04-2024,Air,Europe,440,341.62,596.3,150312.8,1511.76,723,-2,Shipped,Late
10385,P127,Jeans,Apparel,Delta Exporters,Brazil Hub,24-10-2024,29-10-2024,10-11-2024,Truck,North America,277,367.31,404.61,101744.87,9690,288,12,Cancelled,Late
10218,P309,Chocolate,Electronics,Delta Exporters,Germany Warehouse,07-22-2023,25-07-2023,01-08-2023,Air,Europe,33,143.88,$161.48,4748.04,1900.66,364,16,Shipped,On-Time
10053,P486,Frozen Pizza,Automotive,Delta Exporters,USA warehouse,13-01-2023,16-01-2023,29-01-2023,Air,North America,57,209.7,355.47 USD,11952.9,401.77,731,20,Delayed,On-Time
10350,P575,Office Chair,apparel,Global Tech Ltd,USA Warehouse,15-09-2023,21-09-2023,28-09-2023,Truck, north america,205,185.03,227.47,37931.15,459.83,76,4,Shipped,On-Time
10457,P517,Car Battery,electronics,Vertex Distributors,Germany Warehouse,26-11-2023,01-12-2023,13-12-2023,Air,South America,158,361.61,$558.37,57134.38,1411.69,615,11,Delayed,Late
10463,P355,Office Chair,Electronics,NextGen Supplies,USA warehouse,02-03-2024,,,Express,South America,437,134.77,185.24,58894.49,1932.68,-12,1,Delayed,On-Time
10450,P150,Jacket,Apparel,NextGen Supplies,USA warehouse,03-11-2024,07-11-2024,14-11-2024,Truck, north america,110,438.62,$649.61,48248.2,1390.83,89,2,Cancelled,On-Time
10000,P575,Laptop,Electronics ,Vertex Distributors,USA Warehouse,02-03-2024,09-03-2024,18-03-2024,Air, north america,417,425.61,$497.38,177479.37,1771.53,762,2,Delayed,Late
10273,P352,Headphones,Furniture,Delta Exporters,Brazil Hub,29-02-2024,03-03-2024,15-03-2024,Air,Asia,25,88.2,$144.38,2205,404.09,806,13,Cancelled,Late
10349,P419,Brake Pads,Furniture,Vertex Distributors,USA warehouse,02-10-2024,17-02-2024,28-02-2024,Sea, north america,205,117.26,187.05,24038.3,457.64,583,4,Returned,On-Time
10179,P576,LED TV,Apparel,Global Tech Ltd,Brazil Hub,02-03-2024,04-03-2024,08-03-2024,Sea,Europe,151,349.38,513.55,52756.38,1420.34,288,16,Delayed,On-Time
10130,P433,Office Chair,electronics,Prime Wholesale,China Hub,26-11-2023,01-12-2023,14-12-2023,Sea,Asia,292,493.94,737.64,144230.48,92.51,710,2,Shipped,On-Time
10335,P496,Car Battery,Food,Delta Exporters, China Hub,30-11-2023,01-12-2023,07-12-2023,Truck, north america,56,401.36,542.16,22476.16,880.28,172,6,Delayed,On-Time
10366,P882,Jacket,Automotive ,Alpha Traders,India DC,03-10-2024,10-10-2024,13-10-2024,Air,Asia,304,316.92,$554.71,96343.68,1384.8,123,10,Shipped,Late
10184,P403,LED TV,Electronics,NextGen Supplies, China Hub,26-03-2023,28-03-2023,09-04-2023,Air,Europe,83,335.37,479.84,27835.71,1104.27,791,3,Cancelled,On-Time
10207,P504,Frozen Pizza,Apparel,Alpha Traders,USA warehouse,20-11-2023,25-11-2023,30-11-2023,Sea,South America,472,29.97,44.37 USD,14145.84,1077.06,99,9,Cancelled,Late
10214,P253,Jeans,Furniture,Alpha Traders,China Hub,10-01-2023,12-01-2023,27-01-2023,Sea,EUROPE,124,277.34,477.55 USD,34390.16,514.93,831,0,Delayed,On-Time
10180,P798,LED TV,Furniture,Orion Manufacturing,India DC,08-07-2024,13-08-2024,21-08-2024,Truck,North America,395,20.55,39.4,8117.25,1416.36,-10,-3,Shipped,Late
10380,P541,Car Battery,electronics,NextGen Supplies,India DC,30-05-2024,06-06-2024,12-06-2024,Sea,Europe,329,426.52,$786.81,140325.08,75.88,772,14,Shipped,On-Time
10160,P592,Jacket,Electronics,Orion Manufacturing,India DC,13-07-2024,15-07-2024,18-07-2024,Express,North America,424,179.18,$234.06,75972.32,749.81,397,15,Cancelled,Late
10296,P739,Tablet,Automotive,Prime Wholesale,India DC,17-02-2023,24-02-2023,08-03-2023,Sea, north america,304,237.07,456.06 USD,72069.28,407.81,927,1,Cancelled,Late
10056,P387,Headphones,Apparel,Orion Manufacturing,USA Warehouse,02-04-2024,04-04-2024,07-04-2024,Truck,EUROPE,59,8.19,15.49,483.21,1689.1,-14,-3,Returned,Late
10012,P545,Sneakers,Food,Orion Manufacturing,USA Warehouse,21-08-2024,27-08-2024,02-09-2024,Express,North America,200,16.82,26.19,3364,1670.41,683,17,Delayed,On-Time
10133,P860,Chocolate,Electronics,Vertex Distributors,USA warehouse,02-01-2023,03-01-2023,15-01-2023,Air, north america,184,143.99,163.56,26494.16,1773.41,131,17,Shipped,Late
10489,P661,Car Battery,Automotive,Global Tech Ltd,USA warehouse,20-06-2024,26-06-2024,28-06-2024,Truck, north america,358,221.23,340.71,79200.34,901.73,477,11,Shipped,Late
10149,P177,Sofa,Apparel,Global Tech Ltd,USA warehouse,27-04-2024,29-04-2024,09-05-2024,Truck,North America,188,246.63,304.56,46366.44,872.15,527,10,Delayed,Late
10041,P953,Jacket,Apparel,Vertex Distributors,India DC,09-22-2023,24-09-2023,08-10-2023,Air,South America,286,151.67,$184.61,43377.62,1090.95,6,17,Cancelled,Late
10110,P469,Chocolate,Furniture,Alpha Traders, China Hub,16-09-2024,17-09-2024,21-09-2024,Truck,Europe,140,202.07,315.07,28289.8,794.81,955,7,Delayed,On-Time
10333,P628,Jeans,Furniture,NextGen Supplies,USA warehouse,12-16-2023,17-12-2023,30-12-2023,Express,South America,453,107.55,191.4 USD,48720.15,259.8,785,1,Shipped,Late
10465,P695,Sofa,electronics,NextGen Supplies,USA warehouse,23-10-2023,30-10-2023,13-11-2023,Express,North America,106,443.67,593.59,47029.02,268.47,391,18,Cancelled,Late
10096,P332,Brake Pads,electronics,Vertex Distributors,USA Warehouse,06-06-2023,13-06-2023,20-06-2023,Sea, north america,114,256.89,$407.41,29285.46,1727.4,872,-2,Cancelled,Late
10292,P733,Frozen Pizza,Furniture,Delta Exporters,Brazil Hub,10-24-2023,,,Air,Asia,55,301.1,$349.08,16560.5,402.32,914,3,Cancelled,On-Time
10342,P426,Jacket,apparel,Delta Exporters,Brazil Hub,17-09-2024,23-09-2024,27-09-2024,Sea, north america,77,439.92,744.35,33873.84,243.91,782,-3,Shipped,Late
10001,P702,Jacket,electronics,Global Tech Ltd,USA warehouse,02-12-2023,,,Air, north america,15,241.09,389.45,3616.35,938.65,-45,14,Cancelled,Late
10252,P169,Car Battery,Automotive,Delta Exporters,Brazil Hub,29-07-2024,02-08-2024,16-08-2024,Express,South America,199,358.86,714.46 USD,71413.14,1790.47,805,8,Delayed,Late
10086,P778,Headphones,Automotive ,NextGen Supplies, China Hub,06-01-2024,08-06-2024,15-06-2024,Express,North America,28,245.76,383.61,6881.28,661.83,897,5,Cancelled,Late
10267,P717,Chocolate,Electronics ,Global Tech Ltd,Brazil Hub,23-09-2023,28-09-2023,08-10-2023,Express,Asia,457,166.96,255.7,76300.72,1038.85,720,6,Returned,Late
10057,P771,Engine Oil,Automotive,NextGen Supplies,Brazil Hub,08-30-2023,31-08-2023,12-09-2023,Express,South America,118,43.74,65.39 USD,5161.32,1409.73,418,6,Shipped,Late
10164,P324,Engine Oil,Electronics ,NextGen Supplies,USA warehouse,12-28-2023,29-12-2023,06-01-2024,Sea,Asia,95,397.94,$672.37,37804.3,909.29,749,4,Delayed,Late
10079,P702,Headphones,Furniture,NextGen Supplies, China Hub,08-15-2024,20-08-2024,28-08-2024,Express,Asia,395,88.89,138.91 USD,35111.55,554.26,965,14,Returned,Late
10391,P409,Brake Pads,Apparel,Global Tech Ltd, China Hub,03-12-2023,13-03-2023,23-03-2023,Truck,South America,412,389.65,$733.93,160535.8,1824.87,208,9,Cancelled,On-Time
10291,P893,Chocolate,Food,Prime Wholesale,Germany Warehouse,02-01-2024,09-01-2024,15-01-2024,Air,North America,326,442.36,828.86 USD,144209.36,1910.75,145,18,Delayed,Late
10306,P592,Car Battery,Apparel,Global Tech Ltd,Germany Warehouse,02-01-2024,08-01-2024,11-01-2024,Express,Asia,77,57.89,75.87,4457.53,1351.3,863,4,Returned,Late
10318,P318,LED TV,Furniture,NextGen Supplies,Germany Warehouse,16-03-2024,17-03-2024,19-03-2024,Air,EUROPE,306,384.66,662.12,117705.96,360.12,-41,15,Shipped,On-Time
10336,P842,Brake Pads,Automotive,Delta Exporters,Germany Warehouse,08-19-2023,26-08-2023,02-09-2023,Express,EUROPE,98,110.11,162.01 USD,10790.78,1913.65,895,14,Cancelled,Late
10272,P531,LED TV,Furniture,Vertex Distributors,USA Warehouse,01-08-2024,09-01-2024,11-01-2024,Air,Asia,426,84.29,140.57,35907.54,1256.96,-48,6,Delayed,On-Time
10009,P368,T-shirt,Apparel,Prime Wholesale,Germany Warehouse,06-23-2023,,,Air,Asia,53,275.4,505.63 USD,14596.2,37.18,747,3,Returned,On-Time
10197,P241,LED TV,electronics,Orion Manufacturing, China Hub,09-12-2024,19-09-2024,03-10-2024,Air,Asia,92,216.05,299.56,19876.6,1390.96,760,12,Shipped,Late
10065,P322,Smartphone,apparel,Orion Manufacturing,USA warehouse,05-08-2023,14-05-2023,19-05-2023,Air, north america,484,261.33,336.64,126483.72,267.96,248,6,Delayed,Late
10078,P704,Frozen Pizza,Electronics,Alpha Traders,USA Warehouse,01-04-2023,05-01-2023,17-01-2023,Sea,South America,98,212.87,338.06,20861.26,462.79,287,1,Cancelled,Late
10032,P148,Frozen Pizza,Automotive,Vertex Distributors,USA warehouse,20-04-2023,,,Truck,Asia,257,20.66,37.06 USD,5309.62,962.04,72,13,Returned,Late
10388,P421,Sneakers,electronics,Vertex Distributors,USA Warehouse,04-18-2023,22-04-2023,01-05-2023,Express,South America,151,150.5,265.7,22725.5,272.84,171,6,Delayed,On-Time
10438,P965,Car Battery,Automotive,Alpha Traders,Brazil Hub,27-07-2023,01-08-2023,10-08-2023,Truck,Europe,83,391.85,686.44 USD,32523.55,11691.7,261,3,Cancelled,On-Time
10144,P775,Dining Table,Automotive ,Global Tech Ltd, China Hub,12-05-2023,19-05-2023,24-05-2023,Sea,Europe,405,227.62,259.74 USD,92186.1,1629.49,755,7,Delayed,Late
10441,P352,Car Battery,Furniture,NextGen Supplies,China Hub,30-03-2024,,,Sea,Asia,97,424.32,783.61,41159.04,1015.65,877,19,Shipped,On-Time
10265,P655,Frozen Pizza,Automotive ,Orion Manufacturing,Brazil Hub,02-20-2024,21-02-2024,04-03-2024,Air,North America,222,238.73,$348.19,52998.06,895.57,987,10,Cancelled,Late
10091,P110,LED TV,Furniture,Delta Exporters,India DC,25-04-2023,02-05-2023,15-05-2023,Express,North America,67,113.7,$198.86,7617.9,32.52,338,19,Delayed,On-Time
10368,P320,Brake Pads,electronics,Orion Manufacturing,China Hub,11-12-2024,18-11-2024,27-11-2024,Truck,South America,58,112.81,132.02,6542.98,790.98,460,19,Returned,Late
10066,P239,LED TV,Automotive ,NextGen Supplies,Brazil Hub,05-21-2024,28-05-2024,04-06-2024,Sea,North America,90,434.37,816.94,39093.3,1624.08,237,8,Returned,On-Time
10338,P896,Jacket,Apparel,NextGen Supplies,Brazil Hub,09-07-2024,14-07-2024,25-07-2024,Air, north america,180,220.21,256.39,39637.8,1797.62,90,0,Cancelled,On-Time
10152,P387,Office Chair,electronics,Global Tech Ltd,India DC,07-26-2024,31-07-2024,11-08-2024,Truck,North America,400,362.91,635.42,145164,109.68,964,14,Returned,Late
10124,P296,Brake Pads,electronics,Orion Manufacturing,Brazil Hub,08-01-2023,15-01-2023,27-01-2023,Truck, north america,420,80.51,94.16,33814.2,404.28,320,16,Cancelled,Late
10128,P574,T-shirt,Apparel,Global Tech Ltd,China Hub,13-07-2023,17-07-2023,23-07-2023,Express,EUROPE,107,426.83,493.76 USD,45670.81,15360.5,228,19,Delayed,Late
10117,P219,Laptop,Automotive,NextGen Supplies, China Hub,10-10-2024,12-10-2024,26-10-2024,Air, north america,492,69.64,105.18,34262.88,1127.77,12,6,Cancelled,Late
10006,P813,Car Battery,apparel,Alpha Traders,India DC,18-11-2023,20-11-2023,24-11-2023,Sea,Asia,27,72.88,96.93,1967.76,177.85,856,3,Returned,Late
10453,P279,Jeans,Electronics ,Delta Exporters,China Hub,22-09-2023,25-09-2023,29-09-2023,Air,Europe,439,203.73,341.76,89437.47,334.18,176,17,Shipped,Late
10010,P785,Smartphone,electronics,Orion Manufacturing,India DC,09-09-2023,13-09-2023,26-09-2023,Air, north america,190,50.1,59.15,9519,794.07,573,3,Returned,On-Time
10389,P654,Frozen Pizza,Furniture,Delta Exporters,USA Warehouse,13-01-2023,16-01-2023,25-01-2023,Air, north america,359,421.65,825.02 USD,151372.35,297.45,619,-2,Cancelled,Late
10417,P258,Jeans,Electronics,NextGen Supplies,India DC,07-06-2023,13-07-2023,16-07-2023,Sea,South America,482,190.93,$278.25,92028.26,1526.33,826,9,Returned,On-Time
10053,P867,LED TV,electronics,Orion Manufacturing,Germany Warehouse,01-09-2023,15-01-2023,21-01-2023,Air,EUROPE,423,14.55,18.67,6154.65,184.17,111,11,Cancelled,On-Time
10211,P852,Jeans,Food,NextGen Supplies,China Hub,04-07-2024,05-07-2024,11-07-2024,Truck,South America,284,206.97,$239.46,58779.48,499.61,-4,10,Returned,On-Time
10249,P851,Sneakers,Apparel,Orion Manufacturing,India DC,25-07-2023,01-08-2023,04-08-2023,Express,EUROPE,305,430.98,604.86,131448.9,857.78,326,3,Cancelled,On-Time
10421,P943,Smartphone,Electronics ,Alpha Traders, China Hub,03-20-2024,22-03-2024,24-03-2024,Air,Europe,362,441.81,$487.61,159935.22,77.19,52,16,Delayed,On-Time
10191,P991,Chocolate,electronics,Prime Wholesale,USA Warehouse,29-09-2023,04-10-2023,08-10-2023,Express,Asia,367,386.35,$598.64,141790.45,640.19,399,3,Returned,Late
10395,P740,Car Battery,electronics,NextGen Supplies,USA warehouse,05-17-2024,24-05-2024,26-05-2024,Air,North America,122,212.88,$262.61,25971.36,511.37,204,-3,Returned,Late
10161,P565,LED TV,Electronics ,NextGen Supplies,China Hub,06-27-2024,04-07-2024,18-07-2024,Truck,South America,356,492.86,792.01,175458.16,68.94,301,11,Delayed,On-Time
10098,P287,Engine Oil,Automotive,Global Tech Ltd,India DC,06-17-2023,18-06-2023,03-07-2023,Express,EUROPE,103,344.36,592.8,35469.08,823.21,438,2,Delayed,Late
10244,P813,Laptop,Electronics,Global Tech Ltd,China Hub,08-11-2023,14-08-2023,29-08-2023,Air,North America,346,293.02,$546.85,101384.92,1133.89,692,10,Returned,On-Time
10487,P809,Car Battery,Electronics ,Global Tech Ltd,USA Warehouse,15-04-2023,21-04-2023,29-04-2023,Air,EUROPE,50,49.85,68.22,2492.5,461.76,256,3,Returned,Late
10052,P671,LED TV,Apparel,NextGen Supplies,Brazil Hub,12-10-2023,19-10-2023,24-10-2023,Express,Europe,89,305,387.82,27145,1806.55,55,15,Returned,On-Time
10362,P622,Smartphone,Automotive ,Vertex Distributors,Brazil Hub,20-06-2024,24-06-2024,09-07-2024,Air,North America,395,301.78,559.63,119203.1,534.63,952,6,Shipped,On-Time
10079,P549,Office Chair,apparel,NextGen Supplies,China Hub,26-11-2024,02-12-2024,15-12-2024,Air,EUROPE,18,277.88,400.75,5001.84,1687.4,234,4,Cancelled,Late
10449,P420,Laptop,Electronics ,Alpha Traders,Germany Warehouse,26-10-2023,31-10-2023,06-11-2023,Express, north america,150,325.06,557.59 USD,48759,1220.56,-19,19,Shipped,Late
10200,P123,Sofa,Furniture,Prime Wholesale,USA Warehouse,15-01-2024,21-01-2024,27-01-2024,Air,Europe,224,81,$161.15,18144,1597.43,526,12,Shipped,Late
10325,P696,Sofa,apparel,Prime Wholesale,India DC,04-17-2024,21-04-2024,26-04-2024,Sea,Europe,361,134.52,218.44,48561.72,1190.25,326,2,Shipped,On-Time
10265,P314,Sofa,electronics,Alpha Traders,USA warehouse,04-21-2023,22-04-2023,28-04-2023,Truck, north america,210,281.27,446.3 USD,59066.7,109.66,436,6,Cancelled,On-Time
10418,P316,Dining Table,Food,Vertex Distributors,Brazil Hub,23-04-2024,26-04-2024,02-05-2024,Air,North America,490,230.43,$437.14,112910.7,1713.56,911,5,Cancelled,Late
10000,P387,Jacket,Electronics ,Delta Exporters,China Hub,21-07-2023,27-07-2023,10-08-2023,Express, north america,44,186.58,302.78,8209.52,398.79,945,12,Cancelled,Late
10332,P342,Smartphone,Automotive ,Alpha Traders,Germany Warehouse,28-12-2023,31-12-2023,10-01-2024,Air,North America,123,435.12,$626.1,53519.76,568.82,722,19,Cancelled,On-Time
10468,P290,Sneakers,Electronics ,Vertex Distributors,USA Warehouse,28-05-2023,31-05-2023,11-06-2023,Air,Europe,338,188.53,$364.54,63723.14,977.93,951,4,Returned,Late
10108,P177,Frozen Pizza,Electronics,Prime Wholesale,USA Warehouse,23-06-2024,24-06-2024,08-07-2024,Truck,Asia,211,277.8,$499.57,58615.8,478.89,709,2,Delayed,Late
10382,P834,Smartphone,Food,NextGen Supplies,India DC,16-11-2024,21-11-2024,05-12-2024,Air,North America,50,498.21,686.27 USD,24910.5,1794.31,748,2,Delayed,On-Time
10490,P490,Laptop,Apparel,Vertex Distributors,India DC,06-08-2023,13-08-2023,15-08-2023,Air,EUROPE,244,87.54,$100.12,21359.76,626.11,477,13,Delayed,Late
10234,P223,Sofa,Electronics,Global Tech Ltd,India DC,11-20-2024,24-11-2024,29-11-2024,Air,EUROPE,306,483.13,938.17,147837.78,1479.81,560,19,Delayed,On-Time
10185,P219,T-shirt,apparel,Alpha Traders,India DC,08-02-2023,12-02-2023,23-02-2023,Truck,EUROPE,191,237.94,$419.25,45446.54,464.41,809,6,Delayed,Late
10176,P613,Engine Oil,Food,Delta Exporters,USA Warehouse,11-01-2024,17-01-2024,29-01-2024,Truck,EUROPE,57,456.21,$752.81,26003.97,1820.73,179,8,Shipped,On-Time
10359,P237,Jacket,Electronics,Prime Wholesale,China Hub,09-10-2024,10-10-2024,17-10-2024,Sea,EUROPE,70,436.8,587.77 USD,30576,1770.94,924,18,Returned,Late
10443,P900,Chocolate,Food,Global Tech Ltd,Brazil Hub,15-08-2024,18-08-2024,23-08-2024,Express,Europe,36,141.6,223.62,5097.6,1253.37,255,14,Cancelled,On-Time
10178,P326,Office Chair,Automotive,Delta Exporters,Brazil Hub,08-17-2023,,,Truck, north america,226,410.46,561.96 USD,92763.96,1004.23,987,6,Delayed,On-Time
10335,P397,Smartphone,Furniture,Vertex Distributors,Brazil Hub,03-27-2023,28-03-2023,08-04-2023,Truck,North America,419,325.2,402.68,136258.8,1831.34,924,20,Shipped,Late
10177,P316,Dining Table,Furniture,Delta Exporters,USA Warehouse,11-06-2024,12-06-2024,16-06-2024,Truck,South America,475,413.46,574.59,196393.5,1994.82,147,9,Cancelled,On-Time
10390,P754,Headphones,electronics,Prime Wholesale,Brazil Hub,07-17-2023,24-07-2023,31-07-2023,Air,South America,79,264.83,$457.68,20921.57,546.41,484,19,Cancelled,Late
10103,P646,Engine Oil,apparel,Prime Wholesale,India DC,20-01-2023,26-01-2023,28-01-2023,Express,Europe,133,395.07,580.54,52544.31,1346.43,849,15,Returned,On-Time
10067,P570,Tablet,Apparel,Prime Wholesale, China Hub,06-27-2024,04-07-2024,06-07-2024,Truck,Europe,425,221.08,$430.54,93959,1913.08,419,16,Shipped,On-Time
10037,P446,Office Chair,Furniture,Global Tech Ltd,India DC,11-09-2023,15-11-2023,21-11-2023,Express,EUROPE,244,290.14,377.96,70794.16,1767.65,292,1,Cancelled,Late
10175,P746,Sneakers,Automotive ,NextGen Supplies,Germany Warehouse,22-04-2023,27-04-2023,12-05-2023,Air,South America,195,266.68,415.23,52002.6,1406.94,549,11,Shipped,Late
10500,P154,Chocolate,Electronics ,Alpha Traders,USA Warehouse,24-03-2024,26-03-2024,31-03-2024,Sea,South America,71,183.97,267.76,13061.87,9085.9,249,-2,Returned,On-Time
10132,P663,Brake Pads,Furniture,Global Tech Ltd,India DC,09-05-2024,,,Truck,Europe,323,499.7,857.18,161403.1,1047.41,990,-1,Cancelled,Late
10100,P784,T-shirt,Electronics,Prime Wholesale,USA Warehouse,05-04-2024,07-04-2024,15-04-2024,Express,Europe,117,435.54,830.73,50958.18,1581.87,735,7,Delayed,On-Time
10070,P538,Frozen Pizza,Apparel,Alpha Traders,USA warehouse,07-19-2023,26-07-2023,03-08-2023,Sea,EUROPE,99,120.95,164.76,11974.05,1053.95,207,3,Delayed,Late
10067,P872,Smartphone,apparel,Orion Manufacturing,Germany Warehouse,22-10-2023,28-10-2023,10-11-2023,Air,North America,468,179.46,$267.07,83987.28,213.06,495,11,Shipped,Late
10173,P838,Headphones,Automotive ,Alpha Traders,Brazil Hub,03-04-2023,10-03-2023,13-03-2023,Air,EUROPE,230,97.67,178.38,22464.1,509.38,580,6,Delayed,Late
10213,P489,Sofa,electronics,Orion Manufacturing, China Hub,06-24-2024,29-06-2024,12-07-2024,Air, north america,213,47.41,86.14,10098.33,1833.98,287,14,Shipped,Late
10410,P538,Tablet,electronics,Orion Manufacturing,India DC,15-08-2023,,,Sea,South America,381,123.42,$213.27,47023.02,1089.36,100,19,Cancelled,On-Time
10360,P616,Engine Oil,Furniture,Orion Manufacturing,Brazil Hub,18-06-2023,24-06-2023,29-06-2023,Truck,North America,48,284.6,483.04 USD,13660.8,489.55,50,15,Shipped,Late
10334,P795,Office Chair,electronics,Global Tech Ltd,China Hub,07-10-2024,14-07-2024,22-07-2024,Sea,North America,463,258.53,449.45,119699.39,246.28,385,7,Cancelled,Late
10290,P874,Engine Oil,Apparel,Alpha Traders,USA Warehouse,12-10-2024,18-10-2024,25-10-2024,Express,Europe,310,380.36,637.72,117911.6,614.71,88,9,Cancelled,On-Time
10339,P284,Engine Oil,electronics,Prime Wholesale,USA Warehouse,05-01-2024,09-01-2024,14-01-2024,Express,North America,45,323.34,$391.19,14550.3,865.61,621,15,Delayed,Late
10243,P801,Sofa,Apparel,Delta Exporters,Brazil Hub,17-12-2023,20-12-2023,25-12-2023,Sea,Asia,72,206.35,377.42,14857.2,170.66,432,0,Shipped,On-Time
10421,P510,T-shirt,Automotive,Vertex Distributors,USA Warehouse,01-19-2024,26-01-2024,28-01-2024,Truck, north america,29,183.63,$264.7,5325.27,1748.69,128,-2,Shipped,Late
10472,P555,Chocolate,Furniture,Vertex Distributors, China Hub,20-04-2024,24-04-2024,09-05-2024,Air,EUROPE,309,328.59,514.72,101534.31,373.72,186,5,Returned,On-Time
10158,P987,Engine Oil,Electronics,Prime Wholesale,Germany Warehouse,04-24-2024,27-04-2024,04-05-2024,Truck,Asia,216,241.75,463.96,52218,16913.7,189,1,Returned,On-Time
10453,P612,Engine Oil,Electronics,Prime Wholesale,Brazil Hub,16-10-2023,19-10-2023,24-10-2023,Sea,EUROPE,236,443.2,574.04,104595.2,1587.11,867,-3,Cancelled,Late
10407,P836,Frozen Pizza,Electronics,Vertex Distributors,India DC,27-11-2024,01-12-2024,07-12-2024,Truck,South America,357,56.21,75.24,20066.97,857.85,25,20,Delayed,Late
10499,P343,Chocolate,Food,NextGen Supplies,USA Warehouse,11-11-2023,,,Sea,EUROPE,80,22.41,42.13 USD,1792.8,1774.3,710,1,Shipped,On-Time
10187,P798,Jacket,Food,Prime Wholesale,Germany Warehouse,28-04-2024,01-05-2024,13-05-2024,Express,Asia,322,440.99,788.94,141998.78,282.88,225,20,Shipped,On-Time
10207,P581,Engine Oil,apparel,Alpha Traders,USA warehouse,14-07-2023,21-07-2023,26-07-2023,Air, north america,109,16.41,28.51,1788.69,1193.41,724,18,Cancelled,On-Time
10129,P512,Sneakers,Electronics,Orion Manufacturing,India DC,24-11-2023,30-11-2023,05-12-2023,Air, north america,279,274.82,477.35 USD,76674.78,799.64,370,18,Returned,Late
10267,P982,Chocolate,Apparel,NextGen Supplies,Brazil Hub,26-09-2023,,,Sea,Asia,367,350.38,$688.69,128589.46,161.66,480,-2,Returned,Late
10289,P992,Engine Oil,apparel,Prime Wholesale,USA Warehouse,27-08-2024,02-09-2024,12-09-2024,Truck,South America,307,148.76,212.08,45669.32,101.88,815,1,Returned,On-Time
10068,P770,Laptop,apparel,Delta Exporters,USA Warehouse,25-11-2024,01-12-2024,10-12-2024,Air, north america,369,233.24,382.13 USD,86065.56,280.46,210,18,Shipped,On-Time
10228,P948,Car Battery,Electronics,Alpha Traders,USA warehouse,11-02-2024,06-11-2024,13-11-2024,Truck,South America,272,319.16,482.12,86811.52,555.16,785,19,Delayed,Late
10196,P321,Sneakers,Electronics ,Delta Exporters,India DC,12-07-2023,19-07-2023,02-08-2023,Sea,Asia,4,315.42,526.57 USD,1261.68,812.71,710,11,Shipped,On-Time
10471,P798,Sneakers,Furniture,Alpha Traders,USA Warehouse,01-02-2023,05-02-2023,14-02-2023,Sea, north america,31,416.24,752.78,12903.44,1998.51,218,13,Shipped,Late
10355,P223,LED TV,Automotive ,Vertex Distributors,Germany Warehouse,09-13-2023,20-09-2023,30-09-2023,Air,Europe,390,211.82,346.67,82609.8,1621.22,230,14,Returned,Late
10451,P642,T-shirt,electronics,Global Tech Ltd,USA warehouse,31-03-2023,02-04-2023,11-04-2023,Air,Asia,276,174.43,251.81,48142.68,366.82,427,2,Shipped,On-Time
10269,P939,Brake Pads,Electronics ,Vertex Distributors,China Hub,08-12-2023,,,Air, north america,209,474.97,$894.57,99268.73,781.09,553,9,Returned,On-Time
10115,P361,Sneakers,Electronics,Prime Wholesale,India DC,05-09-2023,,,Sea,South America,497,278.49,507.63 USD,138409.53,764.53,900,17,Cancelled,On-Time
10017,P315,Jacket,apparel,Delta Exporters,India DC,10-22-2023,23-10-2023,06-11-2023,Sea, north america,225,198.04,$281.51,44559,1770.66,894,-1,Delayed,Late
10170,P149,Sofa,Electronics ,Delta Exporters,USA warehouse,05-30-2023,,,Express,South America,303,366.47,689.65,111040.41,1149.21,418,20,Delayed,On-Time
10433,P653,Dining Table,Food,Vertex Distributors,India DC,05-21-2024,,,Express,North America,493,477,760.68 USD,235161,476.89,747,18,Delayed,On-Time
10015,P608,Sneakers,electronics,Delta Exporters,USA Warehouse,09-18-2024,25-09-2024,08-10-2024,Sea,South America,279,251.24,452.64,70095.96,9761.9,845,12,Shipped,Late
10234,P262,Frozen Pizza,Electronics ,Global Tech Ltd,India DC,15-08-2024,20-08-2024,24-08-2024,Express, north america,182,229.5,323.77,41769,1031.79,120,14,Shipped,Late
10077,P340,Dining Table,apparel,Global Tech Ltd,USA Warehouse,30-03-2024,02-04-2024,10-04-2024,Sea,South America,30,254.48,$490.96,7634.4,785.5,63,9,Cancelled,On-Time
10457,P781,Laptop,Electronics,Vertex Distributors, China Hub,01-06-2023,09-01-2023,22-01-2023,Truck,Asia,88,156.03,262.67,13730.64,1887.59,179,5,Shipped,On-Time
10357,P485,Car Battery,Apparel,Orion Manufacturing,Brazil Hub,04-20-2024,21-04-2024,24-04-2024,Truck, north america,7,387.65,462.23,2713.55,984.91,172,17,Cancelled,On-Time
10056,P714,LED TV,Food,Global Tech Ltd,China Hub,10-10-2024,11-10-2024,17-10-2024,Express,Europe,407,278.81,426.87,113475.67,13325.3,693,17,Returned,On-Time
10136,P480,Chocolate,Electronics ,Vertex Distributors,USA warehouse,04-29-2023,06-05-2023,09-05-2023,Sea,EUROPE,175,42.53,69.72 USD,7442.75,764.67,236,7,Cancelled,On-Time
10159,P415,Dining Table,Electronics,Vertex Distributors,Brazil Hub,13-04-2023,14-04-2023,19-04-2023,Truck, north america,170,461.1,$836.29,78387,405.73,227,16,Cancelled,Late
10324,P769,Brake Pads,Automotive ,NextGen Supplies,India DC,25-09-2024,02-10-2024,08-10-2024,Express,Europe,391,214.49,416.29,83865.59,1189.03,974,-1,Returned,On-Time
10004,P778,Engine Oil,Electronics ,Vertex Distributors,Brazil Hub,09-08-2023,10-08-2023,24-08-2023,Express,North America,118,481.56,924.21,56824.08,1225.15,455,10,Delayed,On-Time
10131,P227,T-shirt,apparel,Global Tech Ltd, China Hub,23-01-2023,30-01-2023,09-02-2023,Sea, north america,175,293.17,554.69,51304.75,1298.92,81,1,Cancelled,On-Time
10443,P130,Sneakers,Food,Prime Wholesale,Germany Warehouse,20-01-2023,22-01-2023,25-01-2023,Sea,EUROPE,313,321.99,$573.09,100782.87,1855.93,405,3,Cancelled,On-Time
10223,P851,Laptop,electronics,Alpha Traders, China Hub,02-09-2023,11-02-2023,19-02-2023,Sea,Asia,46,105.71,205,4862.66,1367.48,691,16,Cancelled,On-Time
10119,P520,Smartphone,Automotive,NextGen Supplies, China Hub,13-03-2023,20-03-2023,23-03-2023,Truck,EUROPE,329,27.1,33.62,8915.9,1907.01,327,0,Returned,Late
10192,P698,Brake Pads,Automotive,Global Tech Ltd, China Hub,05-11-2024,12-11-2024,24-11-2024,Air,South America,388,90.39,$105.18,35071.32,593.97,57,-2,Returned,On-Time
10181,P552,Tablet,Food,Alpha Traders,Brazil Hub,12-30-2023,04-01-2024,12-01-2024,Truck,EUROPE,277,155.05,277.43,42948.85,488.31,265,-1,Cancelled,Late
10296,P493,Smartphone,Food,Prime Wholesale,Germany Warehouse,09-08-2024,12-08-2024,22-08-2024,Air,Europe,14,190.52,295.25,2667.28,12.2,308,20,Shipped,On-Time
10188,P854,T-shirt,Food,Prime Wholesale, China Hub,27-10-2024,30-10-2024,08-11-2024,Air,Asia,187,486.36,$559.19,90949.32,1444.53,869,15,Delayed,On-Time
10200,P344,Frozen Pizza,Automotive ,Global Tech Ltd,India DC,09-01-2024,08-09-2024,17-09-2024,Truck, north america,315,350.18,402.02,110306.7,1414.35,335,2,Delayed,Late
10220,P709,Jeans,Automotive,Global Tech Ltd,China Hub,01-04-2023,03-04-2023,08-04-2023,Truck, north america,148,90.23,169.04,13354.04,339.23,86,9,Cancelled,On-Time
10032,P989,Dining Table,Furniture,Prime Wholesale,Germany Warehouse,04-23-2023,26-04-2023,09-05-2023,Express,Asia,119,189.88,222.15,22595.72,1902.31,231,-3,Cancelled,On-Time
10040,P584,Car Battery,electronics,Vertex Distributors, China Hub,01-18-2023,23-01-2023,03-02-2023,Sea,Europe,237,89.12,$131.64,21121.44,406.46,999,12,Delayed,On-Time
10074,P912,Laptop,Automotive,Orion Manufacturing,Germany Warehouse,04-01-2023,03-04-2023,10-04-2023,Sea,EUROPE,54,92.69,146.82,5005.26,1585.96,643,1,Returned,On-Time
10034,P696,Sneakers,Apparel,Vertex Distributors,USA warehouse,08-03-2024,14-03-2024,26-03-2024,Express,Asia,97,206.5,$266.4,20030.5,1099.6,283,16,Cancelled,Late
10198,P836,Headphones,Automotive ,Delta Exporters,Brazil Hub,01-10-2023,17-01-2023,25-01-2023,Sea,Europe,232,277.4,346.11,64356.8,177.92,887,6,Returned,On-Time
10222,P229,Chocolate,Automotive,Delta Exporters,Germany Warehouse,27-01-2024,01-02-2024,09-02-2024,Air,North America,396,20.79,$39.02,8232.84,642.29,693,15,Cancelled,On-Time
10298,P693,Smartphone,Apparel,NextGen Supplies,USA warehouse,12-16-2023,19-12-2023,25-12-2023,Truck,South America,298,439.86,650.33,131078.28,35.09,431,4,Shipped,Late
10285,P427,LED TV,Electronics,Orion Manufacturing,Brazil Hub,04-07-2023,09-07-2023,17-07-2023,Express,EUROPE,210,98.75,$171.29,20737.5,76.35,728,4,Cancelled,Late
10167,P609,Headphones,Furniture,NextGen Supplies,Germany Warehouse,20-07-2023,24-07-2023,06-08-2023,Express,North America,334,199.47,341.71,66622.98,732.6,395,13,Cancelled,Late
10275,P585,Engine Oil,Apparel,Prime Wholesale,USA warehouse,02-07-2024,09-07-2024,17-07-2024,Truck, north america,497,407.47,562.12,202512.59,1694.49,913,19,Cancelled,Late
10278,P980,Sofa,Electronics ,Orion Manufacturing,Germany Warehouse,07-13-2024,17-07-2024,22-07-2024,Air,North America,330,140.22,$198.69,46272.6,1464.1,694,12,Cancelled,On-Time
10450,P385,Frozen Pizza,Furniture,NextGen Supplies,Germany Warehouse,09-23-2023,28-09-2023,07-10-2023,Air,Europe,314,62.68,$104.73,19681.52,1287.11,832,4,Returned,Late
10418,P303,Laptop,Apparel,Vertex Distributors,Germany Warehouse,07-03-2023,,,Truck,EUROPE,158,277.37,429.19,43824.46,18413.1,816,-3,Returned,Late
10251,P534,Sneakers,Electronics,NextGen Supplies, China Hub,14-07-2024,18-07-2024,26-07-2024,Express, north america,39,323.58,512.29 USD,12619.62,935.4,612,9,Delayed,On-Time
10264,P973,Sofa,Automotive,Delta Exporters, China Hub,10-03-2023,14-03-2023,25-03-2023,Sea,EUROPE,355,330.69,365.17,117394.95,186.01,140,5,Shipped,Late
10313,P875,Headphones,Apparel,Alpha Traders,USA warehouse,14-04-2024,18-04-2024,21-04-2024,Air,EUROPE,30,489.4,883.81,14682,198.14,127,3,Delayed,On-Time
10222,P786,Jacket,Automotive,Prime Wholesale,India DC,06-10-2024,13-10-2024,19-10-2024,Truck,Europe,205,343.79,637.75,70476.95,451.59,270,17,Delayed,Late
10118,P425,Car Battery,apparel,Delta Exporters,USA warehouse,03-15-2024,17-03-2024,22-03-2024,Express,Asia,423,330.2,$571.72,139674.6,879.43,271,-1,Delayed,Late
10050,P960,Dining Table,Furniture,Vertex Distributors,Brazil Hub,08-10-2023,14-08-2023,27-08-2023,Air,Asia,57,19.41,33.77,1106.37,348.75,640,0,Shipped,Late
10269,P330,LED TV,Food,Prime Wholesale,USA Warehouse,06-29-2023,05-07-2023,10-07-2023,Air,South America,21,367.86,500.87,7725.06,1467.85,835,17,Returned,On-Time
10069,P212,Sneakers,Automotive ,Orion Manufacturing, China Hub,18-02-2024,19-02-2024,02-03-2024,Sea,Asia,483,235.6,469.01 USD,113794.8,628.06,184,7,Shipped,Late
10463,P302,Laptop,Electronics,Orion Manufacturing,Brazil Hub,30-07-2024,31-07-2024,03-08-2024,Sea, north america,54,191.46,286.23,10338.84,68.23,210,13,Shipped,On-Time
10437,P743,Engine Oil,apparel,Global Tech Ltd,Brazil Hub,05-24-2023,25-05-2023,07-06-2023,Express,Europe,399,348.74,684.59 USD,139147.26,1322.81,320,11,Returned,On-Time
10159,P658,Sofa,Food,Delta Exporters,Brazil Hub,07-20-2023,24-07-2023,01-08-2023,Air,North America,493,116.18,190.1,57276.74,1381.34,819,2,Shipped,On-Time
10149,P696,Jacket,Furniture,Vertex Distributors, China Hub,06-09-2024,07-09-2024,21-09-2024,Truck, north america,146,376.57,$728.87,54979.22,907.4,265,4,Shipped,On-Time
10496,P789,Sneakers,Automotive ,Global Tech Ltd,USA Warehouse,12-09-2023,17-09-2023,26-09-2023,Express, north america,169,80.81,$114.58,13656.89,1311.7,10,5,Cancelled,Late
10452,P744,Engine Oil,Automotive ,Prime Wholesale,Brazil Hub,04-18-2023,20-04-2023,04-05-2023,Express,North America,456,69.49,113.9,31687.44,216.98,489,17,Shipped,On-Time
10252,P184,LED TV,Furniture,NextGen Supplies,Brazil Hub,01-19-2023,20-01-2023,04-02-2023,Sea,Europe,178,206.51,323.87 USD,36758.78,150.66,507,-1,Shipped,Late
10461,P934,LED TV,Food,Prime Wholesale,USA Warehouse,06-22-2023,23-06-2023,07-07-2023,Sea,Asia,72,321.56,378.56 USD,23152.32,560.83,748,4,Cancelled,On-Time
10392,P939,Car Battery,Electronics ,Delta Exporters,USA Warehouse,08-01-2024,02-08-2024,15-08-2024,Sea, north america,324,129.72,155.5,42029.28,496.29,483,-3,Delayed,Late
10064,P515,Dining Table,Electronics,Global Tech Ltd,India DC,28-02-2024,01-03-2024,09-03-2024,Truck,North America,58,140.29,156.09 USD,8136.82,634.1,-50,-1,Cancelled,On-Time
10424,P126,Sneakers,Furniture,NextGen Supplies,USA warehouse,26-10-2024,31-10-2024,10-11-2024,Sea,Europe,58,120.71,223.68,7001.18,1897.05,735,-1,Shipped,On-Time
10012,P467,Sneakers,Electronics ,Prime Wholesale,India DC,05-28-2024,29-05-2024,02-06-2024,Express, north america,29,312.5,557.41,9062.5,858.73,754,7,Shipped,On-Time
10350,P594,Tablet,Apparel,Global Tech Ltd,Germany Warehouse,10-28-2024,31-10-2024,14-11-2024,Truck,South America,205,108.11,$127.59,22162.55,386.3,744,16,Returned,Late
10285,P327,Frozen Pizza,Automotive ,Vertex Distributors, China Hub,15-08-2024,16-08-2024,28-08-2024,Air,Europe,115,75.2,97.81,8648,1312,101,14,Returned,Late
10073,P428,LED TV,Apparel,Global Tech Ltd,USA warehouse,05-23-2023,25-05-2023,03-06-2023,Sea,Europe,409,136.09,220.57,55660.81,1548.05,87,-3,Shipped,Late
10150,P281,Jacket,apparel,Alpha Traders,China Hub,23-07-2023,,,Air, north america,280,144.91,184.42 USD,40574.8,902.24,-14,16,Delayed,Late
10069,P217,Engine Oil,Electronics ,Delta Exporters,Brazil Hub,04-10-2023,17-04-2023,02-05-2023,Air, north america,485,128.14,202.83,62147.9,417.47,888,1,Shipped,Late
10330,P366,Sofa,Electronics ,Alpha Traders,USA warehouse,20-05-2023,24-05-2023,03-06-2023,Air,North America,401,47.99,71.25,19243.99,783.63,430,16,Delayed,Late
10329,P129,Jacket,electronics,Alpha Traders,USA warehouse,03-02-2023,,,Air, north america,137,348.37,498.25,47726.69,1425.66,720,1,Shipped,On-Time
10191,P231,Tablet,Automotive,Global Tech Ltd,USA warehouse,09-02-2024,07-09-2024,19-09-2024,Air,Europe,276,423.68,639.91,116935.68,1264.08,161,16,Returned,Late
10135,P768,Office Chair,Electronics ,Global Tech Ltd, China Hub,08-08-2023,13-08-2023,28-08-2023,Sea,North America,360,498.99,$756.8,179636.4,406.87,425,17,Shipped,Late
10204,P437,Office Chair,Electronics ,NextGen Supplies,Germany Warehouse,09-06-2023,,,Air,Asia,3,150.99,276.56,452.97,1248.32,350,7,Delayed,On-Time
10010,P866,Brake Pads,Automotive ,Orion Manufacturing,Brazil Hub,16-07-2024,22-07-2024,30-07-2024,Truck,Asia,487,300.09,365.72 USD,146143.83,962.29,238,19,Delayed,Late
10316,P169,Frozen Pizza,Apparel,Vertex Distributors, China Hub,29-03-2024,02-04-2024,05-04-2024,Air, north america,464,216.83,303.74,100609.12,441.51,660,16,Shipped,Late
10126,P627,Engine Oil,Electronics ,NextGen Supplies,India DC,05-27-2023,31-05-2023,14-06-2023,Sea,South America,269,494.42,$587.49,132998.98,1552.53,42,1,Returned,On-Time
10485,P249,Jeans,electronics,Orion Manufacturing,Brazil Hub,18-02-2024,21-02-2024,29-02-2024,Air,Asia,130,353.33,$559.22,45932.9,1396.38,765,16,Delayed,On-Time
10218,P796,Chocolate,Food,Alpha Traders,USA Warehouse,11-27-2023,02-12-2023,06-12-2023,Truck,EUROPE,232,454.76,797.45,105504.32,365.35,236,15,Shipped,Late
10153,P401,Chocolate,apparel,Global Tech Ltd,Germany Warehouse,18-08-2023,22-08-2023,24-08-2023,Truck,EUROPE,285,69.58,77.02,19830.3,18381.8,780,-1,Shipped,On-Time
10056,P592,T-shirt,Automotive ,Orion Manufacturing,USA warehouse,04-12-2024,16-04-2024,19-04-2024,Truck,North America,93,483.61,$875.38,44975.73,1971.46,447,1,Delayed,On-Time
10115,P508,Brake Pads,apparel,NextGen Supplies,Germany Warehouse,07-02-2023,04-07-2023,13-07-2023,Express,Asia,315,278.08,434.39 USD,87595.2,396.51,203,9,Delayed,Late
10479,P842,T-shirt,Automotive ,Orion Manufacturing,USA warehouse,25-07-2023,29-07-2023,09-08-2023,Express,Asia,180,174.01,274.53,31321.8,1606.31,46,11,Shipped,On-Time
10236,P156,Smartphone,Automotive,Vertex Distributors,Germany Warehouse,10-16-2023,19-10-2023,28-10-2023,Truck,Europe,396,415.57,469.28,164565.72,1033.48,98,11,Delayed,On-Time
10409,P481,Office Chair,Furniture,Vertex Distributors, China Hub,13-02-2023,14-02-2023,27-02-2023,Sea,Europe,141,400.01,520.28,56401.41,1180.58,197,4,Shipped,Late
10363,P289,Sofa,Electronics ,Prime Wholesale,Brazil Hub,09-27-2023,03-10-2023,08-10-2023,Air,EUROPE,270,473.24,$922.31,127774.8,461.04,641,3,Shipped,Late
10056,P808,LED TV,Apparel,Delta Exporters, China Hub,12-03-2023,05-12-2023,17-12-2023,Air, north america,115,133.33,179.15,15332.95,1691.17,643,13,Delayed,On-Time
10131,P161,Sneakers,Automotive,Global Tech Ltd,Brazil Hub,02-26-2024,04-03-2024,12-03-2024,Truck, north america,88,159.31,228.12,14019.28,1310.8,762,18,Shipped,Late
10093,P781,Laptop,Food,Alpha Traders,Germany Warehouse,01-03-2023,03-03-2023,13-03-2023,Truck, north america,484,14.44,19.61,6988.96,1340.29,124,4,Delayed,Late
10457,P257,Dining Table,Furniture,Delta Exporters,India DC,02-11-2024,05-11-2024,17-11-2024,Express,Asia,50,355.84,$445.99,17792,1152.66,339,3,Shipped,Late
10237,P995,Dining Table,Automotive,Global Tech Ltd, China Hub,29-08-2024,05-09-2024,18-09-2024,Truck,EUROPE,489,157.21,192.97,76875.69,717.27,769,2,Delayed,On-Time
10220,P100,Laptop,Electronics,Global Tech Ltd,USA Warehouse,08-03-2024,13-03-2024,18-03-2024,Express,EUROPE,433,97.22,165.1,42096.26,1526.83,594,13,Returned,On-Time
10268,P366,Chocolate,Automotive,Global Tech Ltd,Germany Warehouse,25-02-2023,04-03-2023,07-03-2023,Sea,Europe,147,170.62,199.91,25081.14,624.93,1,12,Shipped,Late
10252,P831,Brake Pads,Automotive ,Global Tech Ltd,Brazil Hub,08-11-2023,14-11-2023,17-11-2023,Express,EUROPE,363,412.69,517.77 USD,149806.47,304.82,40,12,Shipped,Late
10456,P372,Dining Table,Furniture,NextGen Supplies, China Hub,03-31-2023,02-04-2023,16-04-2023,Express,South America,16,275.41,430.49,4406.56,1656.57,159,17,Shipped,On-Time
10157,P340,Tablet,Automotive ,Global Tech Ltd,Germany Warehouse,11-11-2023,18-11-2023,22-11-2023,Sea,EUROPE,325,131.09,165.17,42604.25,399.01,364,-1,Cancelled,On-Time
10427,P385,T-shirt,Furniture,Orion Manufacturing, China Hub,25-07-2024,26-07-2024,03-08-2024,Air,North America,59,78.19,137.3 USD,4613.21,648.68,761,18,Cancelled,On-Time
10260,P542,Jacket,Furniture,Alpha Traders,China Hub,13-08-2024,20-08-2024,03-09-2024,Air,Asia,410,300,$519.4,123000,1170.22,434,5,Delayed,Late
10025,P392,Jeans,apparel,Alpha Traders, China Hub,28-04-2023,04-05-2023,07-05-2023,Sea,South America,468,486.41,869.67,227639.88,2120,262,20,Returned,Late
10475,P144,Brake Pads,Electronics ,Orion Manufacturing,USA Warehouse,13-02-2024,14-02-2024,19-02-2024,Sea,South America,56,249.33,$401.89,13962.48,643.93,705,4,Delayed,Late
10397,P559,Jeans,Electronics,Global Tech Ltd,USA Warehouse,12-04-2023,17-04-2023,01-05-2023,Express,North America,353,344.28,$585.84,121530.84,594.03,634,14,Returned,On-Time
10081,P627,Smartphone,Automotive ,NextGen Supplies,Brazil Hub,05-15-2024,18-05-2024,20-05-2024,Express, north america,121,444.74,612.38 USD,53813.54,572.28,566,13,Returned,Late
10083,P573,T-shirt,Apparel,Delta Exporters,USA warehouse,09-29-2024,03-10-2024,11-10-2024,Sea,Asia,52,266.41,352.36,13853.32,1170.92,760,1,Cancelled,On-Time
10264,P850,Sofa,Apparel,Delta Exporters,China Hub,02-02-2024,04-02-2024,14-02-2024,Express,South America,425,212.32,$338.53,90236,331.07,217,8,Shipped,On-Time
10475,P676,Tablet,Electronics ,Global Tech Ltd,China Hub,11-10-2023,18-10-2023,23-10-2023,Express, north america,136,177.02,220,24074.72,1664.08,925,5,Cancelled,Late
10172,P346,Sneakers,Automotive ,Prime Wholesale,Germany Warehouse,06-18-2024,20-06-2024,26-06-2024,Truck,South America,283,234.01,$343.7,66224.83,1705.95,335,0,Returned,On-Time
10318,P569,Headphones,Apparel,Orion Manufacturing,Germany Warehouse,17-09-2023,24-09-2023,04-10-2023,Sea, north america,217,394.1,533.5 USD,85519.7,421.58,628,12,Cancelled,Late
10437,P581,Jeans,Food,Orion Manufacturing,China Hub,07-02-2023,11-02-2023,16-02-2023,Truck,Asia,386,402.62,$744.21,155411.32,973.94,730,7,Shipped,On-Time
10002,P845,T-shirt,Electronics,Delta Exporters,Brazil Hub,17-07-2023,18-07-2023,30-07-2023,Air,Europe,200,91.15,$118.3,18230,1503.64,518,7,Cancelled,Late
10050,P859,Jeans,Automotive ,Global Tech Ltd, China Hub,01-25-2024,30-01-2024,12-02-2024,Express,Asia,279,65.2,96.35 USD,18190.8,1867.27,301,4,Cancelled,On-Time
10387,P516,Brake Pads,Automotive ,Prime Wholesale, China Hub,04-12-2023,,,Sea,North America,71,245.01,465.56 USD,17395.71,724.87,421,5,Delayed,On-Time
10144,P768,Frozen Pizza,apparel,Delta Exporters, China Hub,10-17-2023,22-10-2023,04-11-2023,Sea,Asia,326,187.25,357.13,61043.5,1703.86,789,7,Delayed,Late
10477,P999,Smartphone,Automotive,Prime Wholesale,China Hub,10-01-2024,05-10-2024,20-10-2024,Express, north america,164,413.09,502.59 USD,67746.76,972.65,412,2,Cancelled,On-Time
10386,P815,Headphones,Electronics,Delta Exporters, China Hub,20-07-2024,26-07-2024,03-08-2024,Truck,Europe,216,85.85,132.64,18543.6,1951.6,108,10,Cancelled,Late
10360,P674,Chocolate,Furniture,Delta Exporters,Brazil Hub,24-02-2023,27-02-2023,02-03-2023,Truck,EUROPE,279,332.39,$409.73,92736.81,318.82,577,-2,Returned,On-Time
10164,P171,Office Chair,electronics,Global Tech Ltd,Germany Warehouse,07-19-2023,,,Air,North America,292,50.34,95.78 USD,14699.28,847.27,795,9,Delayed,Late
10347,P284,Sofa,electronics,Prime Wholesale,USA Warehouse,12-03-2023,04-12-2023,11-12-2023,Air,Europe,22,200.98,$394.79,4421.56,12.57,660,-3,Delayed,Late
10018,P835,Headphones,Food,Orion Manufacturing,China Hub,08-01-2024,13-01-2024,18-01-2024,Sea, north america,36,204.97,319.5,7378.92,1933.45,100,12,Delayed,On-Time
10034,P282,Laptop,Apparel,Vertex Distributors,Brazil Hub,24-02-2023,25-02-2023,11-03-2023,Air,Europe,457,261.11,414.15,119327.27,810.65,7,2,Delayed,On-Time
10294,P711,Laptop,Electronics,Global Tech Ltd,Germany Warehouse,09-25-2023,,,Sea,South America,239,187.49,$249.2,44810.11,770.73,982,4,Returned,Late
10151,P641,T-shirt,Food,Global Tech Ltd,Brazil Hub,09-15-2024,22-09-2024,07-10-2024,Express, north america,404,323.33,578.5,130625.32,1902.06,994,18,Delayed,On-Time
10038,P670,Jacket,Automotive,NextGen Supplies,Germany Warehouse,16-09-2023,21-09-2023,03-10-2023,Sea,North America,482,100.59,112.99 USD,48484.38,1768.68,101,6,Returned,Late
10252,P321,Brake Pads,Food,Vertex Distributors, China Hub,05-13-2024,17-05-2024,24-05-2024,Express,EUROPE,430,181.4,237.4,78002,11084,266,5,Returned,Late
10294,P530,Jacket,Electronics,Alpha Traders,USA Warehouse,05-12-2023,,,Air,EUROPE,214,184.85,$284.86,39557.9,1730.41,900,-2,Cancelled,Late
10029,P254,Engine Oil,Furniture,Vertex Distributors,Germany Warehouse,05-01-2023,06-01-2023,19-01-2023,Express,South America,249,352.35,488.08,87735.15,57.19,132,12,Cancelled,Late
10352,P210,Brake Pads,Food,Prime Wholesale,India DC,21-10-2023,26-10-2023,09-11-2023,Truck,South America,310,44.27,57.86,13723.7,14.9,592,11,Cancelled,Late
10338,P856,Frozen Pizza,Automotive,Orion Manufacturing, China Hub,03-31-2023,04-04-2023,18-04-2023,Truck,EUROPE,240,239.59,431.99,57501.6,1340.44,307,-2,Returned,On-Time
10268,P292,Engine Oil,Electronics,Global Tech Ltd,Brazil Hub,11-25-2023,30-11-2023,05-12-2023,Express,Europe,422,105.58,156.59 USD,44554.76,1328.76,255,18,Cancelled,Late
10440,P961,Smartphone,Furniture,Delta Exporters,USA Warehouse,03-07-2024,,,Truck,EUROPE,317,188.68,$276.98,59811.56,277.57,973,3,Shipped,Late
10201,P641,Brake Pads,Apparel,Global Tech Ltd,Brazil Hub,29-10-2024,01-11-2024,05-11-2024,Truck,South America,106,176.85,$345.74,18746.1,1077.68,601,19,Returned,Late
10052,P195,Office Chair,Furniture,Alpha Traders,China Hub,08-21-2024,,,Air,Asia,332,362.72,599.74,120423.04,1389.79,809,-2,Shipped,On-Time
10443,P864,Smartphone,Automotive ,Orion Manufacturing,Germany Warehouse,01-07-2023,12-01-2023,15-01-2023,Express, north america,376,23.5,29.88 USD,8836,274.4,502,2,Delayed,Late
10415,P612,Smartphone,Furniture,Orion Manufacturing,Germany Warehouse,26-03-2024,01-04-2024,06-04-2024,Sea,North America,405,92.31,179.74,37385.55,1999.96,1000,3,Shipped,Late
10078,P622,Dining Table,electronics,Vertex Distributors, China Hub,30-12-2023,,,Sea,North America,352,38.73,67.77,13632.96,876.82,742,-1,Shipped,On-Time
10440,P474,Smartphone,Electronics ,Global Tech Ltd,China Hub,11-18-2024,21-11-2024,03-12-2024,Sea, north america,356,483.78,640.9,172225.68,1972.02,372,19,Returned,Late
10291,P608,T-shirt,Automotive,Vertex Distributors,USA warehouse,06-19-2023,25-06-2023,30-06-2023,Express,Europe,52,72.97,112.56 USD,3794.44,1171.87,228,9,Shipped,On-Time
10105,P496,Frozen Pizza,Apparel,Delta Exporters,India DC,17-06-2023,19-06-2023,21-06-2023,Air,South America,431,140.89,169.04,60723.59,1006.38,982,0,Delayed,Late
10157,P685,Brake Pads,Electronics,Global Tech Ltd,USA warehouse,10-01-2023,04-10-2023,18-10-2023,Sea,Asia,357,113.86,213.74,40648.02,319.4,803,11,Delayed,On-Time
10126,P163,Jacket,apparel,Orion Manufacturing,India DC,10-01-2024,04-10-2024,10-10-2024,Truck, north america,484,174.25,208.48,84337,460.64,931,20,Shipped,Late
10018,P107,Chocolate,Electronics ,NextGen Supplies,USA Warehouse,10-25-2023,01-11-2023,09-11-2023,Air,Europe,303,391.02,469.69,118479.06,306.49,207,4,Cancelled,Late
10182,P982,LED TV,Automotive ,Alpha Traders,China Hub,05-04-2024,11-05-2024,20-05-2024,Sea, north america,344,57.19,72.16 USD,19673.36,623.44,961,14,Returned,On-Time
10406,P543,Dining Table,Apparel,Delta Exporters,Germany Warehouse,18-10-2024,19-10-2024,31-10-2024,Air,South America,354,478.24,$731.27,169296.96,1235.65,537,9,Cancelled,Late
10017,P794,T-shirt,Automotive,Delta Exporters,India DC,01-07-2023,14-01-2023,21-01-2023,Sea,Asia,78,373.43,544.11,29127.54,2671.5,619,13,Shipped,Late
10377,P512,Laptop,Electronics,Vertex Distributors,India DC,07-03-2023,13-03-2023,21-03-2023,Air,Asia,488,114.67,175.42,55958.96,116.36,770,13,Shipped,Late
10307,P166,Chocolate,Apparel,Alpha Traders,China Hub,03-07-2023,07-07-2023,11-07-2023,Express,EUROPE,432,216.87,243.83,93687.84,971.98,402,-2,Shipped,On-Time
10474,P634,Jeans,apparel,Orion Manufacturing,India DC,03-01-2023,,,Sea,Europe,262,422.6,715.92,110721.2,514.66,-40,3,Returned,On-Time
10425,P589,Frozen Pizza,Automotive ,NextGen Supplies,USA warehouse,02-04-2023,03-04-2023,14-04-2023,Truck,Asia,138,436.84,595.39 USD,60283.92,598.87,66,7,Returned,Late
10370,P889,Tablet,electronics,Vertex Distributors,China Hub,27-12-2023,02-01-2024,08-01-2024,Sea,Europe,171,200.69,$373.15,34317.99,92.37,319,0,Delayed,Late
10359,P666,Sofa,Electronics ,Prime Wholesale,USA Warehouse,13-01-2023,,,Sea,North America,126,306.63,488.34,38635.38,1648.57,57,11,Cancelled,On-Time
10357,P292,Jacket,Furniture,Prime Wholesale,Brazil Hub,06-28-2024,,,Sea,South America,41,446.1,693.08,18290.1,347.38,271,5,Delayed,On-Time
10096,P182,Smartphone,Furniture,Prime Wholesale,China Hub,14-09-2023,17-09-2023,30-09-2023,Express,South America,479,165.2,193.65 USD,79130.8,1362.45,739,2,Returned,Late
10051,P236,Dining Table,Furniture,Delta Exporters, China Hub,06-07-2024,09-07-2024,24-07-2024,Sea, north america,174,83.03,164.42,14447.22,1924.54,729,5,Delayed,Late
10241,P290,Tablet,Automotive,Orion Manufacturing,USA warehouse,03-15-2023,20-03-2023,01-04-2023,Truck, north america,69,177.39,$292.37,12239.91,1769.3,-24,13,Delayed,On-Time
10130,P803,Engine Oil,Apparel,Global Tech Ltd,India DC,02-20-2023,23-02-2023,10-03-2023,Express,Europe,224,445.94,589.48 USD,99890.56,452.95,857,5,Shipped,Late
10424,P985,Jeans,Automotive ,Orion Manufacturing,USA Warehouse,10-05-2023,,,Truck,EUROPE,440,489.27,$866.52,215278.8,593.13,496,1,Returned,On-Time
10352,P916,Smartphone,Automotive,Alpha Traders,Brazil Hub,29-03-2024,03-04-2024,12-04-2024,Air,North America,144,211.16,380.2,30407.04,352.72,857,1,Shipped,Late
10074,P591,LED TV,Automotive,Vertex Distributors,Germany Warehouse,30-03-2024,,,Sea, north america,337,272.26,381.57 USD,91751.62,5693.7,106,7,Shipped,On-Time
10233,P599,LED TV,Furniture,Orion Manufacturing,Germany Warehouse,09-16-2023,18-09-2023,21-09-2023,Express, north america,308,160.78,209.78,49520.24,1894.49,402,11,Delayed,On-Time
10492,P716,LED TV,Apparel,Alpha Traders,Brazil Hub,05-05-2024,,,Sea,Asia,200,77.78,$98.2,15556,431.18,412,14,Returned,Late
10251,P144,Brake Pads,Electronics ,Alpha Traders,India DC,22-11-2023,26-11-2023,04-12-2023,Air,Europe,79,138.03,$221.7,10904.37,854.82,177,13,Shipped,Late
10168,P311,Smartphone,Automotive ,Alpha Traders,China Hub,22-09-2023,29-09-2023,09-10-2023,Express,EUROPE,443,408.67,$506.02,181040.81,500.48,688,16,Shipped,On-Time
10054,P790,Office Chair,Electronics ,Global Tech Ltd,USA warehouse,14-09-2023,20-09-2023,27-09-2023,Sea, north america,195,119.29,179.33 USD,23261.55,587.54,-9,11,Returned,Late
10372,P848,Tablet,Automotive ,Orion Manufacturing,USA warehouse,21-09-2024,,,Truck,South America,499,198.02,$245.06,98811.98,1034.74,910,11,Returned,On-Time
10029,P872,Laptop,Automotive ,Orion Manufacturing,China Hub,13-12-2023,,,Express,North America,38,364.93,667.46 USD,13867.34,1847.48,586,10,Returned,On-Time
10017,P619,Dining Table,Apparel,NextGen Supplies,Brazil Hub,25-03-2023,01-04-2023,10-04-2023,Truck,Asia,41,158.15,201.4,6484.15,1874.74,957,11,Shipped,Late
10022,P840,Sneakers,Furniture,Alpha Traders,Germany Warehouse,02-21-2023,23-02-2023,03-03-2023,Express,Europe,158,138.65,244.63,21906.7,565.87,199,13,Returned,Late
10247,P649,Engine Oil,electronics,Vertex Distributors,USA Warehouse,07-18-2024,24-07-2024,28-07-2024,Sea,North America,213,198.62,$355.79,42306.06,483.71,906,9,Delayed,On-Time
10207,P286,Sneakers,electronics,NextGen Supplies,China Hub,09-23-2023,29-09-2023,14-10-2023,Air,South America,9,214.16,276.43,1927.44,1797.22,652,11,Returned,On-Time
10132,P272,Chocolate,Food,Vertex Distributors,USA warehouse,12-31-2023,07-01-2024,21-01-2024,Sea,Asia,38,263.41,430.45,10009.58,1686.03,526,6,Delayed,Late
10132,P245,Chocolate,Electronics ,Alpha Traders,Germany Warehouse,10-15-2024,19-10-2024,28-10-2024,Truck, north america,223,244.27,406.96,54472.21,1394.89,479,18,Shipped,On-Time
10221,P305,Car Battery,apparel,Prime Wholesale,USA warehouse,12-04-2024,13-04-2024,27-04-2024,Air,Asia,430,480.67,$797.09,206688.1,1662.36,215,6,Cancelled,Late
10464,P655,Sneakers,Food,Alpha Traders,Germany Warehouse,02-02-2023,05-02-2023,16-02-2023,Air,Asia,367,220.13,354.25,80787.71,1174.09,321,8,Shipped,Late
10077,P830,Sofa,Food,NextGen Supplies,China Hub,25-05-2024,27-05-2024,11-06-2024,Truck,Europe,54,40.79,73.11,2202.66,1537.37,308,18,Returned,On-Time
10035,P794,T-shirt,Automotive ,Delta Exporters,Brazil Hub,13-09-2024,14-09-2024,23-09-2024,Express, north america,259,372.98,$683.1,96601.82,382.88,210,4,Delayed,Late
10178,P427,Car Battery,Automotive,Global Tech Ltd, China Hub,20-08-2023,26-08-2023,06-09-2023,Sea,Asia,1,411.07,697.66,411.07,364.29,500,3,Shipped,Late
10009,P596,Jeans,Furniture,Alpha Traders,Brazil Hub,09-03-2024,,,Express,Asia,109,153.28,$256.18,16707.52,1610.29,820,3,Cancelled,On-Time
10124,P762,Headphones,Electronics ,Vertex Distributors,China Hub,10-06-2024,16-06-2024,19-06-2024,Truck,Europe,2,129.25,216.92,258.5,1691.11,671,0,Delayed,Late
10194,P679,Engine Oil,Electronics ,Orion Manufacturing,USA Warehouse,31-07-2023,02-08-2023,08-08-2023,Express,Europe,31,398.79,466.58,12362.49,960.79,889,10,Delayed,Late
10274,P267,Tablet,apparel,Prime Wholesale,Brazil Hub,21-04-2023,28-04-2023,07-05-2023,Sea, north america,235,166.29,250.82,39078.15,1447.78,49,2,Shipped,On-Time
10340,P112,Office Chair,Electronics ,NextGen Supplies,USA warehouse,06-03-2023,11-03-2023,17-03-2023,Express,Europe,17,383.71,596.2,6523.07,1027.8,464,-3,Returned,On-Time
10418,P173,Engine Oil,Automotive ,Prime Wholesale,China Hub,18-08-2023,21-08-2023,05-09-2023,Sea,EUROPE,113,47.56,90.41,5374.28,808.71,272,6,Returned,On-Time
10050,P193,Jeans,electronics,Global Tech Ltd,Brazil Hub,15-01-2023,16-01-2023,18-01-2023,Truck,South America,391,87.3,$139.09,34134.3,1073.98,364,15,Shipped,On-Time
10404,P185,Brake Pads,Apparel,Orion Manufacturing,Germany Warehouse,09-15-2023,18-09-2023,01-10-2023,Express,South America,295,20.9,23.29,6165.5,632.12,664,19,Shipped,On-Time
10384,P894,Brake Pads,apparel,Global Tech Ltd, China Hub,19-03-2023,21-03-2023,04-04-2023,Express,EUROPE,205,261.66,290.29 USD,53640.3,1020.3,-32,10,Delayed,On-Time
10370,P749,Engine Oil,Food,Orion Manufacturing,Germany Warehouse,05-12-2024,17-05-2024,26-05-2024,Truck,Europe,447,8.35,11.72,3732.45,783.45,156,17,Returned,Late
10384,P284,LED TV,Apparel,Delta Exporters,USA Warehouse,19-02-2024,23-02-2024,27-02-2024,Air,Europe,460,228.75,405.96,105225,214.78,612,3,Delayed,Late
10211,P470,T-shirt,apparel,Prime Wholesale,India DC,10-09-2024,12-09-2024,25-09-2024,Sea,South America,371,357.61,590.48,132673.31,1213.51,918,11,Returned,Late
10097,P347,Sofa,Electronics ,NextGen Supplies,USA Warehouse,04-10-2024,16-04-2024,18-04-2024,Truck, north america,392,392.94,610.97 USD,154032.48,1918.26,261,19,Shipped,On-Time
10489,P111,Sofa,apparel,Delta Exporters,China Hub,19-06-2024,23-06-2024,05-07-2024,Sea,EUROPE,255,147,261.21 USD,37485,219.11,44,2,Delayed,On-Time
10069,P651,Smartphone,electronics,NextGen Supplies,Germany Warehouse,20-10-2024,25-10-2024,09-11-2024,Sea,South America,153,357.69,493.52 USD,54726.57,39.65,421,9,Returned,On-Time
10134,P205,Headphones,Furniture,Orion Manufacturing,Brazil Hub,02-10-2024,13-02-2024,15-02-2024,Air,EUROPE,112,51.09,94.09,5722.08,400.62,430,16,Delayed,Late
10043,P692,Car Battery,Food,Prime Wholesale,China Hub,11-04-2024,14-04-2024,22-04-2024,Truck,North America,398,488.4,$956.52,194383.2,1009.1,378,11,Delayed,On-Time
10401,P540,Office Chair,Furniture,Prime Wholesale,Germany Warehouse,27-01-2024,,,Express,EUROPE,442,99.53,$162.93,43992.26,808.02,660,0,Returned,Late
10145,P662,Sneakers,Electronics,Delta Exporters, China Hub,04-29-2023,02-05-2023,12-05-2023,Truck,North America,495,29.6,51.72 USD,14652,687.16,330,8,Returned,Late
10077,P605,Office Chair,electronics,Vertex Distributors,Germany Warehouse,03-02-2023,09-02-2023,19-02-2023,Express,EUROPE,77,67.44,$125.36,5192.88,645.58,303,1,Delayed,Late
10445,P288,Sneakers,apparel,Global Tech Ltd,USA warehouse,04-08-2023,15-04-2023,21-04-2023,Truck,Europe,316,351.85,540.71,111184.6,907.6,33,9,Shipped,Late
10462,P290,Office Chair,electronics,Prime Wholesale,Germany Warehouse,09-18-2023,22-09-2023,29-09-2023,Express,South America,81,388.86,$601.82,31497.66,1874.69,-44,8,Delayed,Late
10334,P684,Sofa,Automotive,NextGen Supplies,USA Warehouse,04-03-2024,11-03-2024,17-03-2024,Truck,Europe,494,121.8,173.14 USD,60169.2,130.53,418,-3,Cancelled,On-Time
10258,P823,Headphones,Electronics ,Delta Exporters,Brazil Hub,12-06-2023,11-12-2023,26-12-2023,Air,Europe,178,43.82,$75.07,7799.96,865.66,24,11,Returned,Late
10441,P222,T-shirt,Electronics ,Vertex Distributors,USA warehouse,07-24-2024,26-07-2024,05-08-2024,Express, north america,349,253.36,461.35 USD,88422.64,7.64,202,18,Delayed,On-Time
10140,P279,Jacket,Electronics,Vertex Distributors,Germany Warehouse,04-18-2023,23-04-2023,07-05-2023,Air,EUROPE,67,470.03,$689.9,31492.01,421.81,373,13,Cancelled,On-Time
10125,P451,Smartphone,apparel,Vertex Distributors, China Hub,03-24-2024,31-03-2024,06-04-2024,Sea,North America,232,221.11,292.61 USD,51297.52,496.54,984,15,Returned,Late
10134,P928,Frozen Pizza,Furniture,Global Tech Ltd, China Hub,02-10-2023,,,Sea,South America,479,157.27,$292.78,75332.33,770.01,518,15,Returned,On-Time
10154,P668,Chocolate,Automotive,Global Tech Ltd,Germany Warehouse,13-09-2023,17-09-2023,28-09-2023,Express,EUROPE,206,282.45,327.16 USD,58184.7,526.89,233,20,Returned,On-Time
10307,P858,T-shirt,Apparel,Delta Exporters,India DC,02-10-2024,07-10-2024,18-10-2024,Air, north america,304,60.7,84.48,18452.8,64.53,132,13,Returned,Late
10228,P546,T-shirt,electronics,Prime Wholesale,USA warehouse,23-01-2024,27-01-2024,08-02-2024,Truck,Asia,8,346.14,$472.84,2769.12,116.53,-33,15,Returned,Late
10228,P286,LED TV,Apparel,NextGen Supplies,China Hub,10-23-2023,,,Air, north america,53,452.85,856.91,24001.05,1100.65,139,-2,Shipped,On-Time
10006,P277,Smartphone,Food,Delta Exporters,China Hub,16-11-2023,23-11-2023,01-12-2023,Air, north america,36,386.58,$672.45,13916.88,732.82,124,9,Returned,Late
10068,P793,Jeans,Electronics ,Delta Exporters, China Hub,14-04-2024,17-04-2024,21-04-2024,Sea,Asia,263,124.13,193.43,32646.19,1885.32,-13,13,Cancelled,Late
10186,P489,Jeans,electronics,Global Tech Ltd,USA Warehouse,12-11-2023,18-11-2023,01-12-2023,Truck,Asia,72,107.17,$193.78,7716.24,985.31,515,19,Returned,Late
10488,P790,T-shirt,Food,Alpha Traders,India DC,18-07-2023,,,Express,EUROPE,113,216.83,412.83,24501.79,1769.87,380,3,Returned,On-Time
10288,P787,Smartphone,Food,Orion Manufacturing,Brazil Hub,24-03-2023,26-03-2023,28-03-2023,Truck,South America,28,270.68,436.89,7579.04,843.8,800,5,Cancelled,On-Time
10117,P879,Jeans,Automotive ,Prime Wholesale,India DC,13-10-2024,20-10-2024,02-11-2024,Air,Asia,388,262.39,489.11,101807.32,597.53,465,13,Cancelled,On-Time
10430,P642,Laptop,electronics,Orion Manufacturing,Germany Warehouse,09-14-2023,18-09-2023,03-10-2023,Air,Europe,355,393.21,761.97,139589.55,437.89,745,14,Delayed,On-Time
10225,P925,LED TV,Automotive ,NextGen Supplies, China Hub,01-27-2023,30-01-2023,12-02-2023,Air,Europe,67,157.14,261.38,10528.38,1009.2,979,20,Shipped,On-Time
10490,P200,Car Battery,apparel,Alpha Traders,Brazil Hub,06-28-2023,02-07-2023,05-07-2023,Air,North America,89,353.94,422.47 USD,31500.66,450.46,826,17,Shipped,On-Time
10220,P784,Car Battery,Apparel,Delta Exporters,Brazil Hub,30-06-2024,06-07-2024,16-07-2024,Express,Asia,159,217.55,$278.95,34590.45,1138.13,456,15,Shipped,Late
10433,P101,Dining Table,Furniture,Orion Manufacturing,Germany Warehouse,26-07-2023,27-07-2023,02-08-2023,Express,North America,238,131.5,161.73,31297,1117.79,355,10,Delayed,Late
10383,P608,Jacket,Electronics,Orion Manufacturing,USA warehouse,25-02-2024,01-03-2024,04-03-2024,Sea,Asia,229,471.65,703.98 USD,108007.85,1369.86,458,12,Cancelled,Late
10009,P479,Chocolate,Food,Vertex Distributors, China Hub,01-02-2024,05-02-2024,12-02-2024,Air,Asia,382,462.54,$757.55,176690.28,529.57,246,0,Shipped,On-Time
10358,P498,T-shirt,Apparel,Global Tech Ltd,China Hub,07-06-2024,13-06-2024,24-06-2024,Express,Asia,91,438.76,513.04 USD,39927.16,1426.96,5,17,Delayed,On-Time
10158,P969,Laptop,Automotive ,Orion Manufacturing,India DC,21-11-2024,22-11-2024,06-12-2024,Express,EUROPE,12,483.9,$739.69,5806.8,1774.53,-31,16,Delayed,Late
10418,P579,Smartphone,electronics,Global Tech Ltd, China Hub,26-12-2023,31-12-2023,07-01-2024,Truck,Europe,200,313.98,415.57 USD,62796,1100.56,639,15,Shipped,Late
10052,P109,Dining Table,Apparel,Orion Manufacturing,USA warehouse,20-11-2024,25-11-2024,02-12-2024,Air,Europe,268,419.09,688.4 USD,112316.12,457.6,312,7,Shipped,Late
10305,P144,Smartphone,Electronics ,Global Tech Ltd,India DC,05-02-2023,11-02-2023,15-02-2023,Sea, north america,53,127.45,248.99,6754.85,1288.89,671,2,Shipped,On-Time
10284,P899,Office Chair,Automotive ,Prime Wholesale, China Hub,07-06-2024,13-07-2024,21-07-2024,Air,EUROPE,92,271.04,$533.47,24935.68,628.97,895,20,Cancelled,On-Time
10319,P147,LED TV,apparel,Delta Exporters,India DC,05-12-2023,10-12-2023,17-12-2023,Air,South America,303,316.61,419.78 USD,95932.83,1216.78,120,11,Returned,Late
10357,P135,Car Battery,Electronics,Delta Exporters,USA warehouse,09-05-2023,12-09-2023,27-09-2023,Truck,South America,423,140.16,223.68 USD,59287.68,1515.36,654,10,Shipped,Late
10007,P990,Engine Oil,Apparel,Delta Exporters,USA warehouse,30-07-2023,31-07-2023,03-08-2023,Express,Asia,237,45.72,64.98,10835.64,633.06,142,14,Delayed,Late
10059,P578,Sneakers,Electronics ,Alpha Traders,USA Warehouse,06-13-2024,19-06-2024,24-06-2024,Air,North America,389,326.09,$514.73,126849.01,726.47,631,-2,Cancelled,On-Time
10297,P702,Smartphone,Automotive,Alpha Traders,USA Warehouse,05-29-2023,02-06-2023,11-06-2023,Sea,Asia,477,218.42,398.84,104186.34,159.4,-30,18,Delayed,Late
10127,P892,Laptop,Automotive ,Delta Exporters,India DC,05-11-2024,11-11-2024,18-11-2024,Truck,EUROPE,146,187.32,350.26 USD,27348.72,58.79,445,-3,Shipped,On-Time
10464,P835,Chocolate,Food,Delta Exporters,USA warehouse,08-14-2024,18-08-2024,02-09-2024,Sea,North America,89,91.45,$133.23,8139.05,382.69,916,6,Delayed,Late
10186,P839,Chocolate,electronics,Global Tech Ltd,USA Warehouse,04-22-2024,24-04-2024,02-05-2024,Air,Europe,127,251.99,$395.71,32002.73,1962.46,552,18,Cancelled,Late
10485,P781,Frozen Pizza,Food,Vertex Distributors, China Hub,02-03-2024,06-02-2024,10-02-2024,Truck,North America,393,492.41,678.73,193517.13,818.67,93,19,Delayed,Late
10377,P357,Brake Pads,Apparel,Vertex Distributors,USA Warehouse,27-04-2024,29-04-2024,07-05-2024,Air, north america,87,447.57,786.66,38938.59,373.94,457,6,Delayed,On-Time
10465,P754,T-shirt,electronics,NextGen Supplies, China Hub,02-09-2023,,,Sea,North America,35,248.92,446.78,8712.2,913.5,554,11,Delayed,Late
10495,P958,Brake Pads,apparel,Delta Exporters,India DC,05-14-2024,19-05-2024,22-05-2024,Truck, north america,22,115.56,171.02 USD,2542.32,522.86,632,16,Delayed,On-Time
10487,P802,Dining Table,Food,Prime Wholesale,Germany Warehouse,09-27-2024,,,Express, north america,335,482.25,$814.36,161553.75,1368.89,9,10,Returned,On-Time
10269,P845,Headphones,Furniture,Alpha Traders,India DC,11-11-2024,17-11-2024,20-11-2024,Express, north america,321,112.43,128.78,36090.03,1816.87,908,2,Cancelled,Late
10002,P316,Office Chair,Food,Orion Manufacturing, China Hub,12-07-2023,18-07-2023,21-07-2023,Air, north america,158,351.47,594.35,55532.26,1033.84,442,3,Cancelled,Late
10433,P212,Sneakers,electronics,NextGen Supplies,Brazil Hub,15-05-2024,19-05-2024,24-05-2024,Express,Europe,238,14.86,16.96,3536.68,506.85,391,-2,Shipped,On-Time
10354,P655,Jacket,Furniture,Delta Exporters,Germany Warehouse,08-11-2023,16-08-2023,22-08-2023,Sea, north america,354,408.68,653.48 USD,144672.72,1439.61,771,-3,Shipped,On-Time
10464,P444,Brake Pads,Furniture,Vertex Distributors,China Hub,30-04-2024,02-05-2024,10-05-2024,Air, north america,306,425.45,580.18 USD,130187.7,1175.74,586,14,Shipped,On-Time
10366,P144,Dining Table,electronics,Prime Wholesale,Germany Warehouse,07-19-2024,26-07-2024,01-08-2024,Air,EUROPE,274,473.2,886.14 USD,129656.8,1788.01,892,20,Shipped,On-Time
10475,P758,Engine Oil,Furniture,Prime Wholesale,Brazil Hub,11-13-2023,19-11-2023,29-11-2023,Sea,Europe,98,117.14,231.18 USD,11479.72,1267.19,192,-3,Returned,Late
10414,P814,T-shirt,Electronics ,Vertex Distributors, China Hub,01-01-2024,06-01-2024,14-01-2024,Express,Asia,229,458.83,664.21,105072.07,1617.57,584,13,Shipped,On-Time
10310,P752,Smartphone,Electronics ,NextGen Supplies,USA Warehouse,09-01-2024,07-09-2024,09-09-2024,Truck,Asia,249,498.37,701.19 USD,124094.13,77.78,58,9,Cancelled,Late
10069,P245,Tablet,apparel,Vertex Distributors,Germany Warehouse,29-06-2024,30-06-2024,11-07-2024,Express,Asia,390,73.83,113.83 USD,28793.7,47.9,701,12,Returned,Late
10297,P728,Headphones,Apparel,NextGen Supplies, China Hub,29-05-2024,04-06-2024,13-06-2024,Air,Asia,204,427.14,664.66,87136.56,36.69,889,-2,Delayed,On-Time
10105,P139,Tablet,Furniture,Prime Wholesale,Brazil Hub,29-04-2023,01-05-2023,16-05-2023,Air,Asia,348,462.56,$774.69,160970.88,979.41,722,7,Returned,On-Time
10492,P648,Jacket,Automotive,NextGen Supplies,China Hub,07-04-2023,09-04-2023,15-04-2023,Truck,Asia,230,288.36,568.93,66322.8,1266.89,87,19,Cancelled,On-Time
10322,P451,Laptop,Food,Vertex Distributors,USA warehouse,04-07-2024,05-07-2024,10-07-2024,Truck,Europe,469,98.46,127.54,46177.74,760.53,572,7,Returned,Late
10214,P210,Engine Oil,Automotive,Alpha Traders,USA Warehouse,11-21-2024,27-11-2024,07-12-2024,Sea, north america,37,219.53,346.6 USD,8122.61,1136.48,338,12,Returned,On-Time
10251,P758,Frozen Pizza,Electronics,Global Tech Ltd, China Hub,21-03-2024,23-03-2024,07-04-2024,Truck,South America,413,68.87,103.48,28443.31,800.86,983,5,Cancelled,On-Time
10461,P302,Smartphone,Furniture,Global Tech Ltd,USA warehouse,23-04-2023,27-04-2023,06-05-2023,Express,Asia,236,472.66,706.34,111547.76,707.39,333,4,Returned,On-Time
10256,P706,Car Battery,Food,Prime Wholesale,China Hub,29-06-2023,05-07-2023,16-07-2023,Sea,EUROPE,243,184.91,290.81,44933.13,321,561,0,Delayed,Late
10423,P271,Jeans,Electronics ,Orion Manufacturing,USA warehouse,05-20-2023,25-05-2023,01-06-2023,Truck,Asia,478,484.09,803.34 USD,231395.02,1900.73,57,1,Returned,On-Time
10463,P155,Brake Pads,apparel,NextGen Supplies, China Hub,02-11-2023,12-02-2023,25-02-2023,Truck,EUROPE,384,145.27,222.14 USD,55783.68,64.18,53,4,Shipped,Late
10350,P341,Chocolate,electronics,Vertex Distributors,India DC,08-19-2024,25-08-2024,29-08-2024,Air,EUROPE,416,146.99,170.37,61147.84,1693.02,-27,9,Shipped,Late
10122,P652,Chocolate,Automotive ,Global Tech Ltd,China Hub,08-04-2024,,,Air,Asia,453,102.57,160.6,46464.21,1599.3,320,-2,Shipped,On-Time
10370,P915,Car Battery,Apparel,Prime Wholesale,India DC,27-03-2023,,,Express, north america,48,192.27,279.71 USD,9228.96,1856.43,164,10,Returned,Late
10179,P251,Jeans,Electronics ,NextGen Supplies, China Hub,08-12-2024,13-08-2024,25-08-2024,Sea,North America,77,353.91,678.08,27251.07,1409.97,525,16,Shipped,Late
10063,P795,Smartphone,Automotive ,Delta Exporters,USA warehouse,10-01-2023,03-10-2023,06-10-2023,Sea,EUROPE,494,31.81,58.05 USD,15714.14,1606.05,291,9,Cancelled,Late
10414,P118,Jacket,Automotive,Alpha Traders,Brazil Hub,05-10-2024,10-10-2024,21-10-2024,Sea,Europe,431,127.24,150.86 USD,54840.44,1023.82,241,-2,Shipped,On-Time
10405,P212,Sofa,apparel,NextGen Supplies,India DC,11-10-2023,14-11-2023,20-11-2023,Express,EUROPE,312,471.93,893.66,147242.16,518.85,69,9,Cancelled,Late
10049,P345,Frozen Pizza,electronics,Prime Wholesale,China Hub,11-05-2023,11-11-2023,24-11-2023,Truck,North America,342,325.59,500.85,111351.78,1953.46,990,9,Shipped,On-Time
10284,P481,Sofa,Automotive ,Vertex Distributors,India DC,05-04-2024,09-04-2024,24-04-2024,Air,EUROPE,201,253.67,371.4,50987.67,588.07,903,16,Returned,Late
10164,P191,T-shirt,apparel,Alpha Traders, China Hub,02-06-2024,04-06-2024,08-06-2024,Express,EUROPE,328,137.99,268.34,45260.72,320.63,133,9,Shipped,Late
10190,P667,Jacket,Apparel,Orion Manufacturing,USA Warehouse,06-07-2024,08-06-2024,13-06-2024,Sea, north america,87,203.8,311.3,17730.6,1086.5,920,4,Returned,Late
10428,P378,Car Battery,Automotive,Vertex Distributors,Germany Warehouse,12-13-2023,,,Express, north america,314,53.37,87.84,16758.18,871.65,329,-2,Returned,On-Time
10137,P406,Car Battery,Electronics ,NextGen Supplies,China Hub,22-05-2024,29-05-2024,09-06-2024,Truck, north america,285,244.04,484.2 USD,69551.4,1996.39,105,19,Delayed,Late
10388,P163,Smartphone,Electronics,Alpha Traders,USA warehouse,24-02-2023,26-02-2023,06-03-2023,Truck,Asia,459,434.62,536.09 USD,199490.58,158.78,429,11,Cancelled,On-Time
10269,P123,Smartphone,Food,Vertex Distributors,Germany Warehouse,07-21-2024,23-07-2024,03-08-2024,Air, north america,231,186.92,309.88 USD,43178.52,752.12,-24,15,Delayed,On-Time
10329,P160,Laptop,Apparel,Alpha Traders, China Hub,10-13-2024,15-10-2024,30-10-2024,Air,South America,291,357.74,483.07,104102.34,424.7,718,11,Returned,Late
10433,P953,Jacket,Apparel,NextGen Supplies,Brazil Hub,08-20-2023,27-08-2023,05-09-2023,Air,EUROPE,273,235.08,321.9,64176.84,405.86,923,1,Delayed,On-Time
10186,P790,Frozen Pizza,Electronics,Global Tech Ltd,China Hub,20-09-2023,25-09-2023,07-10-2023,Sea,EUROPE,370,299.41,$407.92,110781.7,522.36,685,17,Returned,Late
10426,P821,Dining Table,electronics,Prime Wholesale,USA Warehouse,02-10-2024,05-10-2024,19-10-2024,Sea,North America,128,419.15,504.71,53651.2,11688.5,527,16,Delayed,On-Time
10075,P833,Frozen Pizza,Furniture,Global Tech Ltd,Brazil Hub,09-04-2024,12-04-2024,15-04-2024,Truck,South America,190,421.63,492.98,80109.7,652.36,580,19,Shipped,On-Time
10421,P300,Car Battery,Electronics,Prime Wholesale,USA Warehouse,28-03-2024,29-03-2024,10-04-2024,Sea, north america,480,444.66,$493.35,213436.8,772.1,476,16,Cancelled,Late
10195,P473,Tablet,Apparel,Vertex Distributors, China Hub,20-02-2023,26-02-2023,12-03-2023,Sea,Asia,394,219.23,334.76,86376.62,530.8,525,18,Delayed,Late
10298,P724,Car Battery,Food,Vertex Distributors,China Hub,20-11-2024,24-11-2024,02-12-2024,Air,Europe,306,418.6,510.97 USD,128091.6,649.72,969,6,Cancelled,Late
10133,P969,Car Battery,electronics,Orion Manufacturing, China Hub,31-08-2023,05-09-2023,09-09-2023,Sea,EUROPE,5,299.03,566.74,1495.15,627.14,902,16,Delayed,Late
10174,P915,Jacket,Automotive ,Prime Wholesale,India DC,28-10-2023,31-10-2023,11-11-2023,Truck, north america,316,406.07,795.22,128318.12,761.88,555,10,Delayed,Late
10340,P927,Engine Oil,apparel,Delta Exporters,USA warehouse,12-02-2024,16-02-2024,29-02-2024,Truck, north america,353,147.44,$174.37,52046.32,474.3,454,-1,Delayed,On-Time
10450,P428,Smartphone,Food,Global Tech Ltd,India DC,10-08-2024,,,Express,South America,221,338.28,$454.85,74759.88,1475.77,246,17,Delayed,Late
10257,P927,Jacket,Electronics,Global Tech Ltd, China Hub,02-05-2024,03-05-2024,09-05-2024,Air,South America,296,263.31,$409.78,77939.76,286.58,380,12,Returned,On-Time
10445,P310,Chocolate,apparel,Vertex Distributors,USA warehouse,27-10-2024,28-10-2024,06-11-2024,Express,Europe,373,448.97,564.82,167465.81,571.4,468,18,Cancelled,On-Time
10476,P207,Engine Oil,apparel,Orion Manufacturing, China Hub,08-19-2024,21-08-2024,31-08-2024,Sea,South America,428,298.18,354.02,127621.04,1362.11,849,19,Returned,On-Time
10497,P370,Sofa,Apparel,NextGen Supplies,China Hub,20-10-2024,25-10-2024,07-11-2024,Air,Asia,246,133.8,251.65 USD,32914.8,1108.64,-15,9,Shipped,On-Time
10323,P925,Dining Table,Furniture,NextGen Supplies,USA warehouse,12-04-2023,18-04-2023,25-04-2023,Sea,Asia,343,204.78,$244.07,70239.54,1812.22,623,9,Shipped,Late
10170,P729,T-shirt,Electronics ,NextGen Supplies,China Hub,14-08-2024,19-08-2024,27-08-2024,Express,Asia,55,92.35,$116.93,5079.25,766.16,-24,5,Shipped,On-Time
10078,P757,LED TV,Furniture,Delta Exporters,Brazil Hub,03-08-2024,07-08-2024,09-08-2024,Air,Asia,238,172.37,$197.75,41024.06,1953.78,86,5,Delayed,Late
10473,P941,Dining Table,Electronics,Alpha Traders, China Hub,30-01-2024,02-02-2024,04-02-2024,Express,EUROPE,321,28.39,47.62,9113.19,17704.9,604,18,Returned,Late
10279,P818,Laptop,electronics,Orion Manufacturing,Brazil Hub,19-03-2024,21-03-2024,28-03-2024,Express,North America,450,342.29,529.49,154030.5,1154.27,174,3,Delayed,Late
10273,P455,Office Chair,Automotive ,Global Tech Ltd,Brazil Hub,14-09-2023,16-09-2023,28-09-2023,Air,North America,201,317.14,413.52,63745.14,1658.11,702,6,Cancelled,On-Time
10437,P735,Chocolate,electronics,Prime Wholesale,USA warehouse,12-20-2023,26-12-2023,02-01-2024,Sea,EUROPE,36,141.56,159.34,5096.16,1853.88,-10,2,Shipped,On-Time
10364,P788,Headphones,Furniture,Vertex Distributors,India DC,01-10-2023,06-10-2023,08-10-2023,Express,EUROPE,377,495.15,$660.89,186671.55,178.16,724,1,Cancelled,On-Time
10037,P719,Tablet,apparel,Prime Wholesale,Germany Warehouse,20-04-2023,22-04-2023,07-05-2023,Truck,Asia,309,108.12,198.75,33409.08,846.88,886,3,Returned,Late
10010,P316,Dining Table,Food,Global Tech Ltd,USA warehouse,06-05-2023,09-05-2023,24-05-2023,Truck,Europe,111,264.3,386.85 USD,29337.3,856.35,387,-1,Shipped,Late
10223,P440,Laptop,Electronics ,NextGen Supplies,Brazil Hub,12-10-2023,15-12-2023,28-12-2023,Express,Europe,100,48.87,61.4,4887,359.74,415,15,Shipped,On-Time
10017,P273,Car Battery,Electronics ,Alpha Traders,China Hub,09-08-2023,,,Express,South America,231,295.52,530.1,68265.12,1275.11,17,11,Shipped,On-Time
10019,P149,Dining Table,Automotive,Delta Exporters,India DC,09-12-2023,11-12-2023,25-12-2023,Air,Asia,149,241.54,266.23 USD,35989.46,1740.58,480,13,Cancelled,Late
10201,P483,Smartphone,Automotive ,NextGen Supplies,USA warehouse,21-06-2024,22-06-2024,24-06-2024,Air,South America,453,178.23,327.56,80738.19,1018.14,679,7,Shipped,Late
10060,P181,Sneakers,Automotive,Prime Wholesale,USA Warehouse,23-02-2023,,,Truck,Europe,272,93.28,$143.43,25372.16,1345.23,342,18,Returned,On-Time
10021,P117,Brake Pads,apparel,Delta Exporters,USA Warehouse,30-04-2024,01-05-2024,16-05-2024,Sea,Europe,301,64.39,91.13,19381.39,1689.26,705,15,Shipped,Late
10216,P509,Sofa,Automotive,Prime Wholesale,India DC,06-01-2023,12-01-2023,18-01-2023,Truck,South America,384,69.62,84.09 USD,26734.08,1834.31,591,-2,Shipped,On-Time
10447,P458,Laptop,Furniture,Vertex Distributors,USA Warehouse,08-02-2024,11-02-2024,16-02-2024,Truck,Europe,115,244.86,405.24 USD,28158.9,575.26,398,-2,Returned,On-Time
10176,P851,Jeans,Electronics ,Vertex Distributors,Germany Warehouse,11-05-2024,16-05-2024,28-05-2024,Express, north america,119,181.53,297.36 USD,21602.07,1508.12,452,15,Returned,On-Time
10191,P818,Laptop,Electronics,Vertex Distributors, China Hub,01-20-2024,22-01-2024,05-02-2024,Express,North America,464,259.01,$463.56,120180.64,1306.7,596,3,Cancelled,Late
10474,P801,Frozen Pizza,Electronics,Alpha Traders,India DC,04-21-2024,,,Sea,Asia,49,431.3,$608.91,21133.7,794.09,120,-1,Shipped,On-Time
10264,P464,Jeans,Automotive,Prime Wholesale,Brazil Hub,03-22-2024,27-03-2024,01-04-2024,Air,Asia,83,118.22,174.02,9812.26,1684.44,461,18,Delayed,Late
10449,P949,Sofa,electronics,Alpha Traders,Germany Warehouse,11-29-2024,,,Air,North America,43,469.9,656.08,20205.7,1806.54,576,3,Cancelled,On-Time
10050,P156,Car Battery,Food,Vertex Distributors,India DC,05-09-2023,12-05-2023,27-05-2023,Truck,EUROPE,119,477.9,$610.13,56870.1,1318.19,745,6,Delayed,Late
10234,P928,Brake Pads,Apparel,Alpha Traders,USA Warehouse,30-04-2023,05-05-2023,16-05-2023,Express, north america,391,334.79,657.69 USD,130902.89,1775.22,402,6,Shipped,On-Time
10078,P819,Engine Oil,Automotive ,Alpha Traders,China Hub,02-04-2023,,,Truck,Asia,337,279.35,$396.98,94140.95,1029.37,784,12,Shipped,On-Time
10216,P853,Headphones,Furniture,Vertex Distributors,USA warehouse,02-20-2023,27-02-2023,08-03-2023,Air, north america,478,227.22,275.12,108611.16,613.52,611,6,Shipped,Late
10279,P269,Office Chair,Apparel,NextGen Supplies,Brazil Hub,01-28-2023,29-01-2023,08-02-2023,Sea,North America,356,445.17,639.03,158480.52,1344.34,743,20,Cancelled,Late
10390,P944,Jeans,Furniture,Vertex Distributors, China Hub,04-03-2024,06-04-2024,18-04-2024,Sea,North America,129,9.76,12.11 USD,1259.04,572.88,935,13,Cancelled,On-Time
10090,P623,Headphones,Electronics,Orion Manufacturing,Brazil Hub,12-05-2024,17-05-2024,26-05-2024,Express, north america,52,208.64,354.15,10849.28,1346.1,3,8,Shipped,Late
10007,P699,LED TV,Furniture,Delta Exporters,India DC,28-02-2024,29-02-2024,14-03-2024,Air,South America,363,25.07,$38.96,9100.41,195.86,527,19,Shipped,Late
10156,P921,Sofa,Electronics,Alpha Traders,USA warehouse,22-07-2024,26-07-2024,31-07-2024,Truck, north america,411,289.08,340.64 USD,118811.88,1582.42,656,14,Shipped,Late
10198,P967,Engine Oil,electronics,Orion Manufacturing,Brazil Hub,09-19-2023,23-09-2023,25-09-2023,Air,Asia,17,227.39,313.97,3865.63,51.27,294,14,Returned,On-Time
10224,P461,Laptop,Apparel,Vertex Distributors,India DC,24-07-2023,26-07-2023,01-08-2023,Truck,EUROPE,299,477.07,$912.07,142643.93,339.65,205,16,Delayed,Late
10042,P196,Engine Oil,Food,Vertex Distributors,China Hub,01-22-2024,25-01-2024,29-01-2024,Truck,EUROPE,438,157.91,313.72 USD,69164.58,115.76,128,10,Cancelled,Late
10130,P109,Jacket,apparel,Delta Exporters,China Hub,08-06-2024,13-06-2024,24-06-2024,Air,South America,190,137.22,$152.88,26071.8,1050.44,836,10,Delayed,On-Time
10408,P905,LED TV,Automotive ,Vertex Distributors,USA warehouse,14-01-2024,19-01-2024,23-01-2024,Express,Europe,263,37.61,75.07 USD,9891.43,1615.09,679,19,Delayed,On-Time
10168,P503,Engine Oil,Electronics,NextGen Supplies,Germany Warehouse,05-11-2024,06-11-2024,18-11-2024,Sea,EUROPE,436,480.4,$831.31,209454.4,1476.03,492,17,Shipped,On-Time
10167,P783,Sneakers,Electronics ,Alpha Traders,Brazil Hub,08-02-2023,09-08-2023,16-08-2023,Sea, north america,110,463.38,683.11,50971.8,787.88,727,14,Cancelled,On-Time
10105,P727,Engine Oil,Apparel,NextGen Supplies,USA warehouse,15-04-2023,19-04-2023,24-04-2023,Truck,South America,233,6.56,11.03,1528.48,284.3,592,9,Shipped,Late
10093,P226,Headphones,Automotive ,Alpha Traders,China Hub,02-08-2024,08-08-2024,19-08-2024,Air,Europe,354,125.91,247.22 USD,44572.14,1735.13,487,10,Cancelled,On-Time
10065,P279,Laptop,electronics,Orion Manufacturing,China Hub,02-23-2023,02-03-2023,13-03-2023,Truck,EUROPE,223,395.49,$529.88,88194.27,58.78,845,-2,Shipped,On-Time
10135,P853,Sneakers,Electronics ,NextGen Supplies,China Hub,26-10-2024,02-11-2024,07-11-2024,Express,EUROPE,363,280.74,$508.68,101908.62,632,607,4,Cancelled,On-Time
10113,P523,Chocolate,Apparel,Global Tech Ltd,USA Warehouse,01-01-2023,07-01-2023,10-01-2023,Express,North America,54,256.06,$468.73,13827.24,1988.15,792,8,Returned,On-Time
10389,P475,Brake Pads,Electronics ,Global Tech Ltd,Germany Warehouse,04-10-2024,17-04-2024,22-04-2024,Express,Europe,458,110.04,$161.03,50398.32,798.88,200,13,Cancelled,On-Time
10444,P233,Tablet,Food,NextGen Supplies,China Hub,30-04-2023,05-05-2023,14-05-2023,Sea,Asia,191,138.21,200.61,26398.11,497.28,494,1,Shipped,Late
10134,P874,T-shirt,Automotive ,NextGen Supplies,India DC,20-07-2024,23-07-2024,28-07-2024,Express,South America,141,271.48,304.83,38278.68,1562.9,139,12,Delayed,On-Time
10495,P536,Engine Oil,Automotive,Vertex Distributors,China Hub,15-12-2023,21-12-2023,27-12-2023,Sea, north america,344,243.85,479.52 USD,83884.4,314.91,626,14,Shipped,On-Time
10123,P475,LED TV,Electronics ,Global Tech Ltd,Germany Warehouse,06-14-2023,20-06-2023,05-07-2023,Truck,Europe,389,409.12,$699.36,159147.68,1292.85,626,18,Cancelled,On-Time
10447,P662,Sneakers,Automotive,Alpha Traders,USA warehouse,20-11-2023,22-11-2023,02-12-2023,Truck,North America,304,252,393.64,76608,1402.72,14,0,Cancelled,Late
10282,P227,Car Battery,electronics,Prime Wholesale,USA Warehouse,10-04-2024,11-04-2024,24-04-2024,Air,South America,199,284.26,$517.41,56567.74,435.8,504,19,Delayed,On-Time
10149,P742,Jeans,Electronics,Vertex Distributors,China Hub,03-29-2024,03-04-2024,11-04-2024,Sea,Europe,120,169.92,230.07,20390.4,1726.76,786,3,Returned,On-Time
10110,P434,Chocolate,Automotive,Prime Wholesale,USA warehouse,17-05-2024,19-05-2024,27-05-2024,Truck,Asia,418,465.8,$781.12,194704.4,725.16,530,8,Shipped,On-Time
10493,P801,Jeans,Automotive,Vertex Distributors,Germany Warehouse,30-12-2023,02-01-2024,11-01-2024,Truck,North America,36,243.85,428.37 USD,8778.6,525.56,898,-3,Delayed,Late
10338,P301,Office Chair,Electronics,Prime Wholesale,Brazil Hub,08-17-2023,23-08-2023,31-08-2023,Truck,Europe,227,207.58,$392.08,47120.66,1926.83,559,19,Shipped,Late
10036,P334,T-shirt,Electronics ,NextGen Supplies,Germany Warehouse,25-01-2024,31-01-2024,06-02-2024,Air,North America,497,437.57,487.78,217472.29,1185.31,707,10,Cancelled,Late
10125,P801,Chocolate,Food,Prime Wholesale,USA Warehouse,07-08-2024,14-08-2024,28-08-2024,Express,EUROPE,15,167.63,287.43 USD,2514.45,597.2,-27,13,Delayed,Late
10173,P413,Chocolate,Automotive ,Alpha Traders,USA warehouse,22-11-2023,24-11-2023,02-12-2023,Sea, north america,8,452.67,754.14 USD,3621.36,878.6,214,3,Cancelled,On-Time
10041,P308,Car Battery,Electronics ,Delta Exporters,USA warehouse,04-01-2023,06-04-2023,14-04-2023,Air,Asia,489,375.88,$649.44,183805.32,772.22,169,16,Delayed,On-Time
10324,P543,Smartphone,Electronics ,Global Tech Ltd, China Hub,13-02-2024,14-02-2024,19-02-2024,Air,South America,216,158.05,315.99 USD,34138.8,1792.68,62,20,Cancelled,Late
10156,P135,Headphones,Furniture,Prime Wholesale,China Hub,07-30-2023,03-08-2023,10-08-2023,Truck,Asia,293,308.83,427.49,90487.19,237.15,826,-2,Cancelled,Late
10406,P560,Tablet,apparel,Global Tech Ltd,Brazil Hub,01-07-2024,,,Express,Europe,172,475.26,740.24,81744.72,1172.77,642,14,Delayed,Late
10363,P682,Engine Oil,apparel,Vertex Distributors,Germany Warehouse,02-18-2023,19-02-2023,22-02-2023,Sea,EUROPE,324,289.48,510.73 USD,93791.52,917.35,243,11,Delayed,Late
10415,P693,Dining Table,Food,Delta Exporters,India DC,05-19-2024,21-05-2024,23-05-2024,Express,South America,77,394.27,749.3,30358.79,1611.67,191,14,Shipped,On-Time
10220,P751,Office Chair,apparel,Prime Wholesale,India DC,11-01-2023,18-01-2023,31-01-2023,Express,EUROPE,168,478.82,$552.13,80441.76,308.86,270,-2,Delayed,Late
10142,P406,Engine Oil,Furniture,Prime Wholesale,Germany Warehouse,02-07-2023,06-07-2023,12-07-2023,Express,Europe,205,417.61,528.51,85610.05,1664.85,214,20,Cancelled,On-Time
10469,P560,Engine Oil,Food,NextGen Supplies,India DC,29-07-2023,02-08-2023,10-08-2023,Air,Europe,54,124.38,161.03,6716.52,1217.9,950,18,Returned,Late
10229,P895,LED TV,Apparel,Vertex Distributors,Germany Warehouse,14-10-2024,15-10-2024,26-10-2024,Truck,South America,222,384.72,560.49,85407.84,783.83,503,3,Cancelled,On-Time
10346,P126,Chocolate,Food,Delta Exporters,China Hub,10-29-2023,02-11-2023,04-11-2023,Truck,Asia,136,25.74,48.85,3500.64,1276.67,957,20,Shipped,Late
10336,P733,Headphones,Electronics,Global Tech Ltd,USA warehouse,11-07-2024,15-07-2024,18-07-2024,Truck,EUROPE,260,275.67,473.02,71674.2,397.52,68,9,Cancelled,Late
10407,P998,Jeans,Apparel,Delta Exporters,China Hub,08-10-2024,09-10-2024,14-10-2024,Air, north america,278,481.75,$709.78,133926.5,882.22,816,19,Returned,Late
10431,P522,Office Chair,Furniture,Alpha Traders, China Hub,05-09-2023,12-05-2023,27-05-2023,Express,North America,335,453.73,737.44,151999.55,386.35,431,10,Shipped,Late
10128,P727,Dining Table,Electronics ,Prime Wholesale,Brazil Hub,03-13-2024,14-03-2024,19-03-2024,Express,North America,217,156.12,188.5,33878.04,503.33,437,3,Shipped,Late
10465,P912,Smartphone,electronics,NextGen Supplies,USA warehouse,01-27-2024,28-01-2024,07-02-2024,Truck,Europe,143,163.51,197.92,23381.93,788.42,410,7,Shipped,Late
10013,P965,Car Battery,Automotive ,Alpha Traders,USA warehouse,14-11-2024,15-11-2024,18-11-2024,Express, north america,330,114.17,136.02,37676.1,280.12,-45,4,Delayed,On-Time
10112,P656,Tablet,electronics,Vertex Distributors,China Hub,10-30-2023,01-11-2023,11-11-2023,Truck,South America,115,354.93,$498.87,40816.95,769.74,424,11,Shipped,On-Time
10314,P675,LED TV,electronics,Alpha Traders,USA Warehouse,28-11-2024,05-12-2024,18-12-2024,Sea,North America,318,93.02,$165.32,29580.36,366.69,216,18,Shipped,Late
10257,P345,Dining Table,Automotive ,Global Tech Ltd, China Hub,01-09-2024,14-01-2024,23-01-2024,Air,South America,379,391.03,514.28 USD,148200.37,1860.76,62,10,Returned,Late
10055,P724,Tablet,apparel,NextGen Supplies, China Hub,19-11-2023,25-11-2023,03-12-2023,Sea,Europe,235,190.92,265.91 USD,44866.2,323.22,958,16,Cancelled,On-Time
10077,P543,Engine Oil,Electronics,Global Tech Ltd,India DC,13-04-2024,20-04-2024,23-04-2024,Sea,EUROPE,252,266.55,$374.42,67170.6,1279.84,196,7,Cancelled,On-Time
10117,P770,Car Battery,Furniture,Alpha Traders,India DC,07-16-2024,,,Air,Asia,342,377.7,625.73 USD,129173.4,192.45,237,18,Cancelled,Late
10326,P791,Office Chair,Automotive ,Prime Wholesale,Brazil Hub,24-01-2024,30-01-2024,14-02-2024,Sea,Asia,492,309.65,370.44 USD,152347.8,864.76,10,-1,Cancelled,Late
10171,P701,Car Battery,Furniture,Alpha Traders,USA warehouse,16-06-2023,18-06-2023,27-06-2023,Truck,EUROPE,343,57.34,$82.32,19667.62,1577.12,236,18,Delayed,Late
10396,P429,Jeans,apparel,Prime Wholesale,Brazil Hub,10-08-2023,12-08-2023,16-08-2023,Sea,North America,338,34.96,49.83,11816.48,166.93,853,-3,Cancelled,Late
10003,P856,Chocolate,electronics,Delta Exporters,USA warehouse,09-17-2024,,,Truck,EUROPE,440,18.16,27.66 USD,7990.4,660.08,210,0,Delayed,Late
10162,P760,Headphones,electronics,NextGen Supplies,USA warehouse,11-02-2024,04-11-2024,16-11-2024,Truck,South America,444,240.9,423.85,106959.6,965.08,955,18,Delayed,Late
10197,P193,Sofa,electronics,Delta Exporters,India DC,02-08-2023,12-02-2023,19-02-2023,Truck,EUROPE,12,446.5,$723.51,5358,1779.44,-48,11,Returned,Late
10234,P753,Jacket,Automotive ,Vertex Distributors,USA warehouse,04-01-2023,03-04-2023,13-04-2023,Express,EUROPE,288,244.33,$400.5,70367.04,676.82,729,16,Shipped,Late
10077,P474,Sofa,Electronics,Vertex Distributors,Germany Warehouse,16-11-2023,,,Air,Asia,235,117,208.53,27495,1462.89,846,-1,Shipped,On-Time
10202,P224,Brake Pads,electronics,Global Tech Ltd,USA warehouse,04-12-2023,16-04-2023,20-04-2023,Air,South America,250,27.41,$53.6,6852.5,931.15,520,16,Shipped,Late
10399,P669,Laptop,electronics,Delta Exporters,USA warehouse,01-12-2024,02-12-2024,13-12-2024,Sea,Europe,399,269.74,352.69,107626.26,906.77,584,17,Delayed,Late
10189,P175,LED TV,apparel,NextGen Supplies,USA warehouse,11-24-2024,29-11-2024,02-12-2024,Sea,EUROPE,158,257.15,325,40629.7,156.52,862,4,Shipped,On-Time
10057,P421,Frozen Pizza,Electronics,NextGen Supplies,Germany Warehouse,24-02-2023,27-02-2023,14-03-2023,Air,North America,246,213.87,289.52 USD,52612.02,1652.07,308,11,Delayed,Late
10344,P976,Chocolate,Electronics,NextGen Supplies, China Hub,04-20-2023,25-04-2023,09-05-2023,Sea,North America,51,87.78,137.84 USD,4476.78,1023.45,307,5,Returned,On-Time
10482,P967,Car Battery,Furniture,NextGen Supplies,China Hub,20-05-2024,25-05-2024,28-05-2024,Air,Asia,236,200.66,392.22,47355.76,1885.89,52,20,Returned,On-Time
10017,P357,Jeans,Furniture,NextGen Supplies,Germany Warehouse,16-07-2023,19-07-2023,31-07-2023,Truck,Europe,82,323.2,614.58 USD,26502.4,714.8,-24,-3,Returned,Late
10020,P987,Office Chair,Automotive,Prime Wholesale,China Hub,10-09-2024,11-09-2024,20-09-2024,Truck,North America,222,176.46,285.29,39174.12,1816,224,2,Returned,Late
10018,P231,Laptop,electronics,Prime Wholesale, China Hub,02-29-2024,,,Air,North America,492,275.95,403.85,135767.4,470.89,875,10,Cancelled,Late
10176,P495,Jacket,Food,Alpha Traders,USA warehouse,26-07-2024,31-07-2024,04-08-2024,Air,South America,409,130.85,210.2,53517.65,1046.58,-20,-2,Shipped,On-Time
10002,P281,Laptop,apparel,Orion Manufacturing, China Hub,21-09-2024,24-09-2024,09-10-2024,Sea,EUROPE,116,291.13,358.77,33771.08,1203.07,495,16,Returned,On-Time
10367,P988,Dining Table,Electronics,Vertex Distributors,USA Warehouse,26-05-2023,01-06-2023,06-06-2023,Express,South America,497,75.54,130.05,37543.38,115.53,976,9,Shipped,On-Time
10131,P164,Tablet,Automotive ,Global Tech Ltd, China Hub,09-30-2024,06-10-2024,15-10-2024,Air,EUROPE,102,417.87,752.86,42622.74,276.91,990,2,Delayed,On-Time
10456,P566,Dining Table,Apparel,Prime Wholesale,USA Warehouse,20-07-2023,26-07-2023,07-08-2023,Sea, north america,401,407.06,723.09,163231.06,540.76,936,10,Shipped,Late
10475,P984,Sneakers,Automotive,Orion Manufacturing,Brazil Hub,05-04-2024,05-05-2024,18-05-2024,Sea,Europe,221,412.96,683.57,91264.16,985.67,586,6,Delayed,Late
10148,P614,T-shirt,Furniture,Global Tech Ltd,China Hub,09-11-2024,10-11-2024,14-11-2024,Express,EUROPE,437,198.15,317.14,86591.55,1947.4,-2,0,Returned,Late
10066,P307,Office Chair,Apparel,NextGen Supplies,Brazil Hub,20-04-2024,25-04-2024,30-04-2024,Air,Asia,1,406.23,675.92,406.23,1768.85,11,7,Shipped,On-Time
10118,P228,Sneakers,Automotive ,Global Tech Ltd,China Hub,22-09-2024,29-09-2024,04-10-2024,Truck,South America,154,484.22,604.95,74569.88,1439.56,342,16,Cancelled,On-Time
10396,P997,Jacket,Automotive ,Vertex Distributors,USA Warehouse,11-04-2024,16-04-2024,22-04-2024,Express,Europe,414,241.21,467.4,99860.94,1781.47,665,19,Cancelled,On-Time
10367,P216,Chocolate,Automotive ,Global Tech Ltd, China Hub,24-06-2023,25-06-2023,10-07-2023,Air,North America,146,280.63,$472.6,40971.98,1370.28,76,19,Shipped,On-Time
10050,P959,Jacket,Automotive,NextGen Supplies,USA Warehouse,06-01-2023,04-06-2023,13-06-2023,Truck,South America,335,39.78,54.94,13326.3,1221.93,431,6,Cancelled,On-Time
10187,P690,LED TV,Automotive,Delta Exporters,Germany Warehouse,26-12-2023,01-01-2024,03-01-2024,Express,Asia,301,30.09,$38.84,9057.09,778.17,91,-3,Delayed,On-Time
10435,P204,Frozen Pizza,electronics,Prime Wholesale,China Hub,09-01-2023,12-01-2023,21-01-2023,Air, north america,130,472.85,695.38,61470.5,1736.18,32,7,Shipped,On-Time
10329,P511,Laptop,apparel,Prime Wholesale,USA warehouse,20-05-2024,24-05-2024,02-06-2024,Express,South America,488,268.55,$296.44,131052.4,1248.5,66,19,Shipped,On-Time
10101,P142,Engine Oil,Automotive,Orion Manufacturing,USA warehouse,06-10-2024,,,Air, north america,389,74.43,106.5,28953.27,689.25,800,-3,Cancelled,Late
10414,P281,T-shirt,Furniture,NextGen Supplies, China Hub,12-30-2023,05-01-2024,12-01-2024,Sea,Asia,411,250.99,$352.9,103156.89,1997.83,447,18,Delayed,Late
10253,P913,Engine Oil,Furniture,Vertex Distributors,India DC,30-03-2023,01-04-2023,04-04-2023,Air,Europe,47,415.56,689.85,19531.32,321.82,795,19,Delayed,Late
10253,P840,Jeans,Automotive ,Vertex Distributors,India DC,05-11-2024,13-05-2024,16-05-2024,Express,Europe,487,55.42,85.26 USD,26989.54,174.75,825,10,Delayed,Late
10017,P502,Smartphone,Electronics,Vertex Distributors,India DC,12-09-2023,14-09-2023,18-09-2023,Air, north america,330,63.23,104.4,20865.9,556.77,726,3,Returned,Late
10434,P195,Office Chair,Electronics,Vertex Distributors,Brazil Hub,11-02-2024,15-02-2024,20-02-2024,Truck,Asia,386,430.68,516.22 USD,166242.48,1729.04,919,16,Shipped,On-Time
10105,P406,Jacket,Automotive,Alpha Traders,Brazil Hub,01-19-2023,26-01-2023,05-02-2023,Truck,South America,343,354.59,$462.99,121624.37,729.27,869,0,Shipped,Late
10111,P101,Laptop,Electronics ,Delta Exporters,USA warehouse,26-05-2024,31-05-2024,08-06-2024,Sea,Asia,98,380.6,484,37298.8,1522.11,294,6,Returned,On-Time
10343,P904,Sofa,Electronics,Delta Exporters,China Hub,04-02-2024,08-02-2024,23-02-2024,Express,EUROPE,460,370.99,602.99,170655.4,281.11,427,11,Cancelled,Late
10001,P958,Laptop,Furniture,Orion Manufacturing, China Hub,06-29-2023,06-07-2023,10-07-2023,Truck,North America,47,281.12,496.18,13212.64,957.69,444,5,Delayed,Late
10206,P678,Jacket,Electronics,Alpha Traders, China Hub,02-02-2024,09-02-2024,24-02-2024,Sea,South America,393,481.43,$690.62,189201.99,1676.76,883,14,Delayed,Late
10206,P306,Sofa,Automotive ,Global Tech Ltd,USA Warehouse,11-23-2023,,,Sea,EUROPE,463,91.71,141.74 USD,42461.73,1867.56,953,9,Shipped,On-Time
10328,P135,Engine Oil,electronics,Alpha Traders,Germany Warehouse,28-07-2024,03-08-2024,15-08-2024,Air,South America,67,207.72,402.66 USD,13917.24,1361.01,893,12,Returned,On-Time
10020,P143,Frozen Pizza,Automotive,Global Tech Ltd,USA Warehouse,27-11-2024,29-11-2024,01-12-2024,Air,South America,426,314.03,402.75 USD,133776.78,1655.86,349,11,Returned,On-Time
10344,P455,Sneakers,Automotive ,Delta Exporters, China Hub,10-10-2024,,,Truck,North America,189,376.42,419.91 USD,71143.38,166.39,286,20,Shipped,Late
10462,P568,LED TV,Automotive ,Alpha Traders, China Hub,23-09-2023,25-09-2023,08-10-2023,Air,Asia,311,5.76,10.33 USD,1791.36,1627.01,167,5,Returned,On-Time
10129,P856,Frozen Pizza,Food,NextGen Supplies,USA Warehouse,08-02-2023,13-02-2023,17-02-2023,Air,EUROPE,294,434.03,822.07,127604.82,1140.35,41,2,Returned,Late
10447,P750,Headphones,electronics,Orion Manufacturing,USA Warehouse,10-07-2024,14-07-2024,21-07-2024,Air,EUROPE,227,326.92,579.61,74210.84,1691.16,457,-1,Shipped,On-Time
10269,P895,Sofa,Furniture,Global Tech Ltd,India DC,01-03-2023,05-03-2023,18-03-2023,Express,Europe,146,200.08,273.63,29211.68,495.11,649,18,Shipped,On-Time
10193,P980,Office Chair,Automotive,NextGen Supplies,Brazil Hub,09-21-2023,27-09-2023,08-10-2023,Air,Europe,310,141.19,237.83,43768.9,1809.36,804,18,Cancelled,Late
10062,P577,Smartphone,Apparel,Delta Exporters,Germany Warehouse,13-08-2023,18-08-2023,23-08-2023,Air,Europe,491,55.41,83.57 USD,27206.31,1296.01,586,8,Cancelled,On-Time
10492,P475,Jeans,Food,Orion Manufacturing,China Hub,01-06-2024,,,Truck,South America,44,281.02,441.25,12364.88,2736.8,200,14,Delayed,On-Time
10063,P915,Chocolate,Electronics ,Delta Exporters,USA Warehouse,22-02-2023,25-02-2023,02-03-2023,Express,Asia,63,306.16,525.55 USD,19288.08,154.05,80,20,Shipped,Late
10091,P876,Jacket,Food,Prime Wholesale,India DC,02-01-2024,02-02-2024,08-02-2024,Air,Europe,498,51.22,$82.87,25507.56,138.59,276,20,Shipped,Late
10331,P328,Car Battery,Automotive,Alpha Traders,Brazil Hub,27-03-2024,01-04-2024,12-04-2024,Express,South America,328,423.8,657.09 USD,139006.4,912.27,706,19,Returned,Late
10378,P337,Car Battery,Electronics ,Vertex Distributors, China Hub,07-17-2023,18-07-2023,01-08-2023,Air,North America,500,296.37,481.54,148185,1257.3,140,10,Delayed,On-Time
10134,P483,Dining Table,apparel,Delta Exporters,USA Warehouse,07-07-2023,08-07-2023,21-07-2023,Truck,EUROPE,11,258.1,462.25,2839.1,123.96,411,13,Cancelled,Late
10007,P154,Headphones,Food,Vertex Distributors,Germany Warehouse,08-11-2023,14-08-2023,25-08-2023,Express,South America,89,199.34,$313.63,17741.26,660.45,460,0,Shipped,Late
10006,P342,Chocolate,Food,Delta Exporters,India DC,01-01-2024,05-01-2024,18-01-2024,Air, north america,181,402.32,520.58,72819.92,1492.22,97,-3,Cancelled,On-Time
10244,P497,Engine Oil,electronics,Delta Exporters,Brazil Hub,09-09-2024,12-09-2024,14-09-2024,Sea,North America,2,43.57,73.86,87.14,1636.34,582,7,Shipped,On-Time
10177,P769,Car Battery,Automotive,Global Tech Ltd,China Hub,11-09-2024,15-09-2024,24-09-2024,Express, north america,246,490.14,885.29,120574.44,324.39,-5,-1,Delayed,Late
10121,P854,Smartphone,apparel,Orion Manufacturing,USA Warehouse,22-11-2024,27-11-2024,06-12-2024,Truck, north america,324,44.76,$73.38,14502.24,1067.93,299,15,Delayed,Late
10219,P144,Jacket,Apparel,Global Tech Ltd,USA Warehouse,09-28-2024,03-10-2024,15-10-2024,Sea,South America,23,95.01,184.58,2185.23,581.22,529,-3,Cancelled,Late
10301,P506,Frozen Pizza,Apparel,Vertex Distributors,USA warehouse,17-04-2024,18-04-2024,25-04-2024,Sea,North America,186,328.54,484.81,61108.44,1158.58,826,7,Cancelled,Late
10213,P675,LED TV,Automotive ,Alpha Traders,USA Warehouse,11-05-2024,09-11-2024,14-11-2024,Sea,Europe,33,191.74,249.4,6327.42,282.77,364,17,Shipped,On-Time
10045,P104,Jeans,apparel,NextGen Supplies, China Hub,12-29-2023,04-01-2024,13-01-2024,Truck,EUROPE,128,229.3,271.88,29350.4,596.65,799,-2,Returned,Late
10242,P142,Sneakers,Apparel,Orion Manufacturing,China Hub,01-30-2024,,,Truck, north america,185,474.47,585.77,87776.95,1909.02,814,3,Delayed,Late
10395,P717,Dining Table,Automotive ,Vertex Distributors,India DC,17-02-2023,23-02-2023,06-03-2023,Truck,North America,3,127.44,199.88,382.32,441.32,910,6,Returned,On-Time
10180,P550,Jeans,Electronics,Prime Wholesale,Germany Warehouse,12-03-2023,07-12-2023,14-12-2023,Express,Asia,92,265.91,525.11,24463.72,1467.38,893,3,Delayed,On-Time
10305,P382,Chocolate,Electronics,Vertex Distributors,USA warehouse,30-05-2023,02-06-2023,07-06-2023,Sea,EUROPE,3,35.31,57.95,105.93,348.75,601,17,Delayed,Late
10065,P635,Sofa,Food,Vertex Distributors,Brazil Hub,01-16-2024,,,Truck,Europe,59,195.58,306.08,11539.22,1098.15,126,-3,Shipped,On-Time
10357,P789,Smartphone,electronics,Global Tech Ltd, China Hub,05-10-2023,16-05-2023,22-05-2023,Truck,Europe,290,10.37,14.78,3007.3,1529.54,215,15,Cancelled,On-Time
10314,P487,T-shirt,Food,Vertex Distributors,China Hub,11-06-2023,15-06-2023,20-06-2023,Truck,Asia,96,419.01,595.66,40224.96,1110.57,527,18,Returned,On-Time
10201,P272,Jacket,electronics,Alpha Traders,USA warehouse,04-12-2023,16-04-2023,26-04-2023,Sea,South America,31,29.87,59.53 USD,925.97,125.07,378,-1,Cancelled,On-Time
10141,P809,Jacket,electronics,Alpha Traders,Brazil Hub,28-01-2024,01-02-2024,07-02-2024,Air,EUROPE,439,158.08,239.65 USD,69397.12,592.16,-40,18,Cancelled,On-Time
10145,P504,Office Chair,Electronics,Vertex Distributors,Germany Warehouse,04-27-2024,04-05-2024,14-05-2024,Truck,Europe,482,71.76,$116.96,34588.32,1302.32,422,18,Shipped,Late
10040,P650,Office Chair,Furniture,Orion Manufacturing,USA Warehouse,08-30-2023,03-09-2023,10-09-2023,Sea,EUROPE,396,447.4,707.36,177170.4,1810.51,759,19,Cancelled,Late
10338,P314,T-shirt,Furniture,Delta Exporters,USA warehouse,14-08-2023,17-08-2023,19-08-2023,Air,Asia,487,309.42,454.21,150687.54,284.97,128,-2,Cancelled,Late
10076,P180,Car Battery,apparel,Delta Exporters,Germany Warehouse,02-02-2023,09-02-2023,17-02-2023,Sea,Europe,131,187.32,307.34 USD,24538.92,1057.76,577,17,Shipped,On-Time
10437,P295,Chocolate,Automotive,Global Tech Ltd,USA warehouse,07-11-2023,,,Air,EUROPE,408,61.21,87.62,24973.68,1261.79,650,5,Returned,Late
10179,P691,Sofa,Furniture,Orion Manufacturing, China Hub,12-01-2024,02-12-2024,07-12-2024,Express,Asia,106,463.21,528.76,49100.26,1812.3,151,-2,Delayed,Late
10499,P975,Smartphone,Automotive ,Global Tech Ltd,Germany Warehouse,09-05-2024,14-05-2024,22-05-2024,Express,South America,449,10.88,15.63,4885.12,813.73,805,2,Shipped,Late
10347,P166,Smartphone,Automotive ,Global Tech Ltd, China Hub,06-06-2024,10-06-2024,22-06-2024,Sea,Europe,311,212.41,339.57,66059.51,1543.26,961,6,Cancelled,On-Time
10480,P582,Jacket,Furniture,Vertex Distributors,USA warehouse,02-04-2023,03-04-2023,08-04-2023,Sea,North America,250,427.56,557.47,106890,1955.54,92,13,Delayed,Late
10175,P906,Car Battery,Apparel,Alpha Traders,China Hub,08-01-2024,07-08-2024,15-08-2024,Air,Europe,60,52.14,80.87 USD,3128.4,1712.15,602,16,Delayed,Late
10390,P967,Brake Pads,Furniture,Global Tech Ltd,Germany Warehouse,06-22-2023,23-06-2023,29-06-2023,Truck,Europe,479,484.39,894.04,232022.81,447.93,369,20,Shipped,Late
10376,P196,Office Chair,Apparel,Orion Manufacturing,USA warehouse,07-03-2024,14-03-2024,23-03-2024,Truck,Asia,228,133.2,$232.73,30369.6,865.67,189,6,Cancelled,Late
10441,P437,LED TV,Automotive,Orion Manufacturing,Germany Warehouse,14-11-2023,18-11-2023,21-11-2023,Truck,North America,427,483.76,669.5,206565.52,667.53,306,17,Shipped,Late
10482,P291,Jeans,Furniture,Global Tech Ltd,India DC,09-05-2023,10-09-2023,21-09-2023,Air,North America,67,25.33,40.35,1697.11,1037.78,118,12,Cancelled,Late
10315,P432,Sofa,Apparel,NextGen Supplies,Brazil Hub,05-11-2024,,,Sea,Asia,308,92.55,114.24,28505.4,1954.1,558,1,Cancelled,Late
10379,P258,Chocolate,apparel,Vertex Distributors,Brazil Hub,24-05-2024,31-05-2024,11-06-2024,Air,EUROPE,392,11.79,22.28 USD,4621.68,154.6,499,16,Delayed,Late
10072,P253,Jeans,Electronics ,NextGen Supplies,India DC,29-03-2023,04-04-2023,18-04-2023,Sea,EUROPE,473,438.67,707.8,207490.91,361.32,-43,1,Cancelled,On-Time
10292,P616,Car Battery,Automotive ,NextGen Supplies, China Hub,05-12-2024,,,Air, north america,333,111.53,176.63,37139.49,1362.27,400,18,Delayed,On-Time
10323,P755,Jacket,Electronics,Global Tech Ltd,USA warehouse,29-05-2023,31-05-2023,13-06-2023,Sea,North America,312,213.99,363.46,66764.88,1948.24,-8,7,Cancelled,Late
10350,P715,Headphones,apparel,NextGen Supplies,Germany Warehouse,22-03-2024,,,Truck,Europe,337,274.78,517.23,92600.86,1335.07,295,20,Cancelled,Late
10150,P103,Chocolate,Furniture,Delta Exporters,USA Warehouse,02-08-2023,04-08-2023,13-08-2023,Sea,North America,205,189.46,234.19,38839.3,1094.08,136,20,Shipped,Late
10121,P828,Laptop,apparel,Orion Manufacturing,China Hub,28-03-2023,03-04-2023,05-04-2023,Sea,Europe,292,204.48,$389.09,59708.16,471.18,-34,5,Cancelled,Late
10292,P911,Headphones,electronics,Prime Wholesale, China Hub,03-06-2023,,,Sea,Asia,245,459.42,773.61,112557.9,378.64,759,2,Cancelled,On-Time
10262,P834,Dining Table,Furniture,NextGen Supplies,USA Warehouse,26-08-2023,30-08-2023,12-09-2023,Express,South America,242,379.93,700.29 USD,91943.06,824.07,584,6,Cancelled,On-Time
10185,P522,Headphones,Electronics,Global Tech Ltd,China Hub,12-06-2023,19-06-2023,04-07-2023,Sea,North America,79,377.52,$536.73,29824.08,1612.86,405,19,Delayed,On-Time
10121,P567,Laptop,Electronics,Prime Wholesale,India DC,15-02-2024,18-02-2024,28-02-2024,Air,EUROPE,31,414.97,$623.65,12864.07,463.5,465,9,Delayed,Late
10004,P658,Headphones,apparel,Global Tech Ltd,China Hub,30-11-2023,06-12-2023,09-12-2023,Air, north america,448,230.25,317.37,103152,1296.58,858,8,Returned,On-Time
10260,P639,Frozen Pizza,apparel,Global Tech Ltd, China Hub,08-07-2023,10-07-2023,20-07-2023,Truck,Europe,202,448.35,790.48 USD,90566.7,893.21,993,8,Returned,On-Time
10300,P648,Office Chair,Electronics ,NextGen Supplies,India DC,15-11-2024,17-11-2024,29-11-2024,Truck,Europe,245,55.76,91.49,13661.2,71.79,-1,15,Delayed,Late
10165,P825,Chocolate,Electronics ,Vertex Distributors,USA warehouse,16-03-2023,20-03-2023,29-03-2023,Express,Europe,272,433.41,$517.16,117887.52,154.28,33,18,Shipped,Late
10283,P664,Engine Oil,Food,Prime Wholesale,Brazil Hub,21-06-2023,22-06-2023,03-07-2023,Truck,South America,148,370.77,435.87 USD,54873.96,1041.13,642,17,Shipped,On-Time
10024,P849,LED TV,Electronics ,Delta Exporters,China Hub,21-07-2024,25-07-2024,05-08-2024,Express,Asia,313,140.29,217.91,43910.77,865.59,-1,-3,Delayed,Late
10098,P591,Jeans,electronics,Prime Wholesale,USA Warehouse,01-06-2024,05-06-2024,17-06-2024,Air,EUROPE,298,209.33,297.85,62380.34,1943.71,36,5,Shipped,Late
10179,P587,Tablet,Apparel,Orion Manufacturing,Brazil Hub,08-13-2024,14-08-2024,26-08-2024,Express,EUROPE,455,423.7,715.7,192783.5,925.59,93,20,Cancelled,On-Time
10123,P505,Smartphone,Automotive ,Prime Wholesale,India DC,10-05-2024,13-05-2024,20-05-2024,Air,North America,393,276.73,326.38,108754.89,1174.34,284,1,Delayed,On-Time
10380,P249,Tablet,Furniture,Delta Exporters,USA warehouse,18-01-2023,19-01-2023,01-02-2023,Express,North America,79,253.79,$297.55,20049.41,15.99,895,-2,Returned,Late
10230,P548,Headphones,Automotive,Prime Wholesale,USA Warehouse,24-09-2023,30-09-2023,09-10-2023,Express,South America,273,425.8,508.34,116243.4,1322.13,155,4,Cancelled,Late
10001,P939,Engine Oil,Automotive ,Prime Wholesale,USA warehouse,09-11-2023,13-11-2023,24-11-2023,Truck,Asia,120,456.25,591.52,54750,1827.62,424,19,Delayed,On-Time
10250,P999,Dining Table,electronics,Alpha Traders,USA Warehouse,11-09-2024,17-09-2024,26-09-2024,Express, north america,350,149.96,226.23 USD,52486,1960.74,250,9,Delayed,On-Time
10462,P752,Frozen Pizza,Electronics,Prime Wholesale,USA Warehouse,10-28-2023,04-11-2023,16-11-2023,Sea,EUROPE,234,233.03,360.19,54529.02,211.11,437,19,Shipped,Late
10133,P675,Sneakers,Apparel,NextGen Supplies,China Hub,10-04-2023,17-04-2023,23-04-2023,Truck,EUROPE,106,326.49,608.29 USD,34607.94,1788.01,114,6,Cancelled,Late
10335,P498,Engine Oil,apparel,Orion Manufacturing,China Hub,21-10-2023,28-10-2023,11-11-2023,Express,Asia,90,410.69,624.32 USD,36962.1,1427.56,441,8,Delayed,On-Time
10242,P521,Engine Oil,Automotive,Alpha Traders,USA Warehouse,06-01-2024,10-01-2024,17-01-2024,Sea,Asia,215,255.61,399.27 USD,54956.15,486.1,457,4,Shipped,Late
10339,P298,Tablet,Electronics ,Alpha Traders,China Hub,13-05-2023,18-05-2023,30-05-2023,Air, north america,424,442.64,573.69 USD,187679.36,320.35,734,15,Returned,Late
10305,P768,Sofa,Electronics,Alpha Traders,USA warehouse,02-10-2023,05-10-2023,15-10-2023,Express, north america,172,49.34,86.24,8486.48,1111.74,817,0,Shipped,Late
10382,P982,Brake Pads,apparel,Alpha Traders, China Hub,27-02-2023,03-03-2023,07-03-2023,Air,Asia,18,223.13,$255.95,4016.34,989.69,917,8,Returned,Late
10047,P785,Dining Table,electronics,NextGen Supplies,USA Warehouse,01-26-2024,02-02-2024,13-02-2024,Air, north america,218,156.09,$293.32,34027.62,1987.65,862,-2,Delayed,On-Time
10197,P745,Frozen Pizza,Food,Prime Wholesale,USA Warehouse,11-03-2024,16-03-2024,18-03-2024,Sea,Asia,238,392.98,$519.74,93529.24,1837.25,722,13,Shipped,On-Time
10106,P399,Smartphone,Automotive ,Vertex Distributors,USA Warehouse,28-05-2023,02-06-2023,05-06-2023,Air,Asia,423,284.94,493.69,120529.62,687.39,202,10,Delayed,Late
10295,P325,Laptop,Electronics,Alpha Traders,USA warehouse,04-07-2024,08-04-2024,13-04-2024,Express,Europe,2,115.65,131.05,231.3,1061.49,417,20,Shipped,On-Time
10487,P590,Frozen Pizza,Automotive ,Alpha Traders,China Hub,04-07-2024,,,Express,Asia,296,437.4,740.39,129470.4,139.67,708,16,Cancelled,Late
10308,P840,Jacket,Electronics ,Prime Wholesale,USA Warehouse,03-06-2023,13-03-2023,24-03-2023,Air,North America,108,229.17,339.47,24750.36,1095.51,663,16,Shipped,On-Time
10464,P313,Office Chair,electronics,Delta Exporters,India DC,03-11-2024,,,Truck,North America,153,339.99,658.97,52018.47,620.52,572,10,Delayed,Late
10500,P666,Frozen Pizza,Food,NextGen Supplies, China Hub,31-10-2024,04-11-2024,07-11-2024,Air,Asia,48,306.72,391.41 USD,14722.56,454.35,778,8,Returned,On-Time
10442,P190,Jeans,Furniture,Delta Exporters, China Hub,12-17-2023,18-12-2023,20-12-2023,Sea,EUROPE,83,420.73,$734.61,34920.59,1818.91,4,14,Cancelled,Late
10198,P830,Headphones,Automotive ,Delta Exporters,China Hub,16-09-2024,,,Sea,South America,363,188.16,335.17,68302.08,1217.77,441,8,Returned,Late
10356,P802,Jeans,apparel,Global Tech Ltd,India DC,25-04-2023,30-04-2023,13-05-2023,Express,Europe,145,310.3,347.2,44993.5,1981.53,688,15,Cancelled,On-Time
10261,P132,Tablet,Furniture,Alpha Traders,Germany Warehouse,14-09-2023,18-09-2023,28-09-2023,Sea, north america,337,442.24,$567.69,149034.88,904.77,499,1,Delayed,On-Time
10211,P146,Brake Pads,Food,Orion Manufacturing, China Hub,13-01-2024,19-01-2024,03-02-2024,Air, north america,408,28,45.66 USD,11424,1284.36,620,2,Shipped,Late
10333,P813,Dining Table,Electronics,Global Tech Ltd,China Hub,01-21-2023,23-01-2023,04-02-2023,Air,Asia,448,254.94,364.92,114213.12,262.83,-14,5,Shipped,Late
10380,P368,Car Battery,Automotive,Alpha Traders,Germany Warehouse,22-03-2024,28-03-2024,08-04-2024,Truck, north america,35,234.21,448,8197.35,10132.6,152,2,Returned,Late
10361,P523,Sofa,Electronics ,Alpha Traders,Brazil Hub,23-08-2024,26-08-2024,08-09-2024,Sea,Asia,374,423.25,484.18,158295.5,534.47,821,3,Cancelled,Late
10011,P686,Brake Pads,Electronics,Orion Manufacturing,Germany Warehouse,30-09-2023,06-10-2023,09-10-2023,Air,EUROPE,152,277.41,386.65,42166.32,1952.84,176,5,Shipped,On-Time
10460,P990,Frozen Pizza,Food,Delta Exporters,Brazil Hub,25-01-2023,30-01-2023,01-02-2023,Express,South America,91,81.62,$137.6,7427.42,358.46,859,2,Shipped,On-Time
10233,P430,Frozen Pizza,Apparel,NextGen Supplies,Brazil Hub,04-14-2024,,,Express,Europe,385,292.35,$558.2,112554.75,1236.85,-42,12,Returned,On-Time
10440,P947,Sofa,apparel,Alpha Traders,Germany Warehouse,02-07-2024,12-02-2024,17-02-2024,Air, north america,226,251.15,286.45 USD,56759.9,311.36,807,18,Returned,Late
10192,P869,T-shirt,Electronics,Vertex Distributors,China Hub,10-29-2023,04-11-2023,13-11-2023,Air,Asia,141,487.14,802.44,68686.74,1917.95,486,13,Cancelled,Late
10487,P463,Sofa,apparel,Alpha Traders,India DC,15-06-2024,22-06-2024,30-06-2024,Express,Asia,302,151.11,299.53,45635.22,1918.59,529,-3,Returned,Late
10443,P606,Headphones,Electronics,Orion Manufacturing,Germany Warehouse,13-09-2023,16-09-2023,22-09-2023,Express, north america,87,246.01,$332.16,21402.87,1569.55,635,17,Cancelled,On-Time
10236,P175,Jacket,electronics,Alpha Traders,Germany Warehouse,05-13-2023,16-05-2023,21-05-2023,Express,South America,200,438.87,713.54 USD,87774,1053.1,748,15,Delayed,Late
10309,P557,Chocolate,Furniture,Vertex Distributors,USA Warehouse,09-19-2024,22-09-2024,29-09-2024,Sea,South America,5,461.51,553.65 USD,2307.55,1578.32,53,13,Returned,Late
10111,P257,Jacket,Apparel,Vertex Distributors,China Hub,05-06-2024,11-05-2024,17-05-2024,Express, north america,217,186.69,370.66,40511.73,431.53,648,11,Delayed,Late
10017,P331,Frozen Pizza,Automotive,NextGen Supplies, China Hub,05-28-2023,01-06-2023,15-06-2023,Sea,Europe,300,111.38,$202.88,33414,1983.05,564,11,Cancelled,Late
10489,P448,Frozen Pizza,apparel,Orion Manufacturing,India DC,01-20-2024,27-01-2024,06-02-2024,Express,North America,294,214.46,324.08,63051.24,1852.57,301,-1,Cancelled,On-Time
10180,P820,Sneakers,Electronics,Delta Exporters, China Hub,11-08-2023,,,Express,North America,108,421.16,579.73 USD,45485.28,377.32,149,10,Shipped,On-Time
10339,P379,Office Chair,Automotive ,Global Tech Ltd, China Hub,21-10-2024,26-10-2024,04-11-2024,Truck,Asia,251,125.02,185.91,31380.02,1807.34,882,8,Shipped,Late
10124,P106,Engine Oil,Automotive,Delta Exporters,Brazil Hub,01-04-2023,,,Air,Europe,41,154.02,297.22,6314.82,117.34,112,13,Shipped,On-Time
10465,P749,Office Chair,apparel,Alpha Traders,India DC,02-11-2023,06-11-2023,12-11-2023,Truck,North America,63,207.38,352.09,13064.94,1093,545,17,Returned,Late
10251,P194,Sofa,Furniture,NextGen Supplies,India DC,01-29-2023,31-01-2023,02-02-2023,Truck,EUROPE,218,181.61,227.93,39590.98,81.78,564,14,Delayed,Late
10086,P177,Brake Pads,electronics,NextGen Supplies,USA warehouse,09-24-2024,29-09-2024,01-10-2024,Sea,EUROPE,468,63.89,$110.29,29900.52,1598.98,545,-1,Cancelled,Late
10298,P692,Dining Table,Electronics,Vertex Distributors, China Hub,07-12-2023,14-12-2023,20-12-2023,Express,South America,397,239.49,290.54 USD,95077.53,1334.88,351,-2,Returned,On-Time
10444,P769,Frozen Pizza,Food,Orion Manufacturing,India DC,02-09-2024,10-02-2024,21-02-2024,Sea,EUROPE,99,376.44,434.74,37267.56,794.74,434,4,Returned,On-Time
10218,P861,LED TV,Automotive,Global Tech Ltd, China Hub,14-03-2024,19-03-2024,22-03-2024,Truck, north america,482,364.32,668.88 USD,175602.24,572.15,117,5,Returned,Late
10195,P271,Chocolate,Furniture,Vertex Distributors,USA Warehouse,15-06-2024,20-06-2024,28-06-2024,Air,Asia,165,396.12,607.84,65359.8,627.98,838,18,Shipped,Late
10059,P568,Sofa,Electronics ,Orion Manufacturing, China Hub,29-11-2024,,,Sea,EUROPE,465,172.02,$276.41,79989.3,1330.4,330,7,Shipped,On-Time
10476,P676,Dining Table,Furniture,Prime Wholesale,China Hub,06-16-2023,23-06-2023,25-06-2023,Air, north america,466,48.9,65.78,22787.4,500.8,962,10,Returned,On-Time
10458,P330,Smartphone,electronics,Vertex Distributors, China Hub,07-04-2023,11-07-2023,15-07-2023,Express, north america,439,319.66,605.0 USD,140330.74,919.18,346,17,Delayed,Late
10031,P153,Tablet,electronics,Vertex Distributors,USA Warehouse,06-25-2023,30-06-2023,12-07-2023,Air,South America,22,357.66,$678.83,7868.52,719.9,767,3,Delayed,Late
10382,P197,Jeans,Electronics,Delta Exporters,China Hub,15-11-2023,21-11-2023,28-11-2023,Air, north america,110,493.43,844.07,54277.3,875.04,772,15,Shipped,Late
10249,P679,LED TV,Food,NextGen Supplies,USA Warehouse,12-08-2024,14-08-2024,22-08-2024,Sea,Asia,253,12.27,23.44,3104.31,232.89,144,18,Delayed,On-Time
10116,P686,Brake Pads,Automotive,Global Tech Ltd, China Hub,28-02-2023,07-03-2023,13-03-2023,Truck, north america,387,218.93,$425.96,84725.91,75.42,144,20,Shipped,Late
10294,P111,Frozen Pizza,Food,Prime Wholesale,China Hub,28-12-2023,01-01-2024,09-01-2024,Express, north america,43,90.11,137.22,3874.73,193.5,922,5,Returned,Late
10427,P993,Sneakers,Electronics ,NextGen Supplies,China Hub,26-05-2024,27-05-2024,10-06-2024,Sea,Europe,442,334.62,$659.85,147902.04,1555.51,532,3,Cancelled,On-Time
10415,P914,Office Chair,Automotive,Delta Exporters,Germany Warehouse,12-07-2023,13-07-2023,26-07-2023,Sea,Asia,454,80.48,120.54,36537.92,1270.95,957,-2,Delayed,Late
10465,P592,LED TV,Automotive,Alpha Traders,China Hub,16-12-2023,22-12-2023,28-12-2023,Air,Europe,226,193.2,376.92 USD,43663.2,719.67,-31,3,Delayed,Late
10284,P810,Jeans,Apparel,NextGen Supplies,Germany Warehouse,03-23-2024,26-03-2024,30-03-2024,Truck,Asia,382,163.15,230.64,62323.3,1982.16,45,14,Returned,Late
10094,P997,Jacket,apparel,Orion Manufacturing,Germany Warehouse,06-10-2024,13-10-2024,15-10-2024,Express,Europe,417,34.27,53.49 USD,14290.59,1081.57,357,3,Shipped,Late
10238,P230,Sofa,Apparel,Vertex Distributors,USA warehouse,12-29-2023,04-01-2024,15-01-2024,Express,South America,500,172.43,313.39,86215,271.78,54,8,Delayed,On-Time
10083,P996,Chocolate,Electronics,Prime Wholesale, China Hub,14-11-2023,20-11-2023,26-11-2023,Sea, north america,274,214.5,335.35,58773,1556.21,16,10,Cancelled,On-Time
10124,P817,T-shirt,Automotive,Orion Manufacturing,USA Warehouse,24-11-2024,25-11-2024,10-12-2024,Air,North America,118,95.2,$151.08,11233.6,1613.25,954,20,Shipped,On-Time
10049,P176,Laptop,Automotive,Alpha Traders,Germany Warehouse,03-10-2023,09-10-2023,20-10-2023,Sea,Asia,222,388.36,746.37,86215.92,183.11,664,6,Returned,Late
10363,P234,Engine Oil,Food,Delta Exporters, China Hub,24-02-2023,,,Sea,Asia,283,327.31,444.02,92628.73,1469.64,295,2,Returned,On-Time
10313,P987,Headphones,electronics,Orion Manufacturing,China Hub,22-02-2023,23-02-2023,28-02-2023,Air,Asia,260,217.58,371.94,56570.8,462.4,-19,16,Delayed,Late
10074,P960,Brake Pads,Automotive,Delta Exporters,Brazil Hub,02-10-2023,07-10-2023,12-10-2023,Sea,Asia,369,224.67,429.51 USD,82903.23,228.86,223,12,Delayed,Late
10222,P527,Car Battery,Electronics ,Vertex Distributors,Germany Warehouse,11-26-2023,01-12-2023,16-12-2023,Express,South America,331,434.69,673.72,143882.39,920.54,650,8,Cancelled,On-Time
10075,P438,Chocolate,Furniture,Global Tech Ltd,Germany Warehouse,13-02-2023,20-02-2023,07-03-2023,Truck,Asia,296,130.96,163.49,38764.16,665.21,877,19,Cancelled,Late
10374,P820,Office Chair,Electronics,Alpha Traders,USA warehouse,14-08-2024,,,Truck,Asia,215,497.07,$712.1,106870.05,218.95,599,17,Shipped,On-Time
10110,P641,Engine Oil,Automotive ,Prime Wholesale,USA warehouse,25-11-2024,29-11-2024,08-12-2024,Truck,South America,191,74.13,103.93 USD,14158.83,1398.91,848,3,Delayed,Late
10226,P807,Engine Oil,Electronics ,Delta Exporters, China Hub,22-12-2023,,,Air, north america,132,94.75,185.84,12507,646.11,883,19,Cancelled,On-Time
10429,P194,Sneakers,Automotive,Orion Manufacturing,Brazil Hub,06-12-2024,15-06-2024,17-06-2024,Express,North America,342,168.01,231.98,57459.42,612.27,986,2,Returned,Late
10221,P842,Car Battery,Food,Global Tech Ltd,Germany Warehouse,04-19-2024,25-04-2024,05-05-2024,Truck,South America,309,230.57,456.18 USD,71246.13,1611.93,832,1,Cancelled,Late
10339,P580,T-shirt,Electronics,Prime Wholesale,USA Warehouse,12-04-2024,13-04-2024,21-04-2024,Express,EUROPE,272,51.77,$62.24,14081.44,1282.96,901,18,Delayed,On-Time
10366,P784,Tablet,Electronics ,NextGen Supplies,USA Warehouse,10-24-2023,27-10-2023,30-10-2023,Truck, north america,250,439.63,496.55,109907.5,46.04,309,3,Cancelled,On-Time
10218,P492,Dining Table,Furniture,Orion Manufacturing,India DC,07-14-2024,17-07-2024,28-07-2024,Air,Asia,61,301.16,567.16,18370.76,897.2,139,15,Delayed,On-Time
10494,P427,Laptop,electronics,Prime Wholesale,USA Warehouse,16-03-2023,20-03-2023,26-03-2023,Express,Europe,217,444.72,842.55,96504.24,858.91,155,18,Delayed,On-Time
10203,P619,Brake Pads,Electronics ,Vertex Distributors,USA warehouse,15-01-2023,19-01-2023,22-01-2023,Express, north america,409,464.36,$848.41,189923.24,1098.33,466,6,Shipped,Late
10044,P421,Headphones,Apparel,Global Tech Ltd,USA Warehouse,09-24-2023,30-09-2023,12-10-2023,Truck,EUROPE,400,36.35,64.21,14540,1636.36,130,15,Returned,Late
10370,P869,Car Battery,Furniture,Alpha Traders,India DC,28-04-2024,03-05-2024,13-05-2024,Express,Europe,299,116.74,224.73,34905.26,1144.53,742,16,Returned,Late
10129,P256,LED TV,apparel,NextGen Supplies, China Hub,18-06-2023,,,Express,North America,136,392.67,$536.08,53403.12,909.58,891,7,Cancelled,Late
10393,P408,Jacket,Electronics ,Alpha Traders,USA Warehouse,12-09-2023,12-12-2023,20-12-2023,Express,Asia,299,102.56,$177.23,30665.44,1195.56,910,9,Shipped,On-Time
10473,P889,Chocolate,Automotive,Prime Wholesale,USA warehouse,14-02-2023,,,Express, north america,120,237.37,407.91,28484.4,1761.79,-45,2,Shipped,Late
10042,P516,Jacket,Automotive ,Global Tech Ltd,China Hub,01-07-2024,14-01-2024,24-01-2024,Express,Asia,283,15.64,23.81,4426.12,490.32,1000,11,Returned,Late
10433,P465,Sofa,apparel,Delta Exporters, China Hub,04-02-2023,10-02-2023,18-02-2023,Truck, north america,149,310.44,521.67 USD,46255.56,1299.93,244,9,Delayed,On-Time
10477,P883,Tablet,Food,Vertex Distributors, China Hub,23-07-2023,28-07-2023,06-08-2023,Truck,Asia,133,371.82,597.46,49452.06,1912.44,589,16,Cancelled,Late
10280,P585,Smartphone,Automotive,NextGen Supplies,USA warehouse,11-08-2024,17-08-2024,20-08-2024,Express,Asia,203,154.11,180.11 USD,31284.33,16829.1,314,18,Cancelled,On-Time
10071,P854,LED TV,Automotive,Prime Wholesale, China Hub,13-10-2024,17-10-2024,28-10-2024,Truck,Europe,93,78.72,95.37 USD,7320.96,1472.67,421,2,Delayed,On-Time
10196,P310,Dining Table,Furniture,Orion Manufacturing, China Hub,06-09-2023,08-09-2023,22-09-2023,Express,EUROPE,324,255.93,312.82,82921.32,659.35,259,7,Delayed,Late
10104,P250,Sneakers,Apparel,Vertex Distributors,China Hub,04-01-2024,06-04-2024,20-04-2024,Air,Asia,75,417.68,729.14 USD,31326,1926.78,470,11,Delayed,Late
10189,P541,Engine Oil,Food,Vertex Distributors,India DC,16-03-2024,20-03-2024,01-04-2024,Sea,Asia,184,175.98,296.15,32380.32,499.17,303,19,Returned,Late
10048,P101,Sneakers,Apparel,Delta Exporters,China Hub,08-07-2023,11-08-2023,16-08-2023,Express,North America,294,400.11,612.21,117632.34,96.84,116,0,Cancelled,Late
10273,P340,T-shirt,Automotive ,Delta Exporters,India DC,14-10-2023,20-10-2023,28-10-2023,Air,EUROPE,63,251.39,427.2,15837.57,18.27,580,-2,Returned,On-Time
10367,P737,Sofa,Electronics,Alpha Traders,China Hub,07-09-2024,10-09-2024,21-09-2024,Sea,EUROPE,240,493.48,682.69 USD,118435.2,1400.29,477,-2,Returned,Late
10278,P468,T-shirt,Food,Delta Exporters,India DC,26-04-2024,28-04-2024,02-05-2024,Truck,South America,375,250.72,$348.54,94020,1087.62,344,7,Returned,On-Time
10232,P545,Jacket,apparel,Vertex Distributors,USA warehouse,08-02-2023,11-02-2023,20-02-2023,Air,Asia,100,60.01,$104.56,6001,138.54,932,12,Delayed,On-Time
10440,P757,Dining Table,Automotive,Vertex Distributors,China Hub,29-11-2023,05-12-2023,10-12-2023,Express, north america,196,280.1,323.04,54899.6,73.13,691,17,Returned,On-Time
10397,P602,Engine Oil,apparel,Prime Wholesale,USA warehouse,18-09-2024,23-09-2024,26-09-2024,Truck,Europe,294,118.81,158.84,34930.14,569.87,618,2,Shipped,On-Time
10321,P580,Laptop,Furniture,Vertex Distributors,USA warehouse,18-05-2024,23-05-2024,01-06-2024,Truck,North America,432,402.2,666.54,173750.4,982.57,983,13,Returned,On-Time
10080,P336,Dining Table,Electronics ,Orion Manufacturing,Germany Warehouse,06-07-2023,08-07-2023,16-07-2023,Air,EUROPE,329,419.54,688.8,138028.66,470.11,311,15,Returned,On-Time
10080,P952,Jacket,Furniture,Global Tech Ltd,Brazil Hub,22-01-2023,,,Truck, north america,389,217.49,367.23 USD,84603.61,818.66,717,17,Shipped,Late
10066,P148,Engine Oil,Electronics ,Alpha Traders,Germany Warehouse,15-09-2024,17-09-2024,21-09-2024,Sea,North America,25,260.84,383.94,6521,1508.27,745,19,Shipped,On-Time
10448,P537,Frozen Pizza,Electronics,Global Tech Ltd,Germany Warehouse,01-08-2024,03-08-2024,10-08-2024,Express,North America,488,91.43,181.37 USD,44617.84,534.95,842,-1,Returned,Late
10175,P823,Smartphone,Electronics,Alpha Traders,Brazil Hub,01-17-2024,24-01-2024,06-02-2024,Truck,Asia,468,126.16,140.97,59042.88,944.65,573,4,Cancelled,On-Time
10176,P921,Jacket,Furniture,Alpha Traders,India DC,02-21-2024,25-02-2024,04-03-2024,Truck,Asia,170,140.71,$269.35,23920.7,1279.06,490,19,Cancelled,Late
10020,P320,T-shirt,Electronics ,Delta Exporters,Brazil Hub,13-12-2023,14-12-2023,19-12-2023,Sea,EUROPE,151,401.31,$666.19,60597.81,1213.37,824,0,Delayed,Late
10195,P328,LED TV,Electronics,Delta Exporters,USA Warehouse,22-05-2024,,,Air,Europe,159,226.85,430.06 USD,36069.15,1215.6,215,14,Returned,Late
10477,P412,Sneakers,Automotive,Prime Wholesale, China Hub,20-06-2023,25-06-2023,27-06-2023,Sea,Europe,57,11.53,$13.37,657.21,1836.52,398,18,Returned,On-Time
10120,P870,Sofa,electronics,NextGen Supplies,Germany Warehouse,22-04-2023,25-04-2023,09-05-2023,Air,Europe,161,265.42,501.69,42732.62,17122.4,861,2,Cancelled,Late
10157,P845,Headphones,Automotive ,Delta Exporters, China Hub,18-01-2024,25-01-2024,01-02-2024,Express,Europe,478,434.02,829.3,207461.56,1073.61,180,19,Delayed,On-Time
10153,P587,Sneakers,Automotive ,Global Tech Ltd, China Hub,21-07-2023,24-07-2023,03-08-2023,Air, north america,352,360.14,415.82 USD,126769.28,159.45,648,1,Returned,Late
10229,P927,Sofa,Food,Alpha Traders,USA Warehouse,03-06-2023,09-06-2023,12-06-2023,Express,Europe,318,455.63,654.98 USD,144890.34,582.39,210,9,Cancelled,Late
10242,P110,Dining Table,Furniture,NextGen Supplies,India DC,26-11-2024,03-12-2024,18-12-2024,Air,EUROPE,107,289.28,437.47,30952.96,1082.03,181,13,Shipped,On-Time
10215,P763,Sofa,Automotive ,Prime Wholesale,Germany Warehouse,18-06-2024,19-06-2024,29-06-2024,Express,South America,426,154.34,292.85,65748.84,640.34,971,16,Delayed,On-Time
10337,P735,T-shirt,Automotive,Alpha Traders,USA warehouse,09-09-2023,15-09-2023,23-09-2023,Sea,North America,246,269.45,368.12,66284.7,284.32,306,3,Cancelled,On-Time
10383,P856,Chocolate,Apparel,Alpha Traders,USA warehouse,28-04-2023,04-05-2023,12-05-2023,Air,Europe,270,216.79,305.73 USD,58533.3,787.14,120,14,Cancelled,On-Time
10040,P617,Tablet,electronics,Delta Exporters,Germany Warehouse,21-05-2024,24-05-2024,31-05-2024,Air,EUROPE,477,402.86,630.1,192164.22,1860.39,586,-3,Shipped,On-Time
10335,P143,Dining Table,apparel,Orion Manufacturing,Brazil Hub,19-05-2023,25-05-2023,06-06-2023,Express,North America,357,217.22,302.36,77547.54,60.34,656,5,Delayed,On-Time
10431,P280,Jeans,electronics,Alpha Traders, China Hub,06-04-2024,,,Sea,Asia,264,327.48,542.2 USD,86454.72,277.1,178,3,Delayed,On-Time
10258,P218,Laptop,Electronics,NextGen Supplies,China Hub,17-12-2023,18-12-2023,24-12-2023,Sea,Asia,241,138.8,$255.93,33450.8,332.87,711,3,Returned,Late
10284,P421,Chocolate,Food,NextGen Supplies,USA Warehouse,11-07-2024,12-11-2024,22-11-2024,Air,EUROPE,492,95.77,$126.92,47118.84,1166.86,552,-3,Returned,On-Time
10121,P650,LED TV,Electronics,Delta Exporters,Brazil Hub,03-20-2024,22-03-2024,27-03-2024,Air,EUROPE,247,249.1,$428.24,61527.7,137.51,215,4,Shipped,On-Time
10051,P859,Frozen Pizza,Electronics,Global Tech Ltd,Brazil Hub,30-06-2023,01-07-2023,05-07-2023,Truck, north america,74,265.8,373.86 USD,19669.2,225.96,922,15,Cancelled,On-Time
10354,P330,Frozen Pizza,electronics,Delta Exporters, China Hub,12-06-2023,12-12-2023,27-12-2023,Air,North America,209,488.38,773.83 USD,102071.42,783.6,553,18,Returned,On-Time
10251,P382,Laptop,Electronics ,Global Tech Ltd,India DC,10-07-2023,,,Air,Asia,176,26,33.71,4576,707.72,951,-1,Shipped,Late
10049,P539,Frozen Pizza,apparel,Alpha Traders,USA Warehouse,28-09-2023,30-09-2023,07-10-2023,Truck,North America,20,310.17,$435.51,6203.4,12.32,986,3,Cancelled,On-Time
10094,P782,LED TV,Automotive,Orion Manufacturing,Brazil Hub,15-03-2024,21-03-2024,30-03-2024,Air,South America,499,45.28,86.62 USD,22594.72,1505.89,815,11,Shipped,On-Time
10342,P667,LED TV,Automotive ,Delta Exporters,USA warehouse,06-04-2023,08-04-2023,10-04-2023,Air,Asia,419,281.15,$348.84,117801.85,74.82,790,15,Returned,Late
10480,P245,Tablet,apparel,NextGen Supplies,Brazil Hub,08-29-2023,04-09-2023,13-09-2023,Express,North America,55,148.36,204.05,8159.8,892.27,-18,13,Delayed,On-Time
10078,P495,Laptop,Automotive,Vertex Distributors,Brazil Hub,14-09-2024,15-09-2024,18-09-2024,Sea,EUROPE,143,238.64,423.65 USD,34125.52,112.96,557,8,Shipped,Late
10465,P251,Headphones,Automotive,Delta Exporters,USA Warehouse,30-01-2024,06-02-2024,19-02-2024,Truck,EUROPE,324,187.37,366.56 USD,60707.88,1627.5,554,7,Cancelled,On-Time
10479,P371,Office Chair,Automotive ,Vertex Distributors,Germany Warehouse,03-07-2024,12-03-2024,14-03-2024,Sea,North America,399,468.43,$546.76,186903.57,1022.26,149,0,Cancelled,On-Time
10214,P909,Dining Table,apparel,Delta Exporters,Germany Warehouse,09-08-2024,,,Truck,South America,162,75.48,126.73,12227.76,1402.68,983,17,Delayed,On-Time
10442,P265,Sofa,Automotive,Alpha Traders,USA Warehouse,20-04-2024,21-04-2024,28-04-2024,Sea,EUROPE,313,486.26,579.15 USD,152199.38,866.37,223,1,Delayed,Late
10364,P310,Brake Pads,Electronics,Delta Exporters,Brazil Hub,06-08-2023,08-08-2023,20-08-2023,Sea,North America,308,286.57,510.75,88263.56,1542.25,1,-3,Delayed,Late
10104,P182,Jeans,Apparel,Alpha Traders, China Hub,09-06-2024,,,Air,EUROPE,138,218.72,$325.75,30183.36,522.9,413,2,Returned,Late
10280,P396,Jacket,Furniture,Global Tech Ltd,Germany Warehouse,18-12-2023,22-12-2023,28-12-2023,Sea, north america,50,348.52,669.13 USD,17426,388.22,213,6,Delayed,Late
10278,P767,T-shirt,Automotive,Vertex Distributors,USA Warehouse,12-09-2024,19-09-2024,21-09-2024,Sea, north america,372,300.07,$511.16,111626.04,241.61,543,6,Cancelled,On-Time
10104,P196,Jacket,electronics,Prime Wholesale, China Hub,29-06-2023,02-07-2023,10-07-2023,Air,Asia,254,59.05,104.98 USD,14998.7,1841.91,-25,2,Delayed,On-Time
10213,P268,Tablet,Automotive ,Prime Wholesale,USA warehouse,28-01-2023,29-01-2023,12-02-2023,Sea,North America,248,337.29,517.94 USD,83647.92,372.48,608,15,Delayed,Late
10142,P946,Jacket,Electronics,Alpha Traders,USA Warehouse,02-05-2023,03-05-2023,18-05-2023,Express,Asia,57,116.5,$199.87,6640.5,491.04,417,3,Shipped,On-Time
10288,P459,Smartphone,apparel,Delta Exporters,China Hub,08-03-2024,09-08-2024,21-08-2024,Truck, north america,102,463.51,860.75 USD,47278.02,465.86,860,14,Cancelled,On-Time
10092,P806,Jacket,Automotive,Global Tech Ltd,USA warehouse,28-05-2024,01-06-2024,14-06-2024,Sea,North America,268,163.7,$284.11,43871.6,43.71,-3,-3,Shipped,On-Time
10330,P516,Engine Oil,Furniture,Orion Manufacturing,Brazil Hub,06-06-2024,10-06-2024,18-06-2024,Air,Asia,78,71.91,140.2 USD,5608.98,827.91,510,2,Delayed,On-Time
10374,P823,Sofa,electronics,Alpha Traders,Brazil Hub,04-06-2023,08-04-2023,17-04-2023,Truck, north america,379,79.71,$91.43,30210.09,1826.76,462,11,Shipped,Late
10049,P850,Jeans,Food,Global Tech Ltd,USA Warehouse,11-23-2024,30-11-2024,06-12-2024,Air,Europe,277,379.97,$592.79,105251.69,939.76,20,16,Shipped,On-Time
10191,P674,Engine Oil,Automotive ,Vertex Distributors,Brazil Hub,05-08-2024,08-08-2024,14-08-2024,Express,South America,458,322.49,579.15,147700.42,1765.96,780,12,Shipped,On-Time
10341,P258,Chocolate,apparel,Delta Exporters,Brazil Hub,10-16-2024,23-10-2024,31-10-2024,Air,Europe,325,19.39,30.95 USD,6301.75,1201.93,823,6,Shipped,Late
10104,P941,Car Battery,Automotive,Orion Manufacturing,China Hub,19-07-2024,24-07-2024,27-07-2024,Express,Asia,16,435.82,830.57,6973.12,341.51,581,9,Shipped,Late
10476,P539,Sneakers,electronics,Alpha Traders,India DC,26-10-2023,31-10-2023,06-11-2023,Sea,Asia,152,474.47,$934.56,72119.44,1538.04,319,1,Delayed,Late
10288,P764,Office Chair,apparel,NextGen Supplies,China Hub,25-11-2024,,,Sea,Asia,193,113.68,216.87,21940.24,1839.97,151,6,Returned,Late
10079,P134,T-shirt,Furniture,Orion Manufacturing, China Hub,03-29-2024,01-04-2024,11-04-2024,Air, north america,451,69.95,124.86,31547.45,1028.94,215,20,Shipped,On-Time
10263,P811,Sneakers,electronics,Delta Exporters, China Hub,18-09-2023,24-09-2023,30-09-2023,Air,EUROPE,292,178.2,207.06,52034.4,550.16,625,7,Returned,Late
10185,P948,Sofa,Electronics,Vertex Distributors,USA warehouse,17-09-2024,22-09-2024,01-10-2024,Air, north america,115,281.24,485.39,32342.6,1329.31,841,-1,Delayed,Late
10068,P677,Engine Oil,electronics,Prime Wholesale,India DC,24-04-2024,30-04-2024,03-05-2024,Sea,Europe,53,211.07,$365.23,11186.71,714.26,5,9,Shipped,Late
10159,P324,Sofa,Apparel,Orion Manufacturing,USA warehouse,21-04-2023,26-04-2023,29-04-2023,Truck, north america,360,82.53,93.01 USD,29710.8,394.66,797,15,Shipped,On-Time
10434,P962,Laptop,Electronics,Global Tech Ltd,Germany Warehouse,06-12-2024,16-06-2024,19-06-2024,Air,North America,109,224.47,$438.64,24467.23,700.95,637,0,Cancelled,On-Time
10173,P550,T-shirt,apparel,Global Tech Ltd,India DC,04-14-2023,16-04-2023,19-04-2023,Express, north america,232,407.52,580.3,94544.64,1699.91,387,-1,Returned,On-Time
10244,P570,Office Chair,Furniture,Alpha Traders,Germany Warehouse,11-30-2024,04-12-2024,09-12-2024,Air,Asia,14,446.6,$709.49,6252.4,1712.54,498,17,Cancelled,On-Time
10288,P340,Smartphone,Automotive,Orion Manufacturing, China Hub,05-06-2023,08-06-2023,13-06-2023,Sea,EUROPE,404,416.89,696.1 USD,168423.56,513.45,611,20,Delayed,On-Time
10388,P545,Headphones,Automotive,Prime Wholesale,Germany Warehouse,07-06-2024,09-07-2024,18-07-2024,Truck,EUROPE,460,267.75,$397.13,123165,701.56,0,3,Returned,On-Time
10258,P653,Jeans,Automotive,Global Tech Ltd, China Hub,08-12-2023,11-12-2023,22-12-2023,Sea, north america,294,387.51,608.74,113927.94,526.78,984,1,Returned,Late
10216,P383,Jeans,Electronics,Prime Wholesale,USA warehouse,15-07-2024,21-07-2024,31-07-2024,Sea, north america,3,269.05,332.72,807.15,1040.86,901,9,Returned,On-Time
10058,P758,Jacket,electronics,Alpha Traders,India DC,19-01-2024,,,Air,EUROPE,41,460.33,528.64 USD,18873.53,628.11,744,5,Delayed,On-Time
10163,P957,Dining Table,Automotive,Global Tech Ltd,Germany Warehouse,26-01-2024,29-01-2024,07-02-2024,Express,Asia,314,183.03,$349.37,57471.42,389.64,958,6,Shipped,Late
10232,P683,Sneakers,apparel,Vertex Distributors,India DC,09-07-2024,,,Express,Asia,242,292.87,442.2,70874.54,1311.92,574,13,Cancelled,Late
10392,P197,Frozen Pizza,Automotive ,NextGen Supplies, China Hub,02-21-2024,28-02-2024,07-03-2024,Truck,North America,487,369.13,461.49,179766.31,420.33,464,17,Delayed,Late
10442,P699,Brake Pads,Electronics ,Global Tech Ltd,China Hub,02-03-2024,,,Truck,South America,127,34.11,43.04,4331.97,30.49,619,2,Shipped,Late
10331,P519,Engine Oil,Food,Global Tech Ltd,China Hub,13-12-2023,20-12-2023,31-12-2023,Air,South America,115,457.31,$837.67,52590.65,140.98,571,3,Cancelled,Late
10454,P115,Frozen Pizza,apparel,Global Tech Ltd,USA Warehouse,30-07-2023,02-08-2023,15-08-2023,Sea,South America,399,340.26,643.94,135763.74,748.69,467,2,Cancelled,On-Time
10308,P214,Tablet,apparel,Prime Wholesale,India DC,29-10-2024,05-11-2024,07-11-2024,Truck,Europe,162,256.66,$458.79,41578.92,1704.08,442,9,Returned,On-Time
10219,P915,T-shirt,Furniture,Prime Wholesale,USA Warehouse,06-27-2023,01-07-2023,09-07-2023,Air,North America,373,324.17,472.78,120915.41,829.27,50,5,Cancelled,Late
10002,P320,Headphones,Electronics ,Vertex Distributors,China Hub,27-10-2023,30-10-2023,06-11-2023,Sea, north america,240,315.67,569.08 USD,75760.8,1510.16,937,1,Delayed,Late
10311,P543,Tablet,Furniture,Delta Exporters,India DC,03-10-2024,10-10-2024,18-10-2024,Sea,North America,227,308.02,442.95 USD,69920.54,1211.59,135,19,Cancelled,Late
10368,P994,Frozen Pizza,Electronics ,Orion Manufacturing,USA Warehouse,04-20-2024,22-04-2024,24-04-2024,Sea,Europe,77,314.33,527.19,24203.41,394,219,8,Cancelled,On-Time
10317,P272,Dining Table,Automotive ,Orion Manufacturing,USA warehouse,28-11-2024,29-11-2024,06-12-2024,Express,EUROPE,101,298.83,486.89,30181.83,451.97,477,8,Delayed,Late
10075,P789,Laptop,Automotive,Alpha Traders,USA Warehouse,04-20-2023,22-04-2023,26-04-2023,Air,South America,57,426.28,482.75,24297.96,1290.26,806,6,Delayed,On-Time
10057,P228,Frozen Pizza,Automotive ,Alpha Traders,USA Warehouse,03-08-2024,07-08-2024,21-08-2024,Sea, north america,305,459.39,794.55,140113.95,1009.51,939,20,Cancelled,Late
10375,P283,Office Chair,Electronics,Global Tech Ltd, China Hub,06-02-2024,06-06-2024,08-06-2024,Truck, north america,399,167.71,292.5 USD,66916.29,1297.81,233,4,Returned,Late
10121,P202,T-shirt,apparel,Vertex Distributors,Germany Warehouse,08-31-2023,,,Truck,EUROPE,319,88.12,105.26,28110.28,532.29,201,11,Cancelled,On-Time
10275,P124,T-shirt,apparel,Vertex Distributors, China Hub,01-16-2024,,,Sea,Asia,59,87.39,104.94,5156.01,1132.72,556,7,Cancelled,On-Time
10122,P461,Laptop,electronics,NextGen Supplies, China Hub,30-12-2023,01-01-2024,14-01-2024,Truck, north america,54,13.24,$26.37,714.96,70.21,307,19,Returned,Late
10179,P289,Office Chair,Automotive,Orion Manufacturing,India DC,25-06-2023,27-06-2023,06-07-2023,Air,South America,146,67.86,105.73,9907.56,940,743,11,Shipped,On-Time
10202,P420,Frozen Pizza,electronics,Delta Exporters,India DC,28-03-2024,30-03-2024,13-04-2024,Sea,Asia,280,313.47,349.16,87771.6,523.98,593,10,Cancelled,Late
10291,P993,Dining Table,apparel,Delta Exporters,USA Warehouse,25-11-2023,01-12-2023,10-12-2023,Express,Asia,308,276.74,359.19 USD,85235.92,551.69,717,0,Shipped,On-Time
10259,P195,Chocolate,Electronics,Delta Exporters,USA warehouse,10-10-2023,17-10-2023,30-10-2023,Sea,South America,30,402.12,654.16,12063.6,1922.91,-30,5,Delayed,On-Time
10352,P307,Laptop,apparel,NextGen Supplies, China Hub,27-08-2024,01-09-2024,15-09-2024,Truck,South America,122,159.68,318.52,19480.96,694.2,53,19,Delayed,Late
10081,P254,Engine Oil,Furniture,Vertex Distributors,Germany Warehouse,04-08-2023,09-08-2023,19-08-2023,Air, north america,143,172.62,288.58 USD,24684.66,1366.71,129,-3,Shipped,On-Time
10340,P521,T-shirt,electronics,Delta Exporters,Brazil Hub,12-07-2024,14-07-2024,20-07-2024,Express,North America,48,34.93,46.2 USD,1676.64,1193.34,543,6,Shipped,Late
10480,P252,Sneakers,Apparel,Vertex Distributors,USA warehouse,06-03-2023,05-06-2023,09-06-2023,Express,EUROPE,8,74.82,138.04,598.56,505.69,215,1,Delayed,Late
10055,P421,Sneakers,Automotive ,NextGen Supplies,USA Warehouse,02-12-2024,16-02-2024,01-03-2024,Truck,Asia,267,212.52,$289.78,56742.84,823.08,126,14,Cancelled,On-Time
10382,P199,Engine Oil,Electronics,Delta Exporters,USA warehouse,10-05-2024,09-10-2024,11-10-2024,Air,EUROPE,362,328.17,378.81,118797.54,704.13,90,13,Shipped,Late
10307,P458,Dining Table,Electronics,Prime Wholesale,Germany Warehouse,03-05-2024,07-05-2024,09-05-2024,Air,Asia,272,99.55,$120.8,27077.6,1337.08,584,8,Shipped,Late
10401,P286,Laptop,Electronics ,Vertex Distributors,USA warehouse,27-08-2024,02-09-2024,05-09-2024,Air,North America,17,216.5,274.44 USD,3680.5,1637.58,519,6,Returned,On-Time
10085,P577,Tablet,Electronics ,Prime Wholesale,USA warehouse,30-10-2023,,,Air,EUROPE,152,33.21,40.79,5047.92,749.12,-49,20,Delayed,Late
10120,P218,Chocolate,Automotive ,Delta Exporters,Brazil Hub,23-04-2024,24-04-2024,29-04-2024,Truck,EUROPE,224,162.72,286.97 USD,36449.28,1332.16,273,0,Delayed,Late
10494,P312,Sneakers,apparel,Global Tech Ltd,India DC,24-10-2024,31-10-2024,02-11-2024,Air,South America,265,205.37,310.33,54423.05,1258.47,371,19,Shipped,On-Time
10478,P903,Sneakers,Food,Delta Exporters,China Hub,05-01-2024,10-01-2024,22-01-2024,Truck,Europe,100,412.79,$772.42,41279,1420.44,789,-2,Delayed,On-Time
10192,P852,Jacket,Food,NextGen Supplies,USA warehouse,17-09-2024,22-09-2024,04-10-2024,Sea,EUROPE,123,382.77,569.17,47080.71,1427.38,580,3,Delayed,Late
10193,P562,Chocolate,Automotive,Vertex Distributors,Germany Warehouse,27-04-2024,04-05-2024,11-05-2024,Express,Europe,347,215.72,$400.04,74854.84,1177.36,255,16,Cancelled,On-Time
10204,P896,LED TV,Food,NextGen Supplies,India DC,26-10-2023,28-10-2023,10-11-2023,Truck,South America,41,233.56,443.28,9575.96,707.58,514,15,Returned,On-Time
10356,P100,Laptop,Automotive,Alpha Traders,Brazil Hub,17-09-2024,19-09-2024,04-10-2024,Express,North America,205,194.75,303.16 USD,39923.75,178.8,124,9,Returned,On-Time
10416,P761,Chocolate,electronics,Alpha Traders,Germany Warehouse,26-09-2023,30-09-2023,03-10-2023,Express, north america,232,487.93,613.29,113199.76,126.39,943,-3,Delayed,On-Time
10322,P464,T-shirt,Furniture,NextGen Supplies,Brazil Hub,27-10-2024,28-10-2024,03-11-2024,Truck,Europe,47,156.99,$299.57,7378.53,202.9,86,15,Cancelled,On-Time
10175,P575,LED TV,electronics,Orion Manufacturing,Germany Warehouse,28-07-2024,03-08-2024,16-08-2024,Express, north america,455,226.44,435.56,103030.2,1813.14,207,15,Shipped,Late
10273,P471,LED TV,electronics,Vertex Distributors,USA Warehouse,10-06-2023,,,Truck,North America,332,438.23,577.24,145492.36,1077.17,543,18,Returned,Late
10205,P271,Tablet,apparel,NextGen Supplies,Germany Warehouse,04-04-2023,09-04-2023,22-04-2023,Sea,North America,328,382.03,630.81 USD,125305.84,787.85,233,15,Shipped,Late
10168,P457,T-shirt,Automotive ,Alpha Traders,Brazil Hub,09-16-2024,21-09-2024,04-10-2024,Truck,Asia,336,413.08,$793.0,138794.88,116.82,879,-1,Delayed,On-Time
10016,P727,Headphones,Electronics ,Vertex Distributors,Germany Warehouse,17-08-2024,24-08-2024,31-08-2024,Truck,South America,488,482.98,923.91,235694.24,1646.31,293,0,Returned,On-Time
10328,P728,Office Chair,Food,NextGen Supplies,Brazil Hub,15-05-2024,21-05-2024,23-05-2024,Truck,North America,121,174.93,235.58,21166.53,1572.04,957,19,Cancelled,Late
10219,P612,Engine Oil,Automotive ,Delta Exporters, China Hub,09-14-2024,19-09-2024,02-10-2024,Sea,Asia,316,311.91,588.88,98563.56,867.86,553,12,Shipped,On-Time
10473,P141,Frozen Pizza,Electronics,Global Tech Ltd, China Hub,02-02-2023,,,Air,EUROPE,443,81.45,152.46 USD,36082.35,915.9,545,17,Delayed,On-Time
10499,P440,Laptop,Automotive,Vertex Distributors,China Hub,02-13-2024,14-02-2024,24-02-2024,Sea,North America,148,89.14,151.04 USD,13192.72,998.38,758,11,Returned,Late
10185,P245,Sneakers,Apparel,Delta Exporters,USA warehouse,01-02-2023,08-01-2023,22-01-2023,Truck,Asia,500,307.88,$371.48,153940,1285.18,318,17,Cancelled,On-Time
10308,P716,Chocolate,Food,Alpha Traders,Germany Warehouse,10-02-2024,,,Sea,South America,445,356.27,$563.87,158540.15,979.47,143,7,Returned,Late
10361,P485,Laptop,Food,Alpha Traders,USA Warehouse,26-04-2023,30-04-2023,05-05-2023,Sea, north america,108,451.88,544.92,48803.04,1785.29,262,6,Returned,On-Time
10060,P760,Jacket,Electronics,Orion Manufacturing,India DC,03-07-2024,04-07-2024,13-07-2024,Express, north america,100,207.24,291.07,20724,193.12,124,9,Returned,On-Time
10239,P763,Chocolate,apparel,Orion Manufacturing, China Hub,15-04-2023,18-04-2023,24-04-2023,Sea,Asia,323,309.48,491.37 USD,99962.04,886.91,718,20,Cancelled,On-Time
10092,P165,Jeans,Automotive,NextGen Supplies,China Hub,06-11-2023,10-11-2023,13-11-2023,Truck,Asia,154,102.56,181.49,15794.24,505.58,394,-3,Returned,On-Time
10200,P209,Sneakers,Electronics,Delta Exporters, China Hub,24-04-2023,26-04-2023,05-05-2023,Sea,Europe,431,119.1,160.57,51332.1,1273.75,794,-1,Delayed,Late
10159,P823,Car Battery,Apparel,Delta Exporters,Brazil Hub,16-05-2024,20-05-2024,01-06-2024,Air,South America,261,252.3,337.81,65850.3,433.42,250,11,Returned,On-Time
10194,P367,Chocolate,Furniture,Alpha Traders,USA Warehouse,04-16-2023,17-04-2023,25-04-2023,Sea,Asia,142,163.7,$238.59,23245.4,10205.1,425,9,Returned,On-Time
10408,P183,Sneakers,Electronics,Orion Manufacturing,USA warehouse,01-06-2023,02-06-2023,14-06-2023,Sea,Europe,440,327.68,494.14,144179.2,405.93,466,13,Shipped,On-Time
10449,P989,Sneakers,electronics,Vertex Distributors, China Hub,01-02-2024,03-02-2024,10-02-2024,Air,EUROPE,135,333.43,627.57 USD,45013.05,1022.49,916,16,Cancelled,On-Time
10483,P367,Jeans,Apparel,Delta Exporters,China Hub,15-05-2024,21-05-2024,05-06-2024,Sea,EUROPE,61,185.68,326.13,11326.48,1507.78,33,17,Cancelled,On-Time
10351,P874,LED TV,Electronics,NextGen Supplies,USA warehouse,16-06-2024,,,Air,North America,318,233.83,324.35 USD,74357.94,1954.08,452,12,Returned,On-Time
10497,P911,Smartphone,Automotive ,NextGen Supplies,Germany Warehouse,01-11-2024,,,Truck,Europe,86,289.77,396.84,24920.22,1191.37,764,10,Delayed,On-Time
10377,P486,Tablet,Apparel,NextGen Supplies,Brazil Hub,05-04-2024,09-05-2024,24-05-2024,Air,North America,39,494.21,587.69,19274.19,412.11,294,3,Cancelled,Late
10126,P470,Tablet,electronics,Orion Manufacturing,USA Warehouse,26-09-2023,01-10-2023,13-10-2023,Air, north america,484,226.93,362.53,109834.12,141.57,851,6,Cancelled,On-Time
10007,P535,Chocolate,electronics,Vertex Distributors,Brazil Hub,10-11-2024,12-11-2024,23-11-2024,Air,EUROPE,35,133.25,238.82,4663.75,123.92,675,13,Cancelled,Late
10084,P141,Dining Table,Apparel,Global Tech Ltd,India DC,11-18-2023,23-11-2023,29-11-2023,Sea,EUROPE,23,391.1,505.97,8995.3,206.23,217,12,Cancelled,Late
10098,P953,Jacket,Automotive,NextGen Supplies,USA Warehouse,02-17-2024,18-02-2024,24-02-2024,Express,North America,39,89.71,150.13,3498.69,5.49,126,11,Returned,Late
10344,P815,Frozen Pizza,apparel,Delta Exporters, China Hub,22-09-2024,25-09-2024,04-10-2024,Express,North America,75,69.16,$77.03,5187,147.3,583,3,Returned,Late
10466,P955,Office Chair,Apparel,Global Tech Ltd,USA warehouse,14-09-2024,18-09-2024,22-09-2024,Truck,Europe,465,294.79,541.22 USD,137077.35,1938.18,144,17,Cancelled,Late
10352,P932,Sofa,Electronics,Global Tech Ltd,Brazil Hub,19-10-2023,22-10-2023,04-11-2023,Sea,Asia,338,256.23,366.6,86605.74,1081.21,-3,15,Cancelled,On-Time
10333,P739,LED TV,Electronics,Alpha Traders,Brazil Hub,07-02-2023,07-07-2023,14-07-2023,Truck,North America,219,45.82,57.36,10034.58,942.57,7,17,Returned,Late
10003,P723,Engine Oil,Electronics,Vertex Distributors,India DC,18-10-2024,,,Truck,EUROPE,369,446.33,650.97,164695.77,1770.44,426,6,Delayed,On-Time
10288,P269,Engine Oil,Apparel,Delta Exporters,Germany Warehouse,21-05-2024,27-05-2024,11-06-2024,Express,Europe,163,78.28,$153.58,12759.64,882.79,974,6,Returned,Late
10380,P419,Headphones,Furniture,NextGen Supplies,Germany Warehouse,02-06-2023,08-06-2023,15-06-2023,Truck,Europe,173,210.35,287.95,36390.55,921.8,327,19,Delayed,On-Time
10348,P253,Office Chair,Electronics,Prime Wholesale,India DC,25-07-2023,,,Truck, north america,396,439.01,739.46 USD,173847.96,1234.79,536,17,Shipped,On-Time
10023,P337,Sofa,apparel,Orion Manufacturing,USA warehouse,05-03-2023,09-03-2023,12-03-2023,Express,Asia,437,104.75,186.46 USD,45775.75,1640.24,-13,7,Delayed,Late
10442,P391,Laptop,Furniture,Global Tech Ltd,India DC,17-05-2024,24-05-2024,27-05-2024,Air,South America,207,184.58,296.92 USD,38208.06,1921.05,189,13,Shipped,On-Time
10499,P397,Laptop,Electronics,Prime Wholesale,India DC,23-06-2024,29-06-2024,03-07-2024,Sea,South America,4,470.03,$553.36,1880.12,297.96,975,0,Cancelled,On-Time
10269,P596,T-shirt,Automotive,Global Tech Ltd,USA Warehouse,08-31-2024,04-09-2024,19-09-2024,Express, north america,175,496,650.95,86800,1956.37,492,8,Shipped,On-Time
10012,P314,Office Chair,Electronics,Global Tech Ltd,USA Warehouse,03-02-2023,04-02-2023,14-02-2023,Air,EUROPE,336,218.31,339.51,73352.16,1643.49,831,6,Returned,Late
10370,P800,Engine Oil,Electronics,Prime Wholesale,China Hub,21-03-2024,27-03-2024,01-04-2024,Sea,Europe,246,47.48,$66.95,11680.08,1051.62,194,8,Shipped,Late
10389,P648,Sneakers,Electronics,Orion Manufacturing,Brazil Hub,10-11-2024,11-11-2024,25-11-2024,Sea,Asia,259,335.16,522.13,86806.44,1983.33,225,6,Shipped,Late
10433,P291,Car Battery,Electronics,Prime Wholesale, China Hub,12-02-2023,03-12-2023,09-12-2023,Sea,Europe,385,462.96,586.39 USD,178239.6,58.39,48,5,Shipped,On-Time
10145,P523,LED TV,apparel,Delta Exporters,India DC,19-06-2024,,,Sea, north america,461,123.69,159.13,57021.09,564.15,179,7,Returned,On-Time
10011,P668,Sneakers,electronics,Vertex Distributors,USA warehouse,09-28-2024,04-10-2024,15-10-2024,Truck, north america,467,122.46,174.22 USD,57188.82,923.1,830,5,Cancelled,Late
10436,P616,Sofa,Electronics ,Alpha Traders,India DC,14-05-2023,16-05-2023,24-05-2023,Air,Asia,485,103.57,206.15,50231.45,1942.01,146,2,Delayed,On-Time
10248,P946,Headphones,Electronics ,Alpha Traders, China Hub,04-08-2023,11-08-2023,20-08-2023,Sea,North America,492,339.35,491.73,166960.2,1328,492,13,Cancelled,On-Time
10099,P503,Car Battery,apparel,Prime Wholesale,India DC,12-10-2024,15-10-2024,19-10-2024,Express, north america,400,31.39,59.32,12556,771.98,-26,9,Shipped,Late
10047,P633,Engine Oil,Automotive,Global Tech Ltd,USA warehouse,03-10-2023,06-10-2023,16-10-2023,Truck, north america,247,131.27,210.02,32423.69,381.89,984,11,Delayed,On-Time
10337,P546,Sneakers,electronics,Alpha Traders, China Hub,18-12-2023,20-12-2023,01-01-2024,Express,North America,457,339.73,442.19,155256.61,426.36,282,15,Cancelled,Late
10335,P756,Dining Table,apparel,Orion Manufacturing,China Hub,31-08-2024,04-09-2024,18-09-2024,Sea,Asia,26,431.43,598.33,11217.18,1455.6,894,7,Shipped,Late
10085,P700,Smartphone,Food,Vertex Distributors,India DC,11-29-2024,05-12-2024,20-12-2024,Air,North America,186,128.58,181.22 USD,23915.88,101.51,760,16,Returned,Late
10302,P929,Smartphone,Electronics ,Prime Wholesale,Brazil Hub,08-07-2023,,,Air,EUROPE,346,320.92,558.51,111038.32,543.97,425,13,Delayed,On-Time
10040,P737,Tablet,Furniture,Global Tech Ltd,Brazil Hub,17-06-2023,19-06-2023,24-06-2023,Sea,Asia,239,187.9,242.6,44908.1,677.54,409,6,Delayed,Late
10480,P150,Sofa,Furniture,Orion Manufacturing,USA Warehouse,05-27-2024,30-05-2024,07-06-2024,Sea,Asia,262,201.6,$353.71,52819.2,612.43,895,8,Delayed,Late
10216,P501,Smartphone,Automotive,NextGen Supplies,Brazil Hub,01-31-2024,05-02-2024,16-02-2024,Sea,North America,86,372.86,470.87,32065.96,839.5,13,16,Delayed,Late
10221,P457,Brake Pads,Furniture,Vertex Distributors,USA Warehouse,10-08-2024,11-08-2024,19-08-2024,Express,South America,435,253.32,505.07,110194.2,1309.9,473,-1,Cancelled,Late
10450,P326,Headphones,electronics,Delta Exporters,Germany Warehouse,03-05-2023,08-03-2023,19-03-2023,Sea, north america,245,477.57,759.71,117004.65,1393.41,643,7,Shipped,On-Time
10162,P955,Smartphone,electronics,Delta Exporters, China Hub,13-03-2023,17-03-2023,20-03-2023,Truck,Europe,242,96.62,122.66,23382.04,1480.64,-10,18,Cancelled,Late
10279,P267,Jacket,Apparel,Prime Wholesale,USA Warehouse,27-12-2023,,,Sea,EUROPE,469,251.61,$487.74,118005.09,1590.46,21,7,Returned,Late
10051,P500,Chocolate,electronics,Alpha Traders,India DC,09-26-2024,01-10-2024,11-10-2024,Air, north america,424,182.66,$214.79,77447.84,111.37,587,8,Shipped,Late
10390,P498,Frozen Pizza,Automotive,Delta Exporters,USA warehouse,11-11-2024,16-11-2024,25-11-2024,Sea,North America,367,190.37,292.59,69865.79,523.75,516,1,Returned,Late
10203,P808,Office Chair,apparel,NextGen Supplies,India DC,07-16-2024,17-07-2024,28-07-2024,Truck,North America,5,70.46,124.05 USD,352.3,239.32,899,6,Returned,On-Time
10239,P183,Frozen Pizza,Furniture,Orion Manufacturing,India DC,21-06-2023,27-06-2023,04-07-2023,Truck,Europe,12,334.14,650.42,4009.68,2122.7,880,16,Delayed,Late
10435,P404,Engine Oil,Food,NextGen Supplies,USA warehouse,05-02-2024,08-02-2024,14-02-2024,Truck,North America,251,489.39,$975.64,122836.89,1490.76,-42,0,Delayed,Late
10286,P746,Brake Pads,Apparel,Alpha Traders,Germany Warehouse,04-18-2023,19-04-2023,27-04-2023,Truck,North America,471,304.41,$484.37,143377.11,145.3,303,10,Returned,On-Time
10298,P214,Laptop,apparel,Prime Wholesale,China Hub,24-11-2024,28-11-2024,30-11-2024,Sea,North America,37,207.82,248.56,7689.34,434.28,542,-1,Cancelled,Late
10359,P335,Sofa,Furniture,Vertex Distributors,India DC,06-30-2024,06-07-2024,19-07-2024,Air,North America,480,80.38,92.3 USD,38582.4,308.59,868,18,Shipped,On-Time
10324,P257,Frozen Pizza,Apparel,Orion Manufacturing,India DC,11-30-2024,07-12-2024,22-12-2024,Air,Asia,416,65.33,91.46,27177.28,1198.97,174,6,Shipped,On-Time
10240,P192,Headphones,Food,Alpha Traders,China Hub,03-13-2023,20-03-2023,23-03-2023,Air,North America,219,52.02,$79.13,11392.38,1640.98,550,9,Returned,On-Time
10294,P969,Jacket,Electronics ,Delta Exporters,China Hub,08-23-2023,28-08-2023,10-09-2023,Sea,Asia,139,75.9,135.53 USD,10550.1,379.02,514,10,Returned,Late
10004,P908,Tablet,electronics,Delta Exporters,USA warehouse,31-12-2023,06-01-2024,20-01-2024,Truck,Europe,449,465.93,648.22,209202.57,1498.55,874,-3,Shipped,On-Time
10150,P667,Dining Table,Automotive,Vertex Distributors,China Hub,29-09-2024,30-09-2024,08-10-2024,Express,Europe,107,275.49,$512.4,29477.43,80.98,436,7,Cancelled,On-Time
10491,P770,Car Battery,electronics,Delta Exporters,Brazil Hub,08-17-2023,19-08-2023,21-08-2023,Sea, north america,246,126.66,224.49,31158.36,25.45,501,7,Returned,Late
10285,P293,Engine Oil,Automotive,Vertex Distributors,USA warehouse,01-08-2023,13-01-2023,20-01-2023,Express,Asia,69,226.93,289.24,15658.17,1387.12,274,7,Delayed,Late
10212,P921,Frozen Pizza,apparel,Global Tech Ltd, China Hub,01-06-2023,09-01-2023,19-01-2023,Express,South America,454,28.11,$52.33,12761.94,654.4,399,20,Returned,On-Time
10352,P312,Chocolate,Automotive,NextGen Supplies,China Hub,07-01-2024,12-01-2024,20-01-2024,Air,Europe,389,186.89,$293.13,72700.21,963.75,771,19,Delayed,On-Time
10446,P981,LED TV,Electronics,Delta Exporters,China Hub,31-08-2024,03-09-2024,05-09-2024,Truck, north america,14,485.74,660.72,6800.36,452,862,6,Returned,On-Time
10217,P357,Chocolate,Automotive ,NextGen Supplies,Brazil Hub,01-12-2024,07-12-2024,13-12-2024,Sea, north america,206,159.29,181.36,32813.74,16370.6,110,6,Delayed,On-Time
10248,P817,Laptop,apparel,Alpha Traders,USA Warehouse,10-11-2024,13-10-2024,21-10-2024,Truck,South America,47,26.38,48.62 USD,1239.86,239.57,704,18,Cancelled,On-Time
10207,P536,Office Chair,Automotive ,Alpha Traders,India DC,29-05-2023,05-06-2023,19-06-2023,Sea,South America,283,8.71,13.04 USD,2464.93,1448.32,237,4,Shipped,Late
10442,P219,Smartphone,Electronics ,NextGen Supplies,India DC,22-04-2024,29-04-2024,13-05-2024,Air, north america,95,124.42,$226.57,11819.9,1628.34,810,13,Shipped,Late
10004,P481,Chocolate,electronics,NextGen Supplies,Brazil Hub,08-22-2024,,,Express,Europe,325,356.91,400.29,115995.75,1075.7,665,7,Returned,Late
10350,P600,Tablet,Automotive,Delta Exporters, China Hub,22-11-2024,29-11-2024,04-12-2024,Truck,Europe,209,38.04,67.93,7950.36,783.64,864,12,Shipped,Late
10486,P415,Car Battery,Electronics ,Delta Exporters,Germany Warehouse,04-01-2024,,,Express,Europe,282,50.68,$82.34,14291.76,869.63,958,16,Delayed,On-Time
10414,P889,Laptop,electronics,Alpha Traders,Brazil Hub,01-03-2024,,,Air,EUROPE,73,470.71,899.78,34361.83,1722.41,862,16,Shipped,Late
10183,P187,Sneakers,Automotive ,NextGen Supplies,USA Warehouse,22-11-2024,26-11-2024,05-12-2024,Sea,North America,239,109.54,148.53,26180.06,68.71,726,16,Returned,On-Time
10139,P435,Office Chair,Apparel,Prime Wholesale,USA warehouse,17-03-2024,24-03-2024,06-04-2024,Truck,EUROPE,417,315.52,511.08 USD,131571.84,1797.02,908,14,Shipped,Late
10461,P987,Frozen Pizza,apparel,Prime Wholesale,USA warehouse,04-06-2024,10-04-2024,19-04-2024,Express,Asia,154,357.68,630.87 USD,55082.72,1469.77,921,3,Returned,On-Time
10169,P938,Engine Oil,electronics,Delta Exporters,China Hub,10-03-2024,05-10-2024,13-10-2024,Sea,Europe,329,497.63,827.72,163720.27,1116.25,330,13,Cancelled,Late
10006,P542,Chocolate,Electronics ,Vertex Distributors,India DC,09-02-2024,15-02-2024,24-02-2024,Express,Asia,256,149.81,179.51,38351.36,676.92,683,-2,Shipped,Late
10005,P471,Office Chair,Electronics ,Alpha Traders,USA warehouse,16-07-2023,19-07-2023,23-07-2023,Sea,South America,300,104.37,177.91,31311,1732.34,38,7,Cancelled,Late
10389,P873,Chocolate,Apparel,Prime Wholesale,Germany Warehouse,03-02-2024,07-03-2024,16-03-2024,Sea,Asia,19,244.67,304.68,4648.73,90.88,705,-1,Delayed,Late
10317,P425,Engine Oil,Electronics ,Delta Exporters,USA warehouse,17-11-2024,23-11-2024,08-12-2024,Truck,Europe,381,131.29,151.64,50021.49,1004.68,-15,11,Delayed,Late
10028,P906,LED TV,Electronics ,Vertex Distributors, China Hub,01-07-2023,08-07-2023,17-07-2023,Truck,South America,64,277.54,416.91,17762.56,1776.15,622,15,Shipped,On-Time
10207,P596,Frozen Pizza,Furniture,Delta Exporters,USA Warehouse,16-01-2023,19-01-2023,03-02-2023,Sea, north america,191,466.05,915.09,89015.55,143.81,314,10,Shipped,On-Time
10257,P417,Dining Table,Automotive,Vertex Distributors,Brazil Hub,13-11-2024,19-11-2024,03-12-2024,Sea,North America,225,306.34,585.34,68926.5,1131.06,964,9,Shipped,Late
10292,P185,Office Chair,Furniture,Alpha Traders,USA Warehouse,10-28-2024,30-10-2024,03-11-2024,Air,EUROPE,434,466.77,688.5 USD,202578.18,284.57,328,-1,Shipped,On-Time
10364,P580,Brake Pads,electronics,NextGen Supplies,Brazil Hub,15-04-2023,17-04-2023,23-04-2023,Truck,EUROPE,282,156.82,$308.81,44223.24,962.72,95,20,Returned,On-Time
10463,P238,Laptop,Electronics ,Alpha Traders, China Hub,22-03-2024,28-03-2024,30-03-2024,Sea,North America,7,458.98,546.08 USD,3212.86,1227.39,650,-1,Shipped,On-Time
10234,P538,Laptop,Electronics ,Prime Wholesale,Brazil Hub,06-10-2023,12-10-2023,24-10-2023,Air,Asia,482,246.79,396.53,118952.78,1075.93,747,1,Cancelled,Late
10048,P819,Frozen Pizza,Furniture,NextGen Supplies,USA Warehouse,28-10-2023,02-11-2023,14-11-2023,Truck,North America,189,332.39,495.9,62821.71,25.93,383,18,Delayed,Late
10485,P146,Jacket,Food,Alpha Traders,China Hub,01-09-2024,06-09-2024,12-09-2024,Express,South America,331,158.25,192.36,52380.75,1402.16,625,9,Shipped,On-Time
10132,P909,Jeans,Electronics,NextGen Supplies,USA Warehouse,17-03-2023,21-03-2023,27-03-2023,Truck,South America,28,373.31,672.82 USD,10452.68,101.07,402,17,Delayed,Late
10017,P827,Sneakers,Automotive,Prime Wholesale,India DC,02-07-2023,09-02-2023,23-02-2023,Sea,South America,266,35.69,60.02,9493.54,766.75,579,-2,Shipped,On-Time
10066,P899,Tablet,Electronics ,NextGen Supplies,China Hub,05-05-2024,08-05-2024,21-05-2024,Truck,North America,333,62.2,109.0 USD,20712.6,45.96,636,17,Shipped,On-Time
10140,P454,Car Battery,Furniture,Alpha Traders,China Hub,09-06-2023,16-06-2023,26-06-2023,Truck, north america,9,103.16,$135.05,928.44,74.49,946,0,Shipped,On-Time
10357,P806,Engine Oil,Electronics,Delta Exporters, China Hub,03-04-2024,08-04-2024,15-04-2024,Truck,Europe,57,393.26,560.3,22415.82,1218.38,354,8,Shipped,On-Time
10304,P166,Car Battery,apparel,Vertex Distributors,USA Warehouse,03-08-2024,09-03-2024,17-03-2024,Express,South America,208,54.31,$65.18,11296.48,341.36,649,13,Shipped,Late
10197,P379,Tablet,Apparel,Delta Exporters,India DC,11-05-2023,14-05-2023,23-05-2023,Express,South America,297,132.04,151.16 USD,39215.88,631.3,294,14,Cancelled,Late
10013,P772,Engine Oil,electronics,Orion Manufacturing,USA Warehouse,26-10-2023,31-10-2023,02-11-2023,Express,Europe,183,101.38,150.64,18552.54,515,846,15,Delayed,On-Time
10393,P862,Engine Oil,Apparel,Delta Exporters,USA Warehouse,11-21-2024,28-11-2024,05-12-2024,Sea, north america,18,102.07,123.61 USD,1837.26,195.19,829,7,Shipped,Late
10260,P660,Jeans,Furniture,Alpha Traders,Germany Warehouse,16-10-2024,23-10-2024,25-10-2024,Truck,South America,419,276.89,460.84 USD,116016.91,461.12,266,14,Delayed,On-Time
10363,P291,LED TV,Food,Alpha Traders, China Hub,26-05-2023,30-05-2023,04-06-2023,Express, north america,73,64.89,79.11,4736.97,537.26,661,11,Returned,Late
10230,P985,Jeans,Automotive ,Prime Wholesale,USA Warehouse,19-05-2024,,,Express,EUROPE,84,148.81,211.65,12500.04,1883.18,626,8,Shipped,Late
10291,P404,Jeans,apparel,Prime Wholesale, China Hub,10-08-2023,,,Sea,North America,118,36.63,$66.52,4322.34,384.5,-29,19,Cancelled,Late
10316,P661,Dining Table,Automotive ,Delta Exporters,India DC,15-05-2024,21-05-2024,29-05-2024,Express,EUROPE,257,169.22,219.14,43489.54,1591.64,-28,13,Shipped,On-Time
10478,P613,Chocolate,electronics,Prime Wholesale,USA Warehouse,18-05-2023,22-05-2023,03-06-2023,Truck,Asia,167,227.61,$315.55,38010.87,1400.68,874,3,Shipped,On-Time
10164,P673,Chocolate,Food,Alpha Traders,China Hub,27-08-2023,28-08-2023,09-09-2023,Sea,EUROPE,498,33.46,$52.41,16663.08,403.85,535,12,Delayed,On-Time
10454,P964,Tablet,Food,Prime Wholesale,China Hub,01-04-2023,04-04-2023,09-04-2023,Sea,South America,172,51.09,$71.49,8787.48,215.03,-4,5,Cancelled,On-Time
10497,P601,Sofa,Apparel,Delta Exporters,China Hub,23-06-2024,29-06-2024,05-07-2024,Truck,Europe,132,263.35,345.29 USD,34762.2,105.77,19,16,Cancelled,On-Time
10442,P512,LED TV,Electronics ,NextGen Supplies,USA warehouse,14-04-2023,20-04-2023,24-04-2023,Air, north america,134,112.24,$177.62,15040.16,420.74,954,10,Cancelled,Late
10284,P492,Brake Pads,Food,Global Tech Ltd,USA warehouse,05-02-2024,,,Air, north america,81,7.82,9.67,633.42,951.52,507,13,Returned,On-Time
10061,P248,Car Battery,apparel,Vertex Distributors,USA Warehouse,04-12-2023,15-04-2023,23-04-2023,Express,South America,68,220.74,385.98,15010.32,887.41,408,10,Shipped,Late
10439,P708,Chocolate,Food,Prime Wholesale,USA warehouse,04-09-2024,14-04-2024,27-04-2024,Truck,EUROPE,229,483.47,869.32 USD,110714.63,1997.19,5,17,Shipped,Late
10170,P124,Sneakers,Electronics,Orion Manufacturing,USA Warehouse,07-15-2024,21-07-2024,05-08-2024,Express,Europe,282,200.15,$368.34,56442.3,89.3,384,6,Returned,On-Time
10499,P315,Smartphone,Food,Global Tech Ltd,India DC,02-08-2023,03-08-2023,09-08-2023,Air,North America,132,453.45,639.28 USD,59855.4,1714.62,272,19,Delayed,Late
10258,P920,LED TV,Electronics,Vertex Distributors,Germany Warehouse,27-03-2024,30-03-2024,11-04-2024,Sea,North America,493,16.45,19.13 USD,8109.85,418.85,163,-3,Cancelled,On-Time
10068,P522,Smartphone,Furniture,Global Tech Ltd,USA Warehouse,26-11-2023,,,Truck,EUROPE,260,226.73,292.13,58949.8,140.83,22,17,Shipped,On-Time
10385,P770,Engine Oil,Automotive,Global Tech Ltd,Germany Warehouse,02-20-2023,27-02-2023,01-03-2023,Express,Europe,449,8.3,$15.95,3726.7,1655.3,961,12,Cancelled,On-Time
10035,P628,Brake Pads,electronics,Vertex Distributors,USA warehouse,22-02-2024,26-02-2024,05-03-2024,Truck,North America,432,244.36,359.01,105563.52,882.18,863,19,Cancelled,Late
10152,P441,Engine Oil,Automotive ,Global Tech Ltd,China Hub,15-06-2023,22-06-2023,01-07-2023,Sea,EUROPE,345,39.59,$59.85,13658.55,1192.66,573,2,Delayed,On-Time
10025,P402,Headphones,electronics,Orion Manufacturing, China Hub,09-03-2023,,,Truck,Europe,246,101.24,119,24905.04,954.91,708,6,Delayed,Late
10462,P148,Smartphone,Automotive,Global Tech Ltd,Brazil Hub,01-29-2023,30-01-2023,12-02-2023,Truck,North America,434,315.38,$416.58,136874.92,1857.21,588,3,Shipped,On-Time
10334,P415,Brake Pads,Automotive,Delta Exporters,India DC,23-11-2023,24-11-2023,02-12-2023,Truck, north america,37,218.71,418.22,8092.27,1985.07,667,-1,Cancelled,On-Time
10375,P812,Office Chair,Electronics,Vertex Distributors,USA warehouse,25-08-2023,29-08-2023,13-09-2023,Air,EUROPE,165,321.92,620.16,53116.8,1052.61,237,17,Shipped,On-Time
10278,P547,T-shirt,Furniture,Global Tech Ltd, China Hub,04-07-2023,09-07-2023,21-07-2023,Express,Asia,21,492.72,785.66 USD,10347.12,887.16,858,0,Shipped,On-Time
10030,P107,LED TV,Automotive,Delta Exporters,USA Warehouse,30-03-2024,04-04-2024,07-04-2024,Express, north america,412,345.35,465.96 USD,142284.2,426.63,289,3,Cancelled,Late
10168,P758,Office Chair,electronics,Delta Exporters,Germany Warehouse,05-15-2024,17-05-2024,20-05-2024,Sea, north america,218,366.34,$484.04,79862.12,1230.17,277,17,Shipped,Late
10071,P470,T-shirt,apparel,Delta Exporters,China Hub,01-07-2024,06-07-2024,17-07-2024,Express,EUROPE,449,206.5,247.43,92718.5,1591.55,979,20,Delayed,On-Time
10323,P771,Headphones,apparel,Alpha Traders,Germany Warehouse,08-23-2024,30-08-2024,09-09-2024,Air,EUROPE,126,23.64,40.92,2978.64,1421.35,-27,10,Delayed,Late
10042,P516,Engine Oil,Furniture,Delta Exporters,USA warehouse,03-06-2024,08-03-2024,22-03-2024,Sea,Europe,176,358.49,588.79,63094.24,225.16,704,4,Returned,On-Time
10308,P218,Sofa,apparel,Orion Manufacturing,China Hub,05-10-2023,06-10-2023,18-10-2023,Air,North America,472,90.35,138.98,42645.2,699.75,884,7,Shipped,On-Time
10277,P417,T-shirt,apparel,Orion Manufacturing,USA warehouse,14-06-2023,18-06-2023,26-06-2023,Express, north america,214,342.93,380.33,73387.02,83.86,189,-1,Returned,On-Time
10460,P294,Laptop,Apparel,Vertex Distributors,USA warehouse,28-12-2023,,,Air,North America,120,249.13,472.21,29895.6,1627.68,962,3,Delayed,On-Time
10467,P247,Tablet,Electronics,NextGen Supplies,Brazil Hub,08-12-2023,16-08-2023,20-08-2023,Sea,Europe,472,249.95,421.56,117976.4,1929.35,371,13,Shipped,On-Time
10083,P754,Smartphone,Electronics ,Prime Wholesale,Germany Warehouse,12-29-2023,03-01-2024,08-01-2024,Truck,North America,88,322.02,458.67,28337.76,1558.4,599,6,Returned,Late
10322,P536,Laptop,Food,Alpha Traders,China Hub,28-05-2023,02-06-2023,07-06-2023,Sea,Europe,280,65.37,122.88,18303.6,1121.12,216,1,Cancelled,Late
10126,P761,Jeans,Automotive ,Global Tech Ltd,USA warehouse,11-10-2023,13-10-2023,22-10-2023,Truck,South America,95,120.68,196.85,11464.6,422.33,467,9,Cancelled,Late
10432,P556,Frozen Pizza,electronics,Alpha Traders,Germany Warehouse,17-04-2024,22-04-2024,02-05-2024,Sea,EUROPE,346,271.71,533.68,94011.66,1721.23,701,8,Shipped,Late
10114,P891,Frozen Pizza,Electronics,Delta Exporters,USA warehouse,28-06-2023,04-07-2023,18-07-2023,Sea,Asia,329,461.51,796.67,151836.79,1018.68,429,15,Returned,On-Time
10421,P432,Sneakers,Food,Delta Exporters,Brazil Hub,03-11-2024,15-03-2024,23-03-2024,Express,Europe,367,499.94,682.96,183477.98,1305.8,-36,12,Returned,Late
10472,P638,Jacket,Automotive ,NextGen Supplies, China Hub,24-10-2023,28-10-2023,08-11-2023,Air,Asia,2,282,431.99,564,1368.76,236,18,Returned,Late
10235,P444,Sneakers,Apparel,Orion Manufacturing,China Hub,08-01-2024,13-01-2024,20-01-2024,Sea,EUROPE,32,399.47,654.84 USD,12783.04,1921.83,12,15,Shipped,On-Time
10256,P898,Brake Pads,Electronics ,Vertex Distributors,USA Warehouse,21-02-2024,24-02-2024,28-02-2024,Truck,North America,198,286.45,$402.02,56717.1,479.05,32,4,Delayed,On-Time
10341,P303,Jeans,Electronics ,Vertex Distributors,China Hub,07-17-2023,20-07-2023,30-07-2023,Air,North America,9,82.52,105.75,742.68,1874.81,236,2,Returned,On-Time
10336,P808,Brake Pads,apparel,Orion Manufacturing,Germany Warehouse,05-28-2024,03-06-2024,08-06-2024,Air,South America,447,108.85,138.47 USD,48655.95,548.76,743,0,Returned,Late
10387,P751,Laptop,Food,Prime Wholesale,USA warehouse,01-07-2023,03-07-2023,16-07-2023,Truck,EUROPE,117,25.13,41.84,2940.21,885.16,702,1,Shipped,Late
10304,P686,Chocolate,Food,Alpha Traders,Germany Warehouse,08-08-2024,13-08-2024,21-08-2024,Truck,Europe,183,189.18,293.57 USD,34619.94,858.29,582,2,Shipped,Late
10162,P195,Smartphone,Furniture,Vertex Distributors,India DC,27-02-2024,28-02-2024,11-03-2024,Air, north america,171,140.57,$188.17,24037.47,1876.73,704,13,Delayed,Late
10040,P904,Laptop,electronics,Orion Manufacturing, China Hub,03-04-2024,08-04-2024,13-04-2024,Air,Asia,368,143.26,271.56,52719.68,186.06,357,-2,Returned,Late
10485,P500,T-shirt,Automotive ,NextGen Supplies,India DC,21-07-2024,27-07-2024,11-08-2024,Sea, north america,330,8.64,11.64,2851.2,1270.56,781,10,Delayed,On-Time
10238,P836,Sofa,Electronics ,Global Tech Ltd,USA warehouse,30-09-2023,07-10-2023,19-10-2023,Truck,EUROPE,453,76.51,132.66 USD,34659.03,981.64,484,-1,Cancelled,Late
10247,P233,Jeans,electronics,Global Tech Ltd,USA warehouse,06-07-2023,11-06-2023,21-06-2023,Truck,North America,193,380.7,$670.23,73475.1,411.73,964,11,Returned,On-Time
10341,P260,Brake Pads,Automotive,Delta Exporters,India DC,22-03-2024,29-03-2024,02-04-2024,Sea,North America,249,401.11,651.34,99876.39,244.49,51,11,Cancelled,On-Time
10198,P903,Sofa,Electronics ,Prime Wholesale,USA warehouse,25-06-2023,27-06-2023,01-07-2023,Truck,North America,194,269.35,503.06,52253.9,1857.95,484,0,Returned,Late
10346,P161,Engine Oil,Automotive,NextGen Supplies,Germany Warehouse,01-23-2023,29-01-2023,13-02-2023,Truck, north america,294,195.03,$246.02,57338.82,1114.21,59,-3,Shipped,On-Time
10043,P906,Engine Oil,Electronics,Prime Wholesale,USA warehouse,31-05-2024,07-06-2024,17-06-2024,Air,EUROPE,154,15.58,27.01,2399.32,1573.91,746,16,Shipped,Late
10068,P708,Sneakers,Electronics,Alpha Traders,Germany Warehouse,19-02-2023,22-02-2023,28-02-2023,Truck,EUROPE,217,21.74,33.74,4717.58,368.82,801,6,Cancelled,On-Time
10042,P714,Brake Pads,apparel,Global Tech Ltd,USA warehouse,04-09-2023,,,Express,Asia,414,231.23,325.15,95729.22,843.29,841,6,Shipped,Late
10144,P924,Chocolate,Food,Orion Manufacturing,USA Warehouse,05-29-2024,02-06-2024,11-06-2024,Air,North America,98,262.07,295.13,25682.86,640.88,671,2,Shipped,Late
10382,P571,LED TV,Furniture,NextGen Supplies,Germany Warehouse,09-08-2023,13-08-2023,25-08-2023,Sea,South America,468,349.5,527.36,163566,170.72,24,7,Cancelled,Late
10317,P183,Jacket,Apparel,NextGen Supplies,India DC,11-02-2023,16-02-2023,02-03-2023,Air,South America,340,330.6,647.25,112404,1535.15,963,-2,Returned,Late
10206,P140,Frozen Pizza,electronics,Alpha Traders,Brazil Hub,05-14-2023,18-05-2023,27-05-2023,Sea,South America,407,392.47,$568.42,159735.29,120.36,186,18,Delayed,On-Time
10087,P860,Sneakers,Food,Alpha Traders,India DC,06-08-2024,10-08-2024,22-08-2024,Air,South America,111,236.11,332.83 USD,26208.21,855.22,97,20,Cancelled,Late
10257,P796,Brake Pads,Automotive ,Vertex Distributors,India DC,11-16-2024,17-11-2024,30-11-2024,Air,South America,153,140.22,271.81 USD,21453.66,303.92,781,4,Returned,Late
10022,P564,Chocolate,apparel,Vertex Distributors,Brazil Hub,02-10-2023,06-10-2023,12-10-2023,Air,EUROPE,436,379.53,454.23,165475.08,692.46,922,3,Returned,On-Time
10437,P399,Jeans,apparel,Alpha Traders,USA Warehouse,01-07-2024,11-01-2024,13-01-2024,Express,EUROPE,75,473.54,875.82 USD,35515.5,298.57,478,-2,Cancelled,Late
10027,P327,Smartphone,Automotive ,NextGen Supplies,Germany Warehouse,15-01-2024,22-01-2024,02-02-2024,Truck, north america,116,271.07,480.07 USD,31444.12,852.35,152,-1,Delayed,Late
10081,P662,Laptop,Electronics ,NextGen Supplies,China Hub,05-17-2023,18-05-2023,29-05-2023,Express,EUROPE,17,499.43,658.05,8490.31,453.63,748,17,Shipped,Late
10088,P837,Chocolate,electronics,Orion Manufacturing,Germany Warehouse,27-11-2023,04-12-2023,18-12-2023,Air,North America,481,459.34,861.12,220942.54,622.96,640,-2,Shipped,Late
10328,P517,Sofa,electronics,Orion Manufacturing,China Hub,01-26-2024,,,Air,Europe,85,367.4,727.22 USD,31229,1703.41,591,6,Shipped,Late
10385,P550,Smartphone,Furniture,Delta Exporters,USA Warehouse,06-08-2024,13-08-2024,18-08-2024,Express, north america,467,293.47,328.92 USD,137050.49,652.13,508,3,Cancelled,On-Time
10317,P459,Car Battery,Electronics ,Prime Wholesale,USA Warehouse,16-02-2024,22-02-2024,25-02-2024,Air,North America,156,392.61,777.33,61247.16,1070.58,205,17,Shipped,Late
10095,P138,Chocolate,Food,NextGen Supplies,USA warehouse,11-21-2023,26-11-2023,07-12-2023,Sea,South America,446,193.48,$295.72,86292.08,263.63,550,-3,Returned,On-Time
10160,P514,Sneakers,Electronics,NextGen Supplies,India DC,07-04-2023,10-04-2023,24-04-2023,Air,Asia,5,27.36,44.68,136.8,149.36,735,7,Shipped,Late
10408,P718,Smartphone,Apparel,Orion Manufacturing,China Hub,21-02-2023,26-02-2023,06-03-2023,Express,North America,51,78,149.02,3978,868.11,494,17,Cancelled,Late
10432,P382,Car Battery,Electronics ,Vertex Distributors,Germany Warehouse,05-09-2024,06-09-2024,09-09-2024,Truck,EUROPE,97,496.88,636.19 USD,48197.36,1901.67,425,6,Returned,On-Time
10143,P263,Dining Table,Electronics,Orion Manufacturing,USA Warehouse,02-24-2023,02-03-2023,04-03-2023,Express,North America,206,23.15,41.74,4768.9,1468.44,512,9,Cancelled,On-Time
10466,P153,Jacket,Food,NextGen Supplies,USA Warehouse,01-13-2024,19-01-2024,22-01-2024,Air,North America,338,152.86,$296.92,51666.68,18664,255,3,Shipped,Late
10128,P948,Tablet,Furniture,Orion Manufacturing,China Hub,18-09-2023,25-09-2023,28-09-2023,Express,Asia,188,473.75,671.76,89065,1743.09,503,17,Cancelled,On-Time
10105,P713,Jacket,Food,Global Tech Ltd,Germany Warehouse,20-09-2024,,,Air,North America,388,449.02,606.55,174219.76,571.62,846,15,Shipped,On-Time
10139,P824,T-shirt,Automotive ,NextGen Supplies,China Hub,29-04-2023,,,Sea,Europe,184,499.57,772.78 USD,91920.88,1928.44,-18,15,Returned,Late
10368,P482,Car Battery,Furniture,Orion Manufacturing,USA warehouse,04-01-2024,08-04-2024,14-04-2024,Air,North America,38,480.4,866.87,18255.2,1331.55,550,17,Cancelled,Late
10000,P805,LED TV,Electronics ,Alpha Traders,India DC,21-01-2023,25-01-2023,06-02-2023,Express,North America,242,360.31,614.01,87195.02,1346.59,438,11,Delayed,On-Time
10350,P964,Brake Pads,apparel,Prime Wholesale,India DC,07-11-2023,12-11-2023,20-11-2023,Sea,Europe,297,351.66,494.43,104443.02,995.57,625,2,Shipped,Late
10342,P411,LED TV,Apparel,NextGen Supplies,China Hub,02-29-2024,02-03-2024,17-03-2024,Sea,South America,284,359.55,667.42 USD,102112.2,1962.96,860,12,Returned,Late
10466,P289,T-shirt,Automotive ,Prime Wholesale, China Hub,03-05-2023,08-03-2023,21-03-2023,Sea,North America,339,330.85,$490.09,112158.15,1036.29,339,12,Shipped,Late
10316,P150,T-shirt,Food,Alpha Traders,India DC,19-06-2023,21-06-2023,29-06-2023,Truck, north america,144,425.17,626.37,61224.48,13.45,830,20,Delayed,Late
10055,P745,Car Battery,apparel,Delta Exporters,USA Warehouse,01-28-2023,31-01-2023,13-02-2023,Sea, north america,42,412.02,817.43 USD,17304.84,1314.24,872,11,Shipped,Late
10133,P916,Office Chair,Automotive ,Global Tech Ltd,USA Warehouse,04-27-2024,02-05-2024,14-05-2024,Truck,Asia,338,196.68,218.02,66477.84,593.94,33,19,Shipped,On-Time
10334,P404,Car Battery,Automotive ,Orion Manufacturing,Germany Warehouse,16-08-2023,23-08-2023,06-09-2023,Sea,North America,81,407.71,$478.88,33024.51,422.7,506,-1,Cancelled,Late
10081,P644,Jacket,apparel,Delta Exporters,USA Warehouse,20-12-2023,,,Truck,North America,80,255.95,$475.18,20476,1493.68,247,0,Cancelled,Late
10003,P400,Dining Table,Automotive ,Orion Manufacturing,China Hub,26-02-2024,03-03-2024,12-03-2024,Truck,Asia,110,141.17,190.5 USD,15528.7,503.36,593,-3,Delayed,Late
10430,P266,Office Chair,electronics,Vertex Distributors,USA warehouse,29-06-2023,03-07-2023,09-07-2023,Air,Europe,217,416.56,663.42,90393.52,1396.21,707,18,Shipped,Late
10030,P546,Engine Oil,Furniture,NextGen Supplies,India DC,09-22-2023,,,Air,Asia,307,262.41,$431.44,80559.87,1870.07,510,4,Returned,On-Time
10060,P427,Headphones,Automotive ,Global Tech Ltd,China Hub,21-05-2024,25-05-2024,30-05-2024,Sea,Asia,44,215.95,$367.88,9501.8,1333.56,389,6,Delayed,On-Time
10037,P319,Engine Oil,Electronics ,Global Tech Ltd,Germany Warehouse,01-01-2024,05-01-2024,19-01-2024,Truck,Asia,93,313.35,615.52,29141.55,1349.72,947,12,Returned,On-Time
10406,P550,Sneakers,Furniture,Vertex Distributors, China Hub,15-03-2023,16-03-2023,21-03-2023,Sea,Asia,415,284.32,$465.74,117992.8,660.25,466,14,Delayed,Late
10227,P101,Chocolate,electronics,NextGen Supplies,Brazil Hub,01-03-2023,08-01-2023,15-01-2023,Truck,South America,87,67.11,117.53 USD,5838.57,160.4,946,19,Cancelled,Late
10218,P776,Dining Table,apparel,Delta Exporters,USA warehouse,25-02-2023,01-03-2023,12-03-2023,Truck, north america,32,379.65,479.83,12148.8,1922.92,994,4,Delayed,Late
10378,P477,Jacket,Electronics ,Orion Manufacturing, China Hub,16-06-2023,,,Air,South America,19,153.44,243.27,2915.36,1529.24,62,13,Shipped,Late
10155,P606,T-shirt,Food,Global Tech Ltd, China Hub,11-14-2023,19-11-2023,02-12-2023,Sea,Asia,363,459.85,692.96,166925.55,747.03,-8,7,Shipped,Late
10169,P377,Sofa,Automotive,Delta Exporters,Brazil Hub,03-07-2024,13-03-2024,17-03-2024,Air,Europe,403,47.2,56.89 USD,19021.6,41.7,135,-1,Shipped,Late
10397,P631,LED TV,Apparel,Global Tech Ltd, China Hub,12-12-2023,15-12-2023,17-12-2023,Air,South America,213,428.7,621.27,91313.1,1292.23,516,16,Returned,Late
10176,P564,T-shirt,Electronics,Prime Wholesale,Germany Warehouse,10-18-2023,,,Express,Asia,398,208.51,303.61 USD,82986.98,795.4,470,18,Returned,Late
10485,P308,Frozen Pizza,electronics,Vertex Distributors,Brazil Hub,06-23-2024,27-06-2024,02-07-2024,Express,Europe,147,176.97,$302.64,26014.59,611.84,877,20,Delayed,On-Time
10088,P144,Sneakers,electronics,NextGen Supplies,India DC,11-26-2024,03-12-2024,05-12-2024,Air,Europe,4,281.89,402.22,1127.56,1099.16,189,18,Shipped,Late
10153,P673,Frozen Pizza,Food,Vertex Distributors,China Hub,24-10-2024,30-10-2024,14-11-2024,Sea,Asia,71,139.64,218.31 USD,9914.44,1554.33,432,18,Cancelled,On-Time
10139,P500,Laptop,Apparel,Vertex Distributors,India DC,06-14-2023,18-06-2023,21-06-2023,Sea,North America,141,446.83,$606.2,63003.03,1215.56,384,5,Shipped,Late
10116,P865,Jeans,Electronics,Global Tech Ltd,USA Warehouse,08-02-2023,13-02-2023,22-02-2023,Sea,Asia,32,137.36,$247.06,4395.52,1613.89,510,15,Cancelled,On-Time
10033,P462,Office Chair,electronics,Alpha Traders, China Hub,14-10-2023,21-10-2023,02-11-2023,Air, north america,249,73.42,141.62,18281.58,1239.93,434,0,Cancelled,Late
10124,P395,Headphones,Food,Alpha Traders,Germany Warehouse,12-05-2023,,,Air,Europe,325,41.7,62.57,13552.5,942.76,639,9,Cancelled,On-Time
10095,P729,Tablet,Automotive ,Delta Exporters,USA warehouse,03-13-2023,19-03-2023,22-03-2023,Express,Europe,461,243.63,297.02 USD,112313.43,1314.43,307,7,Delayed,On-Time
10421,P264,Brake Pads,apparel,Delta Exporters,Germany Warehouse,04-16-2023,23-04-2023,27-04-2023,Truck,North America,429,177.78,212.99,76267.62,1355.03,577,8,Returned,Late
10063,P354,Smartphone,Automotive,Alpha Traders,USA warehouse,12-05-2024,18-05-2024,20-05-2024,Air,Asia,193,163.41,$205.85,31538.13,1544.39,561,9,Returned,Late
10444,P536,T-shirt,Apparel,Delta Exporters,USA warehouse,16-04-2023,18-04-2023,28-04-2023,Express,Asia,137,451.35,$751.32,61834.95,851.14,994,14,Returned,Late
10289,P360,Dining Table,Apparel,Prime Wholesale,Germany Warehouse,07-05-2023,11-05-2023,19-05-2023,Sea, north america,487,355.25,441.53 USD,173006.75,150.54,96,16,Shipped,Late
10423,P881,Brake Pads,Automotive ,Global Tech Ltd,India DC,05-04-2023,06-04-2023,16-04-2023,Express,South America,479,312.2,492.65,149543.8,1406.31,818,4,Delayed,Late
10164,P861,Dining Table,Electronics ,Global Tech Ltd,China Hub,12-07-2023,,,Express,Asia,314,455.07,882.08 USD,142891.98,1766.77,560,10,Delayed,Late
10033,P173,Brake Pads,Automotive ,Vertex Distributors,Germany Warehouse,10-02-2023,12-02-2023,23-02-2023,Sea,North America,144,144.9,232.72,20865.6,771.04,980,9,Cancelled,On-Time
10011,P979,Chocolate,Furniture,Alpha Traders,India DC,08-28-2024,,,Truck,Asia,248,366.47,553.05 USD,90884.56,1642.87,666,13,Delayed,On-Time
10371,P134,Chocolate,Automotive ,Vertex Distributors,Germany Warehouse,01-20-2024,25-01-2024,03-02-2024,Air,South America,473,399,$501.59,188727,1673.04,30,6,Cancelled,Late
10289,P360,Brake Pads,Electronics ,Vertex Distributors, China Hub,05-02-2023,07-05-2023,13-05-2023,Sea,North America,38,87.71,$124.58,3332.98,855.6,891,18,Delayed,On-Time
10370,P173,Chocolate,apparel,Delta Exporters,Germany Warehouse,25-06-2023,27-06-2023,03-07-2023,Express, north america,126,59.77,80.71 USD,7531.02,751.21,759,-1,Returned,On-Time
10286,P404,Frozen Pizza,electronics,Global Tech Ltd,Brazil Hub,04-01-2024,,,Express,South America,283,425.71,779.56,120475.93,52.63,942,19,Cancelled,Late
10188,P647,Jeans,Automotive ,Prime Wholesale,Germany Warehouse,10-09-2023,15-09-2023,18-09-2023,Express,Europe,170,166.51,280.18 USD,28306.7,1698.57,765,2,Returned,On-Time
10469,P640,Tablet,apparel,NextGen Supplies,USA Warehouse,05-15-2024,16-05-2024,31-05-2024,Truck,EUROPE,452,239.52,451.97,108263.04,1053.58,16,7,Shipped,Late
10452,P788,Sneakers,Food,Alpha Traders,India DC,05-27-2024,31-05-2024,09-06-2024,Sea,North America,267,18.29,$26.7,4883.43,1112.96,-44,10,Delayed,Late
10221,P681,Dining Table,Food,Delta Exporters,USA Warehouse,19-04-2024,26-04-2024,06-05-2024,Air,Asia,467,293.96,368.31,137279.32,8.09,20,15,Shipped,Late
10258,P164,Brake Pads,Automotive ,Vertex Distributors,India DC,29-02-2024,07-03-2024,22-03-2024,Air,North America,465,250.75,488.92,116598.75,96.4,59,3,Shipped,Late
10288,P103,Jeans,electronics,Global Tech Ltd,India DC,04-04-2023,10-04-2023,25-04-2023,Air,EUROPE,74,337.23,$516.41,24955.02,621.87,686,11,Returned,Late
10436,P967,T-shirt,electronics,Vertex Distributors,USA warehouse,05-07-2024,12-07-2024,18-07-2024,Sea, north america,80,410.11,587.33,32808.8,1132.29,159,3,Returned,Late
10063,P928,T-shirt,Automotive,Delta Exporters,Brazil Hub,02-03-2023,10-02-2023,21-02-2023,Express,South America,184,99.26,110.28,18263.84,588.54,105,16,Delayed,Late
10436,P633,Office Chair,Automotive,Prime Wholesale,India DC,12-06-2024,14-06-2024,19-06-2024,Sea, north america,423,309.62,$559.0,130969.26,1714.64,534,-1,Delayed,On-Time
10495,P680,Sneakers,Furniture,NextGen Supplies,Brazil Hub,21-12-2023,23-12-2023,01-01-2024,Air,South America,19,9.74,13.53 USD,185.06,381.3,953,1,Shipped,Late
10175,P403,Smartphone,Automotive ,Vertex Distributors,India DC,01-12-2024,08-12-2024,21-12-2024,Sea,EUROPE,227,400.14,735.59,90831.78,1651.41,659,1,Returned,On-Time
10336,P121,Jeans,electronics,Vertex Distributors,Brazil Hub,16-10-2023,20-10-2023,28-10-2023,Truck,Asia,336,347.84,608.1,116874.24,1917.57,-2,-2,Shipped,On-Time
10266,P293,Dining Table,Automotive ,Global Tech Ltd,Germany Warehouse,05-14-2023,19-05-2023,28-05-2023,Sea,South America,401,332.91,$541.32,133496.91,951.56,937,20,Cancelled,On-Time
10395,P858,Chocolate,Furniture,Prime Wholesale,USA warehouse,20-12-2023,23-12-2023,26-12-2023,Truck,Europe,233,26.17,$40.05,6097.61,1083.08,47,20,Cancelled,Late
10036,P847,Sneakers,Apparel,Orion Manufacturing,USA warehouse,21-12-2023,27-12-2023,11-01-2024,Truck,Asia,176,15.63,23.14 USD,2750.88,244.07,1000,16,Returned,On-Time
10103,P112,Dining Table,Electronics ,NextGen Supplies,USA warehouse,26-06-2024,03-07-2024,08-07-2024,Truck,Europe,22,413.44,825.82 USD,9095.68,1846.42,205,14,Cancelled,On-Time
10487,P548,Tablet,electronics,Vertex Distributors,USA warehouse,26-05-2023,28-05-2023,03-06-2023,Air,EUROPE,112,32.23,53.02,3609.76,968.01,750,4,Shipped,Late
10318,P655,Dining Table,apparel,Delta Exporters,Germany Warehouse,20-07-2024,,,Truck,Asia,226,193.94,282.47 USD,43830.44,1148.92,613,9,Returned,Late
10348,P550,Engine Oil,Apparel,Global Tech Ltd, China Hub,13-05-2023,16-05-2023,31-05-2023,Truck,Asia,378,377.15,$629.28,142562.7,1386.99,28,10,Shipped,On-Time
10420,P762,Brake Pads,Food,Prime Wholesale,USA warehouse,14-10-2023,21-10-2023,30-10-2023,Sea,Europe,103,237.27,263.35,24438.81,1851.4,717,8,Delayed,On-Time
10462,P697,Tablet,Electronics,Prime Wholesale,India DC,09-01-2023,,,Sea,Asia,248,498.46,956.48,123618.08,188.31,252,15,Shipped,On-Time
10073,P388,Car Battery,Automotive ,NextGen Supplies,USA Warehouse,10-04-2023,14-04-2023,18-04-2023,Express,Europe,198,379.34,703.03,75109.32,174.42,491,16,Shipped,On-Time
10206,P777,Frozen Pizza,Automotive ,Orion Manufacturing,Brazil Hub,15-05-2023,18-05-2023,20-05-2023,Express,North America,214,215.39,331.74 USD,46093.46,1677.89,258,20,Delayed,On-Time
10288,P990,Sofa,Automotive,NextGen Supplies,Brazil Hub,01-12-2024,06-12-2024,21-12-2024,Sea,EUROPE,192,246.36,392.65,47301.12,1009.01,983,-1,Returned,Late
10327,P276,Dining Table,electronics,Vertex Distributors,India DC,03-21-2024,23-03-2024,05-04-2024,Sea, north america,289,469.85,679.84,135786.65,1831.74,784,-2,Returned,Late
10041,P746,Headphones,Automotive ,NextGen Supplies,Germany Warehouse,05-07-2024,12-07-2024,16-07-2024,Truck,EUROPE,451,304.09,599.08,137144.59,88.36,667,10,Delayed,Late
10169,P564,LED TV,Electronics ,Delta Exporters,China Hub,07-01-2023,12-01-2023,17-01-2023,Express,Europe,323,330.05,562.34,106606.15,1218.67,162,-3,Returned,Late
10066,P102,Office Chair,Electronics ,Prime Wholesale,India DC,20-07-2024,25-07-2024,04-08-2024,Air, north america,454,306.18,457.17 USD,139005.72,1984.36,-7,8,Cancelled,Late
10408,P909,Jacket,Furniture,Global Tech Ltd,USA Warehouse,06-03-2024,04-06-2024,11-06-2024,Truck,EUROPE,465,318.67,484.37,148181.55,1038.84,297,19,Returned,Late
10489,P307,Car Battery,electronics,Alpha Traders,USA warehouse,05-05-2023,09-05-2023,18-05-2023,Air,South America,281,417.95,646.09,117443.95,1026.27,724,12,Delayed,On-Time
10364,P943,Laptop,electronics,Prime Wholesale,USA warehouse,05-18-2024,22-05-2024,28-05-2024,Air,North America,449,396.66,$565.69,178100.34,1296.7,865,8,Returned,Late
10074,P655,Headphones,Food,NextGen Supplies,India DC,28-01-2023,31-01-2023,15-02-2023,Sea,Europe,116,395.09,515.36,45830.44,909.32,890,17,Cancelled,On-Time
10425,P926,Frozen Pizza,Automotive,NextGen Supplies,USA warehouse,12-08-2023,11-12-2023,16-12-2023,Sea,EUROPE,344,268.59,388.63,92394.96,990.2,786,12,Returned,Late
10412,P736,Car Battery,Electronics,Vertex Distributors,USA Warehouse,06-05-2024,08-05-2024,23-05-2024,Air,EUROPE,208,279.84,363.37,58206.72,201.15,281,15,Delayed,On-Time
10153,P728,LED TV,Automotive,NextGen Supplies,Brazil Hub,23-08-2024,25-08-2024,09-09-2024,Sea,Asia,101,42.73,$55.22,4315.73,548.67,538,10,Shipped,Late
10197,P772,Tablet,Furniture,NextGen Supplies,Brazil Hub,03-28-2023,02-04-2023,14-04-2023,Sea,North America,398,14.72,22.24,5858.56,644.3,37,8,Cancelled,Late
10350,P544,Laptop,electronics,Delta Exporters,USA Warehouse,07-01-2024,05-07-2024,10-07-2024,Express,North America,366,25.41,28.63,9300.06,1639.33,795,0,Shipped,Late
10151,P746,T-shirt,Apparel,Global Tech Ltd,China Hub,14-01-2023,21-01-2023,05-02-2023,Air,EUROPE,130,80.64,132.93 USD,10483.2,1176.22,837,17,Delayed,Late
10148,P608,Chocolate,apparel,Prime Wholesale,Germany Warehouse,04-02-2024,03-04-2024,17-04-2024,Sea,Europe,380,99.64,160.98,37863.2,1515.57,53,2,Returned,On-Time
10424,P282,Brake Pads,electronics,Global Tech Ltd,China Hub,04-08-2024,07-08-2024,09-08-2024,Air,Asia,389,276.08,369.44,107395.12,295.63,49,11,Cancelled,Late
10350,P672,Brake Pads,Electronics,Orion Manufacturing,Brazil Hub,16-09-2023,19-09-2023,27-09-2023,Truck,Asia,231,203.56,367.27,47022.36,1684.63,703,20,Delayed,On-Time
10165,P104,Office Chair,electronics,Orion Manufacturing,China Hub,11-05-2023,18-05-2023,24-05-2023,Express,Europe,185,288.95,$385.82,53455.75,1370.4,916,-1,Delayed,On-Time
10014,P169,Sofa,Food,Orion Manufacturing,China Hub,11-07-2023,08-11-2023,14-11-2023,Air,South America,290,28.45,53.36 USD,8250.5,1579.38,2,7,Delayed,On-Time
10335,P143,Frozen Pizza,Food,Global Tech Ltd,India DC,26-02-2023,01-03-2023,14-03-2023,Truck,Asia,154,474.66,864.73,73097.64,1418.04,-7,20,Shipped,Late
10499,P298,Engine Oil,Electronics,Global Tech Ltd,USA warehouse,05-10-2023,10-10-2023,23-10-2023,Sea, north america,394,65.92,90.26 USD,25972.48,306.05,766,15,Cancelled,On-Time
10424,P360,Dining Table,Electronics ,Prime Wholesale,China Hub,24-12-2023,31-12-2023,05-01-2024,Express,EUROPE,371,193.28,312.47,71706.88,630.53,823,-2,Returned,Late
10069,P633,Car Battery,apparel,Alpha Traders,Germany Warehouse,26-05-2024,01-06-2024,13-06-2024,Truck, north america,138,276.15,336.19 USD,38108.7,1457.16,93,0,Shipped,On-Time
10459,P900,Laptop,Electronics ,Prime Wholesale,China Hub,10-07-2024,17-07-2024,29-07-2024,Truck,Asia,388,98.04,$158.46,38039.52,1265.44,381,-2,Shipped,Late
10233,P384,Sneakers,electronics,Prime Wholesale,India DC,23-09-2024,30-09-2024,15-10-2024,Sea,EUROPE,480,132.27,236.23,63489.6,308.6,989,9,Shipped,Late
10273,P858,Jacket,electronics,Orion Manufacturing,USA warehouse,02-05-2024,12-02-2024,21-02-2024,Express,Asia,365,484.34,605.08 USD,176784.1,678.15,893,18,Shipped,Late
10112,P664,Chocolate,Electronics,Orion Manufacturing,USA Warehouse,02-07-2024,,,Express,EUROPE,72,240.98,417.13,17350.56,530.44,743,2,Delayed,Late
10336,P114,Chocolate,Electronics,Orion Manufacturing,USA warehouse,03-02-2024,05-02-2024,08-02-2024,Air, north america,353,247.47,332.85,87356.91,1496.29,287,20,Returned,Late
10178,P128,Engine Oil,Electronics,Vertex Distributors,Brazil Hub,04-05-2024,09-05-2024,16-05-2024,Sea,EUROPE,30,343.54,424.57 USD,10306.2,1376.42,900,15,Delayed,Late
10021,P316,Sofa,Food,Vertex Distributors,China Hub,01-09-2023,08-09-2023,17-09-2023,Sea,EUROPE,437,396.67,$598.97,173344.79,17944.6,186,20,Returned,Late
10488,P208,Sneakers,Automotive ,Global Tech Ltd,Germany Warehouse,08-12-2024,19-08-2024,21-08-2024,Truck, north america,428,39.09,60.88,16730.52,318.2,834,18,Cancelled,On-Time
10035,P854,Jeans,Electronics ,Global Tech Ltd,USA Warehouse,10-04-2023,17-04-2023,01-05-2023,Truck,EUROPE,194,469.33,$781.7,91050.02,386.96,461,-1,Shipped,Late
10446,P590,Frozen Pizza,Automotive ,Global Tech Ltd, China Hub,24-08-2023,30-08-2023,07-09-2023,Express,South America,265,324.09,475.76,85883.85,1072.26,232,8,Cancelled,Late
10220,P684,Car Battery,Automotive ,Global Tech Ltd,India DC,03-20-2023,22-03-2023,03-04-2023,Sea,North America,142,241.44,370.14 USD,34284.48,305.98,972,3,Delayed,Late
10324,P387,Jacket,Electronics,Prime Wholesale,Brazil Hub,17-07-2023,19-07-2023,21-07-2023,Air, north america,234,107.33,$130.06,25115.22,1017.43,90,19,Shipped,On-Time
10030,P825,Office Chair,electronics,Delta Exporters,Brazil Hub,02-23-2024,29-02-2024,02-03-2024,Sea,Europe,120,495.51,600.46,59461.2,53.47,106,6,Delayed,Late
10455,P578,Jeans,Automotive ,Prime Wholesale,India DC,05-13-2024,14-05-2024,16-05-2024,Air,Asia,325,498.89,841.97 USD,162139.25,333.11,542,18,Returned,On-Time
10479,P345,Headphones,Automotive,NextGen Supplies, China Hub,29-11-2024,03-12-2024,11-12-2024,Air,EUROPE,154,278.49,457.31,42887.46,1239.68,544,4,Returned,On-Time
10462,P999,Dining Table,Electronics,Orion Manufacturing,India DC,08-14-2023,16-08-2023,28-08-2023,Truck,South America,496,266.11,$450.0,131990.56,1029.61,449,6,Returned,Late
10466,P788,Chocolate,Electronics ,Alpha Traders,USA Warehouse,02-08-2024,07-08-2024,17-08-2024,Air,Asia,477,122.04,$238.11,58213.08,1895.61,796,12,Delayed,On-Time
10083,P661,Tablet,Apparel,Prime Wholesale,China Hub,27-11-2024,04-12-2024,15-12-2024,Express,North America,295,469.93,912.1,138629.35,1982.6,286,13,Delayed,Late
10267,P843,Engine Oil,Automotive,Delta Exporters,Brazil Hub,03-12-2024,17-03-2024,30-03-2024,Air, north america,352,288.09,453.01,101407.68,823.57,585,18,Delayed,On-Time
10343,P721,Brake Pads,Automotive,Alpha Traders,Brazil Hub,06-06-2023,08-06-2023,16-06-2023,Sea,South America,356,234.76,385.36,83574.56,1535.99,748,16,Delayed,Late
10027,P763,Laptop,Apparel,NextGen Supplies,Germany Warehouse,04-15-2023,18-04-2023,25-04-2023,Truck,EUROPE,149,304.51,351.18 USD,45371.99,686.08,394,15,Cancelled,Late
10150,P631,Engine Oil,Apparel,Prime Wholesale, China Hub,05-03-2024,09-03-2024,21-03-2024,Express,South America,237,201.76,$261.01,47817.12,1766.91,648,15,Shipped,On-Time
10195,P411,T-shirt,Electronics,NextGen Supplies,India DC,03-03-2023,10-03-2023,16-03-2023,Air,South America,121,165.01,234.44,19966.21,202.98,309,12,Cancelled,Late
10191,P234,Office Chair,Electronics,Prime Wholesale,Germany Warehouse,01-13-2024,14-01-2024,23-01-2024,Express, north america,421,344.03,418.74,144836.63,416.07,72,8,Cancelled,On-Time
10175,P687,Sofa,Automotive,Alpha Traders,China Hub,23-06-2024,27-06-2024,09-07-2024,Truck,Europe,226,207.24,388.87 USD,46836.24,1693.96,643,16,Delayed,On-Time
10103,P138,Sneakers,Electronics ,Alpha Traders,Germany Warehouse,02-08-2024,06-08-2024,16-08-2024,Express,Europe,155,300.76,375.99,46617.8,674.92,301,4,Delayed,Late
10343,P475,Sneakers,Food,NextGen Supplies,USA Warehouse,28-03-2023,31-03-2023,05-04-2023,Sea, north america,35,442.83,839.17,15499.05,1565.63,24,11,Delayed,Late
10380,P678,Brake Pads,Food,Orion Manufacturing,Germany Warehouse,03-12-2023,07-12-2023,17-12-2023,Air,Asia,438,169.46,$214.59,74223.48,748.79,34,20,Delayed,On-Time
10319,P160,Chocolate,Apparel,Vertex Distributors,China Hub,12-10-2024,18-10-2024,30-10-2024,Express, north america,157,38.29,48.79,6011.53,440.09,95,17,Cancelled,Late
10382,P102,Laptop,apparel,Alpha Traders,Brazil Hub,29-10-2024,03-11-2024,14-11-2024,Truck,Europe,242,123.81,185.68,29962.02,1320.52,643,13,Cancelled,Late
10005,P383,Headphones,Automotive ,Vertex Distributors,India DC,06-10-2023,13-06-2023,15-06-2023,Sea,EUROPE,303,21.18,$37.88,6417.54,251.21,943,11,Returned,On-Time
10014,P120,Dining Table,Food,NextGen Supplies,China Hub,10-10-2024,,,Express, north america,107,449.06,653.2,48049.42,927.06,218,17,Delayed,On-Time
10098,P443,Smartphone,electronics,Vertex Distributors,Brazil Hub,07-22-2023,26-07-2023,05-08-2023,Truck, north america,163,107.34,147.59,17496.42,573.54,711,0,Cancelled,Late
10185,P530,Office Chair,Apparel,Alpha Traders,India DC,06-02-2024,,,Sea,Asia,125,449.16,801.65,56145,1443.15,294,-2,Delayed,On-Time
10215,P489,Smartphone,Electronics,Alpha Traders,Germany Warehouse,01-26-2024,02-02-2024,08-02-2024,Express,EUROPE,408,488.66,628.57,199373.28,12.99,439,4,Returned,On-Time
10289,P249,Headphones,apparel,NextGen Supplies,USA Warehouse,24-10-2023,27-10-2023,31-10-2023,Air,Asia,12,137.8,$219.92,1653.6,1305.87,859,1,Shipped,Late
10101,P424,Laptop,Electronics ,Global Tech Ltd,China Hub,16-11-2024,19-11-2024,24-11-2024,Express,Asia,175,186.46,$291.87,32630.5,997.84,216,19,Delayed,On-Time
10047,P275,Jeans,Electronics,Prime Wholesale,USA Warehouse,11-06-2023,13-06-2023,20-06-2023,Truck,Asia,71,386.57,638.5,27446.47,1181.85,284,1,Delayed,On-Time
10027,P172,Brake Pads,Automotive,Global Tech Ltd,USA Warehouse,13-12-2023,14-12-2023,20-12-2023,Air,South America,413,22.69,33.85,9370.97,1228.05,947,5,Returned,Late
10304,P661,Office Chair,apparel,Prime Wholesale,China Hub,10-11-2023,14-10-2023,23-10-2023,Sea,North America,275,181,$216.77,49775,124.99,147,0,Shipped,On-Time
10334,P762,LED TV,apparel,Global Tech Ltd,India DC,04-08-2024,13-04-2024,21-04-2024,Air, north america,441,466.12,689.86,205558.92,1058.17,77,12,Cancelled,On-Time
10345,P163,T-shirt,Furniture,Prime Wholesale,India DC,16-02-2023,20-02-2023,01-03-2023,Express,Europe,221,472.05,$909.26,104323.05,471.81,-37,16,Shipped,On-Time
10195,P160,Car Battery,Electronics ,Prime Wholesale, China Hub,08-11-2023,14-08-2023,23-08-2023,Sea,EUROPE,194,339.39,$485.14,65841.66,709.36,601,8,Returned,On-Time
10138,P729,Laptop,Electronics,Orion Manufacturing,Germany Warehouse,10-28-2023,30-10-2023,12-11-2023,Air,South America,482,359.58,$581.94,173317.56,1554.25,846,14,Cancelled,Late
10029,P124,Chocolate,Food,NextGen Supplies,Brazil Hub,30-08-2023,01-09-2023,15-09-2023,Truck,North America,271,435.4,774.8,117993.4,43.17,320,20,Delayed,Late
10134,P416,Headphones,apparel,NextGen Supplies, China Hub,20-05-2023,23-05-2023,04-06-2023,Air,South America,462,107.53,206.2,49678.86,894.32,330,16,Cancelled,On-Time
10478,P223,Headphones,Apparel,Delta Exporters,Brazil Hub,27-08-2023,03-09-2023,17-09-2023,Sea,South America,465,38.87,$49.91,18074.55,1575.27,402,0,Returned,On-Time
10283,P255,T-shirt,Apparel,Delta Exporters,India DC,01-04-2024,08-04-2024,17-04-2024,Truck,Europe,203,133.64,$195.38,27128.92,1239.78,-12,13,Returned,Late
10113,P248,T-shirt,Food,Delta Exporters,Germany Warehouse,09-07-2023,11-09-2023,14-09-2023,Express,Europe,500,179,$216.55,89500,52.13,197,-1,Delayed,On-Time
10313,P124,Smartphone,apparel,NextGen Supplies,USA Warehouse,11-06-2023,12-11-2023,14-11-2023,Truck,EUROPE,453,352.65,$425.1,159750.45,28.13,88,6,Returned,Late
10039,P860,Sofa,Food,NextGen Supplies,USA warehouse,26-03-2024,02-04-2024,07-04-2024,Air,Asia,412,443.05,$731.23,182536.6,947.98,624,6,Returned,Late
10024,P952,Headphones,Furniture,Global Tech Ltd,India DC,24-06-2023,25-06-2023,05-07-2023,Sea,Europe,377,20.5,37.09,7728.5,1642.85,256,2,Delayed,Late
10061,P704,Chocolate,Automotive ,NextGen Supplies,India DC,23-05-2023,26-05-2023,03-06-2023,Truck, north america,21,363.68,$718.18,7637.28,9020.5,280,4,Shipped,Late
10178,P877,Headphones,Electronics,Prime Wholesale,USA Warehouse,11-30-2024,01-12-2024,03-12-2024,Sea,South America,301,118.96,192.51 USD,35806.96,1371.16,753,8,Cancelled,On-Time
10399,P435,Headphones,apparel,NextGen Supplies,USA Warehouse,07-06-2023,10-06-2023,25-06-2023,Truck, north america,410,474.54,872.58,194561.4,127.7,172,18,Cancelled,On-Time
10061,P940,Sneakers,Apparel,Prime Wholesale,USA Warehouse,10-07-2023,17-07-2023,19-07-2023,Air,EUROPE,289,149.76,$238.88,43280.64,17072.1,561,19,Cancelled,Late
10328,P803,Jeans,Automotive ,Vertex Distributors,Brazil Hub,30-03-2023,02-04-2023,09-04-2023,Sea,South America,74,461.54,$812.18,34153.96,327.78,291,-1,Delayed,Late
10147,P262,Sneakers,Electronics,NextGen Supplies,USA Warehouse,12-02-2023,08-12-2023,22-12-2023,Sea,South America,495,257.09,454.08,127259.55,1164.64,463,-3,Returned,Late
10264,P367,Laptop,Electronics ,Orion Manufacturing,USA warehouse,21-06-2024,28-06-2024,07-07-2024,Sea, north america,133,26.09,44.16 USD,3469.97,1711.91,905,5,Returned,Late
10085,P861,Engine Oil,Automotive,Alpha Traders, China Hub,03-06-2024,09-06-2024,21-06-2024,Sea,South America,308,153.62,301.63,47314.96,36.33,290,-3,Returned,On-Time
10043,P790,Chocolate,Apparel,Delta Exporters,Germany Warehouse,10-20-2024,23-10-2024,05-11-2024,Truck,Europe,288,241.85,376.61 USD,69652.8,1351.17,790,-3,Cancelled,On-Time
10094,P614,Headphones,Electronics ,Orion Manufacturing,USA warehouse,11-03-2023,16-03-2023,21-03-2023,Air,Asia,67,168.18,283.18 USD,11268.06,791.04,66,8,Shipped,Late
10294,P580,Frozen Pizza,Apparel,Orion Manufacturing,USA Warehouse,18-01-2023,24-01-2023,05-02-2023,Express,Europe,271,19.21,$34.56,5205.91,901.58,883,1,Cancelled,Late
10185,P539,Engine Oil,Electronics ,Alpha Traders,India DC,07-07-2024,13-07-2024,23-07-2024,Sea, north america,269,8.98,17.43,2415.62,548.69,423,17,Delayed,Late
10491,P963,LED TV,Electronics ,Delta Exporters,USA Warehouse,04-06-2024,09-06-2024,15-06-2024,Sea,EUROPE,407,275.31,465.2,112051.17,7.33,840,-3,Delayed,Late
10203,P932,Smartphone,Electronics ,Delta Exporters,Brazil Hub,04-26-2023,01-05-2023,12-05-2023,Sea,Asia,114,206.1,230.21,23495.4,592,750,17,Shipped,On-Time
10105,P724,Car Battery,Automotive ,Prime Wholesale,Brazil Hub,11-27-2023,03-12-2023,14-12-2023,Express, north america,187,228.84,299.34,42793.08,1275.44,653,20,Shipped,Late
10126,P491,T-shirt,Electronics ,Orion Manufacturing,China Hub,05-27-2023,31-05-2023,02-06-2023,Truck,EUROPE,3,214.72,415.79,644.16,1819.15,174,2,Returned,Late
10134,P978,T-shirt,apparel,Global Tech Ltd,USA warehouse,21-02-2024,25-02-2024,06-03-2024,Sea,Asia,229,61.13,$107.8,13998.77,1395.29,281,16,Delayed,Late
10452,P748,Sofa,Apparel,Orion Manufacturing,India DC,03-05-2024,08-03-2024,19-03-2024,Air, north america,441,152.69,$186.2,67336.29,1656.51,912,11,Cancelled,Late
10376,P936,Sofa,Electronics ,Global Tech Ltd,USA Warehouse,28-09-2023,29-09-2023,04-10-2023,Express,North America,70,25.77,28.47,1803.9,721.23,771,20,Cancelled,On-Time
10302,P431,Car Battery,Furniture,NextGen Supplies,China Hub,23-06-2023,29-06-2023,01-07-2023,Truck,North America,442,129.34,147.45,57168.28,158.4,532,17,Cancelled,Late
10074,P125,Chocolate,Automotive,Alpha Traders,Brazil Hub,10-09-2024,,,Express,Asia,408,54.36,76.79,22178.88,1175.37,903,17,Cancelled,Late
10431,P273,Brake Pads,Furniture,Prime Wholesale,USA Warehouse,12-05-2023,10-12-2023,21-12-2023,Truck,EUROPE,492,15.42,22.71 USD,7586.64,1285.89,258,-1,Returned,Late
10414,P485,Sneakers,Furniture,NextGen Supplies,Brazil Hub,30-06-2024,06-07-2024,14-07-2024,Truck,South America,90,167.39,193.89,15065.1,1655.64,-3,5,Returned,Late
10126,P187,T-shirt,Food,Orion Manufacturing,Brazil Hub,02-07-2024,05-07-2024,10-07-2024,Truck,South America,176,314.33,622.84,55322.08,769.63,680,-2,Delayed,On-Time
10324,P465,Laptop,Apparel,Alpha Traders,India DC,16-08-2024,21-08-2024,25-08-2024,Air, north america,313,384.16,600.44,120242.08,1949.3,883,13,Returned,Late
10064,P517,Brake Pads,electronics,Orion Manufacturing,USA Warehouse,05-09-2024,10-09-2024,20-09-2024,Sea,South America,500,391.12,759.86,195560,553.62,547,13,Returned,On-Time
10248,P971,Jeans,Furniture,Global Tech Ltd,USA warehouse,12-11-2023,15-11-2023,18-11-2023,Express,Europe,241,346.49,417.18 USD,83504.09,1167.47,742,16,Shipped,Late
10287,P497,Jeans,apparel,Vertex Distributors,USA Warehouse,26-05-2023,02-06-2023,12-06-2023,Air,EUROPE,194,107.77,138.98 USD,20907.38,463.12,560,16,Shipped,Late
10476,P107,Sneakers,Automotive ,Delta Exporters,USA Warehouse,27-03-2024,,,Truck,EUROPE,458,375.08,551.59 USD,171786.64,244.94,83,13,Delayed,On-Time
10091,P590,Laptop,Automotive,Alpha Traders,Germany Warehouse,06-20-2023,27-06-2023,02-07-2023,Express,South America,133,319.41,456.84 USD,42481.53,1380.61,429,19,Delayed,On-Time
10061,P492,Jacket,Apparel,Prime Wholesale,Germany Warehouse,17-04-2023,20-04-2023,03-05-2023,Express,South America,307,284.33,499.54,87289.31,1021.19,42,17,Delayed,On-Time
10438,P510,LED TV,Apparel,Alpha Traders,China Hub,26-05-2024,,,Truck,Europe,317,82.17,138.85 USD,26047.89,415.86,482,9,Delayed,Late
10443,P535,Sneakers,apparel,Global Tech Ltd,USA Warehouse,05-18-2023,,,Air, north america,452,314.9,384.44 USD,142334.8,207.99,-1,19,Cancelled,On-Time
10143,P697,LED TV,Automotive,Alpha Traders,Brazil Hub,08-25-2024,28-08-2024,10-09-2024,Truck,EUROPE,215,207.36,$335.62,44582.4,1399.35,651,6,Returned,Late
10496,P380,Car Battery,Electronics ,Global Tech Ltd,Brazil Hub,07-20-2023,24-07-2023,02-08-2023,Truck,EUROPE,190,378.82,637.05,71975.8,666.01,949,5,Cancelled,On-Time
10372,P642,Car Battery,Food,Prime Wholesale,Germany Warehouse,24-06-2024,25-06-2024,09-07-2024,Sea,North America,12,261.07,$419.57,3132.84,1165.8,675,7,Cancelled,On-Time
10123,P967,T-shirt,Electronics ,Delta Exporters,China Hub,09-01-2024,11-01-2024,22-01-2024,Air,Asia,289,178.7,223.53 USD,51644.3,1433.71,133,6,Cancelled,Late
10006,P974,Jacket,electronics,Global Tech Ltd, China Hub,02-07-2024,07-07-2024,12-07-2024,Express,South America,221,195.97,343.78,43309.37,1822.29,819,2,Shipped,Late
10327,P505,Engine Oil,Apparel,Global Tech Ltd,India DC,15-02-2023,16-02-2023,24-02-2023,Truck,EUROPE,205,245.8,$332.73,50389,1927.25,-2,13,Delayed,Late
10065,P823,Smartphone,apparel,Alpha Traders,Brazil Hub,04-04-2023,,,Air,Europe,335,68.46,$103.47,22934.1,305.18,645,4,Cancelled,Late
10310,P253,Frozen Pizza,apparel,Prime Wholesale,USA warehouse,02-10-2024,08-10-2024,10-10-2024,Sea,EUROPE,98,411.13,774.42,40290.74,418.58,445,-3,Delayed,Late
10043,P165,T-shirt,Automotive ,Delta Exporters, China Hub,23-11-2024,25-11-2024,09-12-2024,Air,North America,418,79.76,$102.24,33339.68,1908.12,788,16,Cancelled,On-Time
10433,P643,Office Chair,apparel,Orion Manufacturing,India DC,05-11-2023,07-11-2023,13-11-2023,Truck,Europe,95,403.84,583.12 USD,38364.8,1180.34,544,18,Delayed,On-Time
10021,P551,Headphones,Electronics ,Alpha Traders,China Hub,14-11-2024,18-11-2024,02-12-2024,Air,Europe,169,331.06,589.37,55949.14,1184.24,531,20,Shipped,Late
10133,P337,Headphones,electronics,Alpha Traders,Brazil Hub,01-07-2023,05-07-2023,09-07-2023,Sea,EUROPE,492,164.64,261.45,81002.88,1036.7,10,17,Shipped,On-Time
10037,P728,Car Battery,Automotive,NextGen Supplies,USA warehouse,05-22-2023,28-05-2023,01-06-2023,Express,Asia,452,54.93,61.22,24828.36,1921.83,588,18,Returned,On-Time
10195,P471,Headphones,Apparel,Alpha Traders,Brazil Hub,11-04-2023,12-04-2023,25-04-2023,Express,South America,111,94.94,179.39,10538.34,14866.4,665,9,Cancelled,Late
10211,P651,Car Battery,electronics,NextGen Supplies,USA warehouse,09-11-2024,10-11-2024,13-11-2024,Express,South America,323,388.83,657.32 USD,125592.09,13286.2,27,11,Returned,On-Time
10453,P909,Office Chair,Furniture,Global Tech Ltd, China Hub,02-15-2023,17-02-2023,19-02-2023,Express,North America,159,440.05,622.49,69967.95,485.75,378,-3,Returned,On-Time
10402,P762,Jacket,Automotive,Vertex Distributors,USA warehouse,08-06-2023,11-08-2023,23-08-2023,Air,Asia,365,76.55,90.55,27940.75,724.85,250,2,Cancelled,On-Time
10272,P490,Car Battery,electronics,Vertex Distributors,USA warehouse,08-04-2024,07-08-2024,17-08-2024,Air,North America,328,337.83,$464.47,110808.24,508.75,455,5,Shipped,On-Time
10036,P364,LED TV,Electronics,Global Tech Ltd,India DC,07-10-2024,13-10-2024,24-10-2024,Sea, north america,386,379.68,743.4 USD,146556.48,985.91,954,-1,Delayed,On-Time
10124,P677,Headphones,Electronics,NextGen Supplies,USA warehouse,08-09-2024,12-09-2024,23-09-2024,Express,Europe,482,385.16,767.74 USD,185647.12,1646.68,465,8,Returned,On-Time
10462,P413,Brake Pads,Furniture,Alpha Traders, China Hub,27-01-2024,29-01-2024,11-02-2024,Express,North America,360,202.56,364.61,72921.6,1588.69,739,14,Cancelled,Late
10395,P604,Smartphone,Automotive,Global Tech Ltd,Germany Warehouse,08-03-2024,15-03-2024,30-03-2024,Express,EUROPE,53,293.2,425.72,15539.6,1128.05,552,3,Delayed,On-Time
10033,P141,Car Battery,electronics,Vertex Distributors,Germany Warehouse,02-06-2024,12-02-2024,22-02-2024,Sea,Europe,426,264.12,459.34,112515.12,1074.23,904,15,Returned,On-Time
10105,P809,Car Battery,Automotive,Alpha Traders,Brazil Hub,10-23-2023,27-10-2023,06-11-2023,Sea,South America,302,451.83,784.2,136452.66,31.38,189,1,Shipped,Late
10423,P145,Smartphone,apparel,Delta Exporters,Brazil Hub,03-03-2024,09-03-2024,24-03-2024,Sea,Europe,324,349.81,515.03,113338.44,271.14,880,15,Shipped,On-Time
10127,P640,Office Chair,Apparel,Orion Manufacturing,India DC,03-08-2024,09-08-2024,16-08-2024,Truck,EUROPE,490,216.98,$348.7,106320.2,93.76,-40,20,Shipped,On-Time
10429,P516,Jacket,Automotive,Global Tech Ltd, China Hub,02-11-2024,05-11-2024,15-11-2024,Truck,South America,44,301.49,$594.02,13265.56,1709.49,688,-2,Delayed,On-Time
10067,P342,Sneakers,apparel,Vertex Distributors,USA Warehouse,09-03-2024,09-09-2024,24-09-2024,Air,North America,484,294.45,429.53,142513.8,49.34,818,9,Cancelled,Late
10401,P256,Car Battery,Automotive,Orion Manufacturing,India DC,05-05-2024,06-05-2024,08-05-2024,Truck,Asia,422,13.59,21.47 USD,5734.98,1353.25,304,15,Delayed,On-Time
10403,P757,Jacket,Automotive,Orion Manufacturing,Brazil Hub,31-07-2023,04-08-2023,17-08-2023,Sea,South America,128,374.21,$559.1,47898.88,866.66,958,4,Cancelled,On-Time
10028,P433,Smartphone,Apparel,Delta Exporters,Brazil Hub,09-08-2024,11-09-2024,22-09-2024,Truck,South America,489,126.08,196.76,61653.12,157.79,277,3,Shipped,On-Time
10030,P100,Tablet,Automotive,NextGen Supplies,India DC,07-18-2023,22-07-2023,31-07-2023,Air,Europe,26,175.83,213.64 USD,4571.58,963.58,739,20,Shipped,On-Time
10087,P744,Dining Table,apparel,Prime Wholesale,Brazil Hub,29-10-2023,04-11-2023,10-11-2023,Truck,Europe,438,382.15,$489.43,167381.7,1786.88,534,10,Cancelled,Late
10268,P769,T-shirt,apparel,Alpha Traders,USA Warehouse,05-07-2024,11-05-2024,24-05-2024,Air,EUROPE,68,398.1,455.04,27070.8,1125.67,8,-3,Delayed,On-Time
10110,P632,Car Battery,Automotive ,Delta Exporters,China Hub,13-12-2023,18-12-2023,30-12-2023,Truck,Asia,177,126.84,144.28 USD,22450.68,1108.86,277,6,Shipped,On-Time
10254,P124,Office Chair,Automotive ,Global Tech Ltd,Germany Warehouse,05-29-2023,30-05-2023,04-06-2023,Truck,EUROPE,149,326.56,391.98,48657.44,358.12,511,2,Returned,Late
10371,P754,Brake Pads,electronics,Global Tech Ltd,China Hub,23-08-2023,30-08-2023,13-09-2023,Air,Europe,419,158.38,266.83 USD,66361.22,1254.12,397,18,Returned,Late
10220,P465,Car Battery,Apparel,Prime Wholesale,Germany Warehouse,15-09-2024,20-09-2024,26-09-2024,Sea, north america,185,160.32,$286.36,29659.2,1267.26,710,-3,Delayed,On-Time
10219,P570,Smartphone,Food,Delta Exporters,USA warehouse,16-05-2024,21-05-2024,03-06-2024,Truck,North America,115,436.07,719.23 USD,50148.05,770.29,460,20,Cancelled,Late
10098,P920,Sneakers,Furniture,Delta Exporters,China Hub,22-05-2023,23-05-2023,25-05-2023,Truck,North America,3,177.43,264.69,532.29,1016.28,670,19,Delayed,Late
10341,P278,Engine Oil,Automotive ,Global Tech Ltd,USA Warehouse,12-31-2023,07-01-2024,10-01-2024,Air,Asia,442,27.97,$36.27,12362.74,1301.24,689,-1,Delayed,Late
10086,P960,Brake Pads,Automotive,Vertex Distributors,China Hub,26-08-2023,02-09-2023,17-09-2023,Sea,North America,141,373.11,$663.48,52608.51,771.69,388,-2,Returned,Late
10122,P178,Sneakers,Electronics,Alpha Traders,India DC,10-10-2023,17-10-2023,01-11-2023,Truck,South America,398,136.81,$196.66,54450.38,385.21,502,-2,Cancelled,On-Time
10400,P347,Tablet,Electronics ,NextGen Supplies,USA Warehouse,02-07-2023,06-07-2023,13-07-2023,Express,EUROPE,80,348.78,405.22 USD,27902.4,771.49,147,1,Delayed,On-Time
10141,P193,Sneakers,Electronics,Vertex Distributors,Brazil Hub,12-05-2023,13-05-2023,15-05-2023,Express, north america,270,418.78,$758.92,113070.6,1894.23,174,17,Delayed,Late
10125,P363,Headphones,apparel,Orion Manufacturing,Brazil Hub,11-05-2023,12-05-2023,15-05-2023,Truck,South America,264,107.36,$169.55,28343.04,654.34,404,11,Shipped,On-Time
10483,P121,Chocolate,Electronics,Vertex Distributors, China Hub,03-02-2024,03-03-2024,17-03-2024,Truck,Asia,86,391.39,661.56 USD,33659.54,1511.15,847,0,Returned,On-Time
10294,P757,Brake Pads,Apparel,Global Tech Ltd,USA Warehouse,22-09-2024,25-09-2024,04-10-2024,Sea,Europe,43,274.05,375.36 USD,11784.15,1014.81,991,-2,Shipped,Late
10028,P811,T-shirt,apparel,Delta Exporters,China Hub,26-09-2024,29-09-2024,06-10-2024,Air,Europe,486,213.02,352.51,103527.72,775.26,511,12,Cancelled,On-Time
10303,P305,Sofa,Electronics ,Orion Manufacturing,Germany Warehouse,18-11-2024,20-11-2024,04-12-2024,Air,EUROPE,248,154.07,259.41,38209.36,1273.14,-40,8,Returned,On-Time
10500,P400,Office Chair,electronics,Orion Manufacturing,Germany Warehouse,04-06-2023,07-06-2023,13-06-2023,Truck,Europe,367,253,$414.52,92851,532.81,832,7,Returned,Late
10327,P916,Laptop,Automotive,NextGen Supplies, China Hub,12-02-2024,14-02-2024,25-02-2024,Express,North America,98,281.82,437.05,27618.36,775.39,796,3,Shipped,Late
10187,P715,Jeans,Furniture,NextGen Supplies,Germany Warehouse,03-09-2024,08-09-2024,18-09-2024,Truck,EUROPE,396,428.86,629.35,169828.56,1069.1,508,18,Cancelled,Late
10439,P777,Engine Oil,Electronics,Vertex Distributors,USA Warehouse,08-26-2024,27-08-2024,07-09-2024,Air, north america,241,449.68,$779.46,108372.88,1832.09,344,8,Delayed,Late
10049,P485,Dining Table,Apparel,Vertex Distributors, China Hub,05-12-2023,,,Express,EUROPE,268,440.78,$850.46,118129.04,676.22,342,-2,Shipped,Late
10320,P606,Frozen Pizza,Automotive ,NextGen Supplies,USA warehouse,27-02-2024,01-03-2024,09-03-2024,Express, north america,236,385.86,531.06 USD,91062.96,184.37,916,19,Returned,On-Time
10087,P535,Jacket,Electronics,NextGen Supplies,Brazil Hub,18-02-2023,19-02-2023,27-02-2023,Express, north america,353,386.42,694.23 USD,136406.26,613.18,395,0,Returned,On-Time
10275,P970,Chocolate,Electronics ,NextGen Supplies,USA Warehouse,01-14-2023,18-01-2023,29-01-2023,Sea,Europe,274,112.83,150.82,30915.42,954.3,994,17,Cancelled,Late
10252,P217,T-shirt,Automotive ,NextGen Supplies, China Hub,06-15-2023,17-06-2023,20-06-2023,Express,Europe,349,139.92,204.21,48832.08,571.79,283,4,Delayed,Late
10229,P981,Sneakers,apparel,Alpha Traders,USA Warehouse,12-10-2023,13-10-2023,21-10-2023,Air,EUROPE,484,424.76,679.48,205583.84,618.64,666,6,Returned,On-Time
10260,P642,Laptop,Electronics ,Vertex Distributors,China Hub,29-10-2023,05-11-2023,14-11-2023,Sea, north america,380,91.01,$134.93,34583.8,1896.62,52,-1,Shipped,Late
10012,P806,Dining Table,electronics,Prime Wholesale,China Hub,27-08-2024,02-09-2024,07-09-2024,Air,South America,486,111.3,$154.11,54091.8,796.64,491,-1,Cancelled,Late
10228,P786,Jeans,Automotive ,Delta Exporters, China Hub,06-20-2024,22-06-2024,26-06-2024,Air,South America,235,336.84,406.62 USD,79157.4,737.41,778,11,Delayed,Late
10146,P268,Frozen Pizza,electronics,Prime Wholesale, China Hub,29-10-2023,01-11-2023,11-11-2023,Truck,Europe,199,221,$325.66,43979,1387.41,112,10,Cancelled,On-Time
10465,P876,T-shirt,apparel,Alpha Traders,China Hub,05-18-2024,20-05-2024,24-05-2024,Truck,EUROPE,342,469.33,858.15,160510.86,1292.8,720,2,Shipped,On-Time
10189,P967,Jacket,apparel,Alpha Traders,USA warehouse,04-10-2023,15-04-2023,26-04-2023,Sea,South America,112,145.87,170.28,16337.44,1709.26,39,16,Returned,Late
10025,P899,Jeans,Food,Alpha Traders,India DC,10-20-2023,27-10-2023,29-10-2023,Truck, north america,289,448.03,612.29 USD,129480.67,1873.74,118,-1,Returned,Late
10394,P727,Sneakers,Food,Global Tech Ltd,Brazil Hub,07-09-2024,14-09-2024,22-09-2024,Truck,Asia,389,155.07,$280.88,60322.23,1038.77,123,-1,Cancelled,Late
10206,P666,Jacket,Automotive ,Alpha Traders,India DC,06-24-2024,26-06-2024,09-07-2024,Express,South America,367,146.12,284.13 USD,53626.04,1555.63,305,2,Shipped,On-Time
10108,P388,Sofa,Automotive ,Global Tech Ltd,India DC,28-02-2023,,,Express,Asia,51,242.12,418.99 USD,12348.12,908.8,200,3,Delayed,On-Time
10360,P104,LED TV,Automotive,Alpha Traders, China Hub,17-04-2024,19-04-2024,01-05-2024,Express, north america,232,75.72,144.98,17567.04,426.87,368,1,Returned,On-Time
10324,P699,Jeans,Food,Alpha Traders,Germany Warehouse,11-17-2023,18-11-2023,23-11-2023,Air,North America,155,25.2,43.15,3906,46.64,917,-3,Shipped,On-Time
10092,P551,LED TV,Furniture,Vertex Distributors,USA Warehouse,30-05-2023,02-06-2023,05-06-2023,Truck, north america,396,121.58,182.68,48145.68,1878.79,330,14,Cancelled,Late
10379,P737,Sofa,Food,NextGen Supplies,China Hub,13-08-2023,15-08-2023,19-08-2023,Air,Asia,107,367.19,662.91 USD,39289.33,1214.79,117,-1,Returned,Late
10322,P332,Laptop,Automotive,Vertex Distributors,Germany Warehouse,09-12-2023,17-09-2023,27-09-2023,Express,Europe,164,149.75,$266.5,24559,1381.75,903,17,Delayed,Late
10462,P691,Sofa,Apparel,Delta Exporters,Brazil Hub,20-06-2023,23-06-2023,28-06-2023,Sea,South America,484,58.32,84.28 USD,28226.88,802.82,130,6,Delayed,On-Time
10162,P607,Sneakers,Furniture,Prime Wholesale,Brazil Hub,09-18-2024,20-09-2024,26-09-2024,Express,South America,358,96.3,$186.14,34475.4,1882.83,668,-1,Delayed,Late
10245,P938,Laptop,Automotive,Global Tech Ltd,Brazil Hub,05-11-2023,15-05-2023,27-05-2023,Air,Europe,56,176.36,222.45,9876.16,891.24,208,15,Shipped,On-Time
10151,P565,Headphones,Apparel,NextGen Supplies,India DC,01-13-2024,15-01-2024,20-01-2024,Sea, north america,290,427,$759.45,123830,1925.72,72,16,Returned,On-Time
10093,P459,Office Chair,apparel,Alpha Traders,USA Warehouse,05-10-2024,13-05-2024,24-05-2024,Express,Europe,153,210,304.21,32130,15.71,553,11,Delayed,On-Time
10077,P914,Dining Table,Automotive ,Prime Wholesale,USA Warehouse,04-06-2023,10-04-2023,20-04-2023,Express,Asia,498,158.86,312.09,79112.28,1995.66,428,1,Delayed,On-Time
10242,P493,Chocolate,Electronics ,Delta Exporters,India DC,13-11-2023,16-11-2023,26-11-2023,Truck,North America,152,336.2,$414.69,51102.4,86.24,445,2,Delayed,On-Time
10438,P359,Engine Oil,Electronics ,Global Tech Ltd,Brazil Hub,04-04-2024,08-04-2024,23-04-2024,Truck,South America,57,89.9,117.07,5124.3,1689.33,119,20,Delayed,Late
10246,P437,T-shirt,Automotive ,Alpha Traders,Brazil Hub,05-30-2023,06-06-2023,12-06-2023,Sea,Europe,355,429.06,766.54,152316.3,700.82,-26,20,Delayed,Late
10268,P519,Smartphone,Electronics,NextGen Supplies,USA Warehouse,01-03-2024,03-03-2024,12-03-2024,Air, north america,328,230.77,$388.26,75692.56,1170.02,898,11,Delayed,On-Time
10385,P895,Sneakers,Furniture,Vertex Distributors, China Hub,20-07-2024,26-07-2024,29-07-2024,Air,EUROPE,297,496.92,568.95 USD,147585.24,1909.93,58,19,Cancelled,On-Time
10085,P243,Headphones,electronics,Delta Exporters,Germany Warehouse,15-09-2023,17-09-2023,02-10-2023,Express,Europe,444,157.83,309.67,70076.52,1141.31,512,-3,Cancelled,On-Time
10290,P975,Brake Pads,Food,Alpha Traders, China Hub,19-12-2023,22-12-2023,02-01-2024,Truck,Asia,270,426.02,576.9,115025.4,1210.37,-27,10,Delayed,Late
10035,P710,Sneakers,apparel,NextGen Supplies,India DC,05-05-2023,09-05-2023,23-05-2023,Truck,Europe,180,410.56,764.6 USD,73900.8,346.91,143,16,Returned,On-Time
10010,P243,Jeans,Food,Global Tech Ltd,Brazil Hub,10-11-2023,17-10-2023,24-10-2023,Express,South America,358,446.42,509.97,159818.36,736.74,8,16,Returned,Late
10318,P715,LED TV,Food,Vertex Distributors,USA warehouse,18-04-2024,23-04-2024,05-05-2024,Air,Asia,221,478.6,903.72,105770.6,1140.57,236,6,Delayed,On-Time
10359,P932,Tablet,Food,Vertex Distributors,Brazil Hub,21-01-2023,28-01-2023,07-02-2023,Truck,Europe,342,449.97,$602.13,153889.74,566.91,452,-3,Delayed,Late
10358,P327,T-shirt,electronics,Prime Wholesale,Germany Warehouse,02-04-2023,07-04-2023,19-04-2023,Truck,South America,39,167.45,308.44,6530.55,1582.7,985,17,Shipped,Late
10328,P840,Jeans,Electronics,Alpha Traders, China Hub,06-23-2024,,,Air,Europe,227,109.28,$194.37,24806.56,1269.05,195,5,Delayed,Late
10370,P607,Jacket,Apparel,Global Tech Ltd,Brazil Hub,29-09-2023,04-10-2023,17-10-2023,Air,Europe,408,327.8,514.17,133742.4,1429.21,702,5,Shipped,On-Time
10010,P204,Chocolate,Electronics,Global Tech Ltd,Germany Warehouse,09-11-2024,13-09-2024,18-09-2024,Air,South America,479,163.21,$319.75,78177.59,335.2,548,7,Delayed,On-Time
10354,P462,Car Battery,apparel,Global Tech Ltd,India DC,12-10-2024,15-10-2024,24-10-2024,Sea, north america,465,410.08,$672.8,190687.2,1502.49,192,12,Returned,Late
10420,P716,Tablet,Electronics ,NextGen Supplies,India DC,01-08-2024,04-08-2024,17-08-2024,Sea,South America,343,302.26,461.07,103675.18,1130.38,615,4,Cancelled,On-Time
10393,P379,Engine Oil,Automotive ,Delta Exporters,Brazil Hub,23-10-2024,30-10-2024,07-11-2024,Truck,South America,34,126.85,$179.24,4312.9,1658.16,928,19,Delayed,On-Time
10405,P580,Car Battery,Automotive ,Prime Wholesale, China Hub,20-11-2024,26-11-2024,01-12-2024,Truck,Asia,401,412.52,781.57,165420.52,1338.92,510,-2,Returned,Late
10181,P179,Sneakers,Food,Prime Wholesale,USA Warehouse,01-17-2024,21-01-2024,25-01-2024,Express,North America,484,17.29,19.69,8368.36,90.14,4,4,Delayed,Late
10243,P136,Dining Table,Automotive ,Orion Manufacturing,USA warehouse,01-12-2024,02-12-2024,14-12-2024,Express,North America,326,87.84,$139.86,28635.84,1863.91,157,15,Returned,On-Time
10417,P713,Sneakers,Furniture,Vertex Distributors,China Hub,08-08-2023,,,Air,Asia,475,344.64,$404.83,163704,987.15,1000,16,Shipped,Late
10178,P966,Dining Table,Apparel,Prime Wholesale,Brazil Hub,16-04-2023,20-04-2023,01-05-2023,Sea,EUROPE,433,62.66,76,27131.78,116.99,247,-2,Cancelled,On-Time
10258,P548,Sofa,Food,Orion Manufacturing,China Hub,24-03-2024,27-03-2024,31-03-2024,Air,South America,452,116.46,186.18,52639.92,659.98,401,17,Delayed,Late
10210,P586,Engine Oil,Electronics ,Global Tech Ltd,China Hub,29-01-2023,30-01-2023,12-02-2023,Air,EUROPE,440,466.95,595.76,205458,947.13,662,10,Shipped,On-Time
10421,P600,Office Chair,apparel,Alpha Traders,USA Warehouse,05-08-2024,07-08-2024,15-08-2024,Air,Europe,185,172.89,323.71 USD,31984.65,691.2,947,12,Shipped,Late
10266,P571,Smartphone,Automotive,Delta Exporters,USA warehouse,06-04-2023,,,Sea,Asia,418,38.15,68.08,15946.7,1546.87,229,14,Returned,On-Time
10362,P296,Brake Pads,Automotive ,Prime Wholesale, China Hub,06-11-2024,11-11-2024,23-11-2024,Express,North America,256,64.75,$84.86,16576,1421.51,180,10,Cancelled,On-Time
10374,P363,Jacket,Electronics ,Prime Wholesale,USA Warehouse,04-13-2023,18-04-2023,26-04-2023,Truck,Europe,14,353.38,683.65 USD,4947.32,1606.16,792,1,Cancelled,Late
10350,P996,LED TV,Furniture,NextGen Supplies,USA Warehouse,07-19-2024,25-07-2024,02-08-2024,Express,South America,386,110.73,$170.44,42741.78,1761.1,471,-3,Cancelled,Late
10384,P595,T-shirt,Automotive ,Orion Manufacturing,India DC,30-05-2023,03-06-2023,11-06-2023,Air,South America,46,459.3,782.82,21127.8,1480.04,829,11,Returned,Late
10222,P836,Brake Pads,Automotive ,Delta Exporters,USA warehouse,07-06-2024,11-06-2024,20-06-2024,Sea,Europe,463,365.63,433.52,169286.69,1273.56,471,14,Returned,Late
10148,P277,Tablet,Electronics,Global Tech Ltd,India DC,23-09-2023,,,Sea, north america,162,358.98,456.51 USD,58154.76,47.91,577,-1,Delayed,On-Time
10096,P704,Frozen Pizza,Furniture,NextGen Supplies,Brazil Hub,16-03-2023,21-03-2023,31-03-2023,Air,Europe,372,10.51,13.1 USD,3909.72,1621.63,960,13,Returned,On-Time
10011,P573,Engine Oil,Food,Alpha Traders,USA Warehouse,11-04-2023,18-04-2023,20-04-2023,Air,EUROPE,143,210.38,373.52,30084.34,1281.4,806,18,Cancelled,Late
10054,P177,Jacket,apparel,Vertex Distributors,India DC,08-10-2024,11-10-2024,20-10-2024,Sea,South America,181,423.14,$712.16,76588.34,977.71,536,-1,Cancelled,Late
10119,P906,Chocolate,electronics,Prime Wholesale,India DC,10-13-2024,19-10-2024,21-10-2024,Truck,North America,35,393.1,466.32,13758.5,1103.15,862,20,Shipped,Late
10218,P123,Dining Table,Automotive,Alpha Traders,USA Warehouse,01-03-2023,10-01-2023,13-01-2023,Air,EUROPE,397,81.77,97.3,32462.69,651.8,737,9,Delayed,Late
10235,P244,Jacket,Electronics ,Vertex Distributors,China Hub,23-09-2024,29-09-2024,05-10-2024,Sea,Europe,290,363.98,519.64,105554.2,524.43,-20,7,Returned,On-Time
10211,P731,LED TV,apparel,Prime Wholesale,USA warehouse,09-01-2024,16-01-2024,27-01-2024,Express,Europe,171,442.48,$739.17,75664.08,660.29,909,1,Shipped,Late
10227,P691,T-shirt,electronics,Delta Exporters,Brazil Hub,09-09-2024,11-09-2024,20-09-2024,Air, north america,54,389.48,626.34,21031.92,1719.51,43,-2,Delayed,On-Time
10221,P295,Smartphone,Electronics ,NextGen Supplies,USA Warehouse,26-03-2023,,,Air, north america,262,170.08,$314.21,44560.96,1699.36,9,7,Cancelled,On-Time
10000,P952,Brake Pads,Automotive ,Vertex Distributors,Brazil Hub,22-06-2024,,,Air,South America,202,101.88,181.01,20579.76,1058.36,587,6,Returned,On-Time
10012,P914,Sneakers,Furniture,Orion Manufacturing,USA warehouse,28-03-2023,02-04-2023,09-04-2023,Truck,EUROPE,14,252.72,$306.75,3538.08,49.78,74,7,Delayed,Late
10350,P177,Office Chair,apparel,Alpha Traders,USA Warehouse,05-06-2023,11-05-2023,26-05-2023,Truck,Europe,68,299.75,437.04,20383,919.35,898,16,Delayed,Late
10423,P290,Car Battery,Automotive,Orion Manufacturing,Germany Warehouse,07-02-2024,14-02-2024,28-02-2024,Sea,South America,406,7.16,11.72 USD,2906.96,1349.76,985,6,Cancelled,On-Time
10355,P788,Tablet,apparel,Vertex Distributors,USA warehouse,02-04-2024,08-04-2024,13-04-2024,Express,Europe,292,437.11,$502.15,127636.12,184.91,176,18,Delayed,On-Time
10182,P151,Headphones,Electronics,Orion Manufacturing,USA warehouse,04-16-2023,17-04-2023,26-04-2023,Sea,Asia,241,61.97,69.2,14934.77,1256.95,480,20,Cancelled,On-Time
10259,P401,Smartphone,Electronics,Alpha Traders,USA Warehouse,29-10-2023,01-11-2023,15-11-2023,Truck,Asia,11,199.17,341.28 USD,2190.87,205.64,916,20,Shipped,On-Time
10431,P788,Jeans,Automotive,Global Tech Ltd,Brazil Hub,06-03-2024,10-03-2024,20-03-2024,Express,EUROPE,293,399.77,669.14 USD,117132.61,667.6,632,7,Delayed,On-Time
10471,P281,Dining Table,Furniture,Global Tech Ltd,China Hub,09-05-2024,16-05-2024,29-05-2024,Express,EUROPE,452,29.52,33.53,13343.04,684.18,140,2,Cancelled,On-Time
10049,P960,Engine Oil,electronics,Orion Manufacturing,China Hub,10-02-2023,13-02-2023,18-02-2023,Express,North America,251,452.25,753.25 USD,113514.75,1741.48,1,12,Shipped,Late
10378,P722,Chocolate,electronics,Orion Manufacturing,Germany Warehouse,17-02-2023,,,Truck,South America,350,411.5,543.05,144025,594.04,582,1,Cancelled,On-Time
10085,P256,T-shirt,Electronics ,NextGen Supplies,India DC,19-01-2024,21-01-2024,29-01-2024,Truck,EUROPE,440,403.23,749.2,177421.2,942.58,237,20,Returned,On-Time
10099,P608,Laptop,Food,Vertex Distributors,India DC,07-02-2024,14-02-2024,21-02-2024,Sea, north america,485,289.08,$549.08,140203.8,484.79,814,19,Returned,Late
10044,P278,LED TV,Furniture,Delta Exporters,USA Warehouse,08-02-2024,,,Sea,EUROPE,496,122.45,170.16,60735.2,1676.8,843,6,Shipped,On-Time
10298,P280,Jacket,electronics,NextGen Supplies,USA warehouse,25-11-2024,01-12-2024,11-12-2024,Air,South America,159,229.98,419.14 USD,36566.82,644.44,293,13,Cancelled,Late
